transaction_id,timestamp,hour,customer_id,customer_persona,beneficiary_id,amount_inr,upi_app,vpa_domain,merchant_category,city,device_id,device_type,is_new_beneficiary,transactions_last_1h,transactions_last_24h,avg_amount_30d,amount_ratio_vs_30d,device_change,location_change,is_fraud
TX_UPI_100000,2026-08-06 13:05:23,13,CUST_1015,normal,BEN_4846,1597.37,iMobile,@ybl,Grocery,Kolkata,DEV_1153,Android,0,1,3,1235.45,1.29,0,0,0
TX_UPI_100001,2026-08-09 04:25:15,4,CUST_1546,normal,BEN_1560,2418.42,BHIM,@paytm,Grocery,Ahmedabad,DEV_2264,Android,0,1,3,1023.81,2.36,0,0,0
TX_UPI_100002,2026-08-02 04:40:25,4,CUST_1778,normal,BEN_6685,2463.37,iMobile,@sbi,Travel,Bengaluru,DEV_1340,iOS,1,1,5,967.33,2.55,0,0,0
TX_UPI_100003,2026-08-02 18:24:00,18,CUST_1250,normal,BEN_1646,1634.05,Cred,@upi,Utilities,Delhi_NCR,DEV_1358,Android,0,1,3,968.22,1.69,0,0,0
TX_UPI_100004,2026-08-08 17:48:11,17,CUST_1260,normal,BEN_3356,1393.57,BHIM,@paytm,Travel,Mumbai,DEV_2845,iOS,0,1,1,666.02,2.09,0,0,0
TX_UPI_100005,2026-08-06 03:35:20,3,CUST_1706,normal,BEN_4958,750.17,Paytm,@upi,Travel,Pune,DEV_1787,Android,0,1,1,1155.42,0.65,0,0,0
TX_UPI_100006,2026-08-08 23:43:23,23,CUST_1405,normal,BEN_3344,473.58,Paytm,@okaxis,Utilities,Mumbai,DEV_2705,iOS,0,1,1,1431.76,0.33,0,0,0
TX_UPI_100007,2026-08-09 05:24:47,5,CUST_1773,normal,BEN_6140,1019.38,iMobile,@sbi,Utilities,Delhi_NCR,DEV_2850,Android,0,1,4,738.06,1.38,0,0,0
TX_UPI_100008,2026-08-04 13:57:25,13,CUST_1334,normal,BEN_5418,764.49,iMobile,@upi,Utilities,Delhi_NCR,DEV_1270,Android,0,1,4,803.76,0.95,0,0,0
TX_UPI_100009,2026-08-06 20:20:54,20,CUST_1825,normal,BEN_1616,1500.56,Paytm,@sbi,Peer_to_Peer,Chennai,DEV_1959,Android,0,1,2,1009.99,1.49,0,0,0
TX_UPI_100010,2026-08-10 18:21:11,18,CUST_1570,normal,BEN_5395,718.63,Paytm,@okaxis,Peer_to_Peer,Kolkata,DEV_1541,Android,0,1,7,1076.76,0.67,0,0,0
TX_UPI_100011,2026-08-05 12:11:58,12,CUST_1110,normal,BEN_5599,353.83,iMobile,@ybl,Peer_to_Peer,Ahmedabad,DEV_2268,Android,0,1,5,787.0,0.45,0,0,0
TX_UPI_100012,2026-08-04 16:01:09,16,CUST_1664,normal,BEN_1304,1367.09,BHIM,@okaxis,Utilities,Delhi_NCR,DEV_2937,Android,0,1,1,761.24,1.8,0,0,0
TX_UPI_100013,2026-08-05 12:03:53,12,CUST_1686,normal,BEN_4398,1357.49,iMobile,@sbi,Travel,Kolkata,DEV_2813,Android,0,1,5,1121.13,1.21,0,0,0
TX_UPI_100014,2026-08-05 11:55:28,11,CUST_1222,normal,BEN_6617,1107.48,BHIM,@upi,Travel,Hyderabad,DEV_1203,iOS,0,1,3,725.15,1.53,0,0,0
TX_UPI_100015,2026-08-02 11:34:53,11,CUST_1465,normal,BEN_3732,624.12,GPay,@sbi,Utilities,Hyderabad,DEV_1103,Android,0,1,3,1333.71,0.47,0,0,0
TX_UPI_100016,2026-08-10 20:49:07,20,CUST_1238,normal,BEN_2185,1474.89,Paytm,@ybl,Grocery,Mumbai,DEV_2758,iOS,0,1,1,1157.78,1.27,0,0,0
TX_UPI_100017,2026-08-05 08:20:44,8,CUST_1808,normal,BEN_3173,891.93,PhonePe,@icici,Peer_to_Peer,Chennai,DEV_1356,Android,0,1,2,1226.8,0.73,0,0,0
TX_UPI_100018,2026-08-05 09:27:05,9,CUST_1525,normal,BEN_6038,2024.8,Cred,@okaxis,Peer_to_Peer,Ahmedabad,DEV_2936,Android,0,1,5,878.59,2.3,0,0,0
TX_UPI_100019,2026-08-01 09:04:23,9,CUST_1062,normal,BEN_6835,952.63,BHIM,@upi,Grocery,Kolkata,DEV_2004,Android,1,1,4,1314.13,0.72,0,0,0
TX_UPI_100020,2026-08-08 13:50:44,13,CUST_1648,normal,BEN_5346,816.66,Cred,@icici,Grocery,Chennai,DEV_2223,iOS,0,1,3,814.48,1.0,0,0,0
TX_UPI_100021,2026-08-08 21:35:35,21,CUST_1787,normal,BEN_2871,243.03,Cred,@sbi,Travel,Hyderabad,DEV_1924,iOS,0,1,5,1405.5,0.17,0,0,0
TX_UPI_100022,2026-08-09 01:43:36,1,CUST_1261,normal,BEN_1699,1142.39,Paytm,@ybl,Grocery,Ahmedabad,DEV_1186,Android,1,1,6,1166.79,0.98,0,0,0
TX_UPI_100023,2026-08-07 19:34:26,19,CUST_1575,normal,BEN_6450,683.9,Paytm,@sbi,Travel,Bengaluru,DEV_1724,iOS,0,1,4,1449.13,0.47,0,0,0
TX_UPI_100024,2026-08-05 06:25:27,6,CUST_1106,normal,BEN_4950,1171.34,Cred,@icici,Travel,Hyderabad,DEV_2344,Android,1,1,7,451.26,2.6,0,0,0
TX_UPI_100025,2026-08-10 19:07:12,19,CUST_1439,normal,BEN_2477,1857.52,Cred,@icici,Utilities,Mumbai,DEV_1059,iOS,0,1,4,1008.24,1.84,0,0,0
TX_UPI_100026,2026-08-07 20:57:10,20,CUST_1673,normal,BEN_5345,1273.41,BHIM,@okaxis,Travel,Delhi_NCR,DEV_1187,Android,0,1,1,1027.28,1.24,0,0,0
TX_UPI_100027,2026-08-07 21:19:24,21,CUST_1610,normal,BEN_6061,1485.69,GPay,@okaxis,Peer_to_Peer,Delhi_NCR,DEV_2545,Android,1,1,6,955.62,1.55,0,0,0
TX_UPI_100028,2026-08-03 14:47:20,14,CUST_1773,normal,BEN_3320,553.21,Cred,@okaxis,Utilities,Chennai,DEV_1227,iOS,0,1,2,1299.7,0.43,0,0,0
TX_UPI_100029,2026-08-08 06:33:57,6,CUST_1056,normal,BEN_2124,1463.0,GPay,@ybl,Peer_to_Peer,Pune,DEV_2571,Android,0,1,2,1203.18,1.22,0,0,0
TX_UPI_100030,2026-08-05 14:44:36,14,CUST_1545,normal,BEN_1346,1277.66,iMobile,@ybl,Peer_to_Peer,Chennai,DEV_1813,Android,0,1,5,911.51,1.4,0,0,0
TX_UPI_100031,2026-08-09 14:39:23,14,CUST_1655,normal,BEN_3660,937.87,BHIM,@paytm,Travel,Bengaluru,DEV_1042,iOS,0,1,3,728.76,1.29,0,0,0
TX_UPI_100032,2026-08-02 06:50:05,6,CUST_1249,normal,BEN_3541,1436.9,BHIM,@icici,Grocery,Kolkata,DEV_1810,Android,0,1,4,1081.23,1.33,0,0,0
TX_UPI_100033,2026-08-03 08:28:42,8,CUST_1794,normal,BEN_2199,1012.33,Paytm,@paytm,Grocery,Delhi_NCR,DEV_1210,Android,0,1,1,979.05,1.03,0,0,0
TX_UPI_100034,2026-08-10 09:06:29,9,CUST_1643,normal,BEN_6138,925.83,BHIM,@upi,Travel,Ahmedabad,DEV_2769,iOS,0,1,2,1041.29,0.89,0,0,0
TX_UPI_100035,2026-08-05 06:30:38,6,CUST_1519,normal,BEN_1466,1523.24,GPay,@paytm,Grocery,Ahmedabad,DEV_1077,iOS,0,1,7,1121.9,1.36,0,0,0
TX_UPI_100036,2026-08-07 03:41:39,3,CUST_1393,normal,BEN_5683,1406.04,BHIM,@icici,Grocery,Mumbai,DEV_2861,iOS,0,1,3,619.49,2.27,0,0,0
TX_UPI_100037,2026-08-10 20:12:40,20,CUST_1351,normal,BEN_6796,1178.79,iMobile,@okaxis,Travel,Delhi_NCR,DEV_1507,Android,0,1,4,1671.18,0.71,0,0,0
TX_UPI_100038,2026-08-05 16:50:35,16,CUST_1418,normal,BEN_3700,1046.11,Paytm,@sbi,Utilities,Mumbai,DEV_1134,iOS,0,1,4,1071.67,0.98,0,0,0
TX_UPI_100039,2026-08-08 01:44:06,1,CUST_1679,normal,BEN_5874,265.06,PhonePe,@paytm,Travel,Pune,DEV_1264,iOS,1,1,6,1260.46,0.21,0,0,0
TX_UPI_100040,2026-08-09 03:11:07,3,CUST_1719,normal,BEN_3964,1832.83,iMobile,@sbi,Peer_to_Peer,Bengaluru,DEV_2041,iOS,0,1,2,1416.67,1.29,0,0,0
TX_UPI_100041,2026-08-02 16:04:07,16,CUST_1158,normal,BEN_3758,78.52,GPay,@paytm,Utilities,Bengaluru,DEV_2355,Android,0,1,5,1605.71,0.05,0,0,0
TX_UPI_100042,2026-08-10 08:35:54,8,CUST_1639,normal,BEN_3984,407.57,PhonePe,@sbi,Peer_to_Peer,Ahmedabad,DEV_1841,Android,0,1,2,1103.92,0.37,0,0,0
TX_UPI_100043,2026-08-03 21:39:46,21,CUST_1316,normal,BEN_3308,797.22,BHIM,@ybl,Utilities,Chennai,DEV_1945,iOS,0,1,1,1096.46,0.73,0,0,0
TX_UPI_100044,2026-08-02 16:18:41,16,CUST_1256,normal,BEN_1840,350.16,GPay,@sbi,Utilities,Ahmedabad,DEV_2135,iOS,0,1,4,859.34,0.41,0,0,0
TX_UPI_100045,2026-08-07 05:31:29,5,CUST_1150,normal,BEN_3863,2439.95,BHIM,@okaxis,Peer_to_Peer,Hyderabad,DEV_2811,iOS,0,1,2,1002.71,2.43,0,0,0
TX_UPI_100046,2026-08-05 13:12:04,13,CUST_1229,normal,BEN_2196,1850.81,GPay,@paytm,Utilities,Bengaluru,DEV_2620,iOS,0,1,1,1134.59,1.63,0,0,0
TX_UPI_100047,2026-08-06 16:38:17,16,CUST_1459,normal,BEN_2766,2245.71,Cred,@okaxis,Grocery,Bengaluru,DEV_1524,Android,0,1,1,1124.31,2.0,0,0,0
TX_UPI_100048,2026-08-03 21:13:03,21,CUST_1308,normal,BEN_6102,1407.91,GPay,@okaxis,Grocery,Hyderabad,DEV_2308,iOS,1,1,5,783.13,1.8,0,0,0
TX_UPI_100049,2026-08-07 23:29:40,23,CUST_1247,normal,BEN_6036,143.63,iMobile,@ybl,Travel,Pune,DEV_1003,iOS,0,1,5,1151.28,0.12,0,0,0
TX_UPI_100050,2026-08-07 09:13:33,9,CUST_1557,normal,BEN_4851,1400.39,Cred,@icici,Travel,Mumbai,DEV_2788,iOS,0,1,4,916.79,1.53,0,0,0
TX_UPI_100051,2026-08-05 04:25:51,4,CUST_1246,normal,BEN_1363,1385.8,iMobile,@sbi,Peer_to_Peer,Bengaluru,DEV_1273,iOS,0,1,4,908.56,1.53,0,0,0
TX_UPI_100052,2026-08-06 19:22:56,19,CUST_1646,normal,BEN_3403,2692.62,PhonePe,@ybl,Travel,Bengaluru,DEV_1075,iOS,0,1,4,794.09,3.39,0,0,0
TX_UPI_100053,2026-08-10 21:30:15,21,CUST_1556,normal,BEN_3924,1725.24,BHIM,@paytm,Travel,Mumbai,DEV_1585,Android,1,1,2,1268.9,1.36,0,0,0
TX_UPI_100054,2026-08-05 20:30:53,20,CUST_1761,normal,BEN_6669,2126.88,BHIM,@upi,Peer_to_Peer,Chennai,DEV_2016,Android,0,1,2,1311.21,1.62,0,0,0
TX_UPI_100055,2026-08-08 07:28:38,7,CUST_1184,normal,BEN_3686,1530.22,Cred,@paytm,Peer_to_Peer,Chennai,DEV_1163,Android,0,1,5,1535.23,1.0,0,0,0
TX_UPI_100056,2026-08-01 12:20:12,12,CUST_1744,normal,BEN_1469,1003.69,Paytm,@icici,Utilities,Kolkata,DEV_2309,iOS,0,1,2,866.52,1.16,0,0,0
TX_UPI_100057,2026-08-02 17:35:15,17,CUST_1622,normal,BEN_2933,547.35,iMobile,@upi,Utilities,Mumbai,DEV_1137,Android,0,1,3,1161.88,0.47,0,0,0
TX_UPI_100058,2026-08-05 12:03:04,12,CUST_1380,normal,BEN_3575,1421.35,BHIM,@okaxis,Peer_to_Peer,Delhi_NCR,DEV_1815,iOS,0,1,5,1083.12,1.31,0,0,0
TX_UPI_100059,2026-08-07 19:35:56,19,CUST_1120,normal,BEN_3339,2362.83,Paytm,@paytm,Grocery,Ahmedabad,DEV_2253,Android,0,1,3,1732.84,1.36,0,0,0
TX_UPI_100060,2026-08-09 15:47:02,15,CUST_1455,normal,BEN_1531,1700.53,GPay,@sbi,Utilities,Chennai,DEV_2453,iOS,0,1,2,822.99,2.07,0,0,0
TX_UPI_100061,2026-08-07 04:11:09,4,CUST_1229,normal,BEN_5047,1585.98,GPay,@ybl,Utilities,Delhi_NCR,DEV_2618,Android,0,1,3,1251.36,1.27,0,0,0
TX_UPI_100062,2026-08-02 01:06:43,1,CUST_1067,normal,BEN_4354,1578.59,Paytm,@upi,Peer_to_Peer,Ahmedabad,DEV_2575,iOS,1,1,3,876.77,1.8,0,0,0
TX_UPI_100063,2026-08-07 06:41:31,6,CUST_1352,normal,BEN_5119,10.0,PhonePe,@icici,Utilities,Delhi_NCR,DEV_1886,Android,1,1,3,1285.54,0.01,0,0,0
TX_UPI_100064,2026-08-09 14:36:28,14,CUST_1230,normal,BEN_2608,1371.27,Paytm,@icici,Grocery,Pune,DEV_1513,Android,0,1,1,1121.56,1.22,0,0,0
TX_UPI_100065,2026-08-03 01:07:07,1,CUST_1606,normal,BEN_5617,1508.25,Cred,@ybl,Travel,Delhi_NCR,DEV_2725,iOS,0,1,2,1116.89,1.35,0,0,0
TX_UPI_100066,2026-08-10 07:23:34,7,CUST_1585,normal,BEN_6137,1246.57,BHIM,@icici,Peer_to_Peer,Mumbai,DEV_2820,iOS,0,1,1,1165.87,1.07,0,0,0
TX_UPI_100067,2026-08-01 21:15:17,21,CUST_1705,normal,BEN_4804,1648.63,GPay,@ybl,Travel,Ahmedabad,DEV_1991,iOS,0,1,6,1332.91,1.24,0,0,0
TX_UPI_100068,2026-08-02 14:05:18,14,CUST_1778,normal,BEN_4821,97.86,Paytm,@icici,Peer_to_Peer,Bengaluru,DEV_1495,iOS,0,1,2,1203.61,0.08,0,0,0
TX_UPI_100069,2026-08-06 01:47:26,1,CUST_1254,normal,BEN_2305,1611.03,PhonePe,@paytm,Grocery,Chennai,DEV_2562,Android,0,1,5,2004.66,0.8,0,0,0
TX_UPI_100070,2026-08-05 18:32:24,18,CUST_1517,normal,BEN_1414,1656.71,BHIM,@ybl,Travel,Hyderabad,DEV_1099,iOS,0,1,6,1308.96,1.27,0,0,0
TX_UPI_100071,2026-08-02 07:18:38,7,CUST_1441,normal,BEN_1370,1721.11,PhonePe,@paytm,Grocery,Chennai,DEV_1749,iOS,0,1,3,1262.15,1.36,0,0,0
TX_UPI_100072,2026-08-06 11:10:30,11,CUST_1782,normal,BEN_1792,581.74,Cred,@paytm,Utilities,Bengaluru,DEV_2996,Android,0,1,3,963.51,0.6,0,0,0
TX_UPI_100073,2026-08-07 04:17:33,4,CUST_1411,normal,BEN_6845,1265.5,Cred,@okaxis,Utilities,Mumbai,DEV_1280,Android,0,1,8,631.86,2.0,0,0,0
TX_UPI_100074,2026-08-08 10:34:08,10,CUST_1326,normal,BEN_5175,1749.01,PhonePe,@upi,Travel,Pune,DEV_2038,iOS,0,1,1,966.74,1.81,0,0,0
TX_UPI_100075,2026-08-02 07:55:28,7,CUST_1426,normal,BEN_6370,2071.16,Cred,@paytm,Peer_to_Peer,Mumbai,DEV_1543,iOS,0,1,4,821.34,2.52,0,0,0
TX_UPI_100076,2026-08-08 15:13:00,15,CUST_1738,normal,BEN_5690,627.76,Cred,@upi,Utilities,Delhi_NCR,DEV_1064,Android,1,1,5,904.71,0.69,1,0,0
TX_UPI_100077,2026-08-03 11:23:15,11,CUST_1420,normal,BEN_2131,1373.17,Cred,@icici,Peer_to_Peer,Ahmedabad,DEV_2445,Android,0,1,4,923.62,1.49,0,0,0
TX_UPI_100078,2026-08-03 02:26:34,2,CUST_1470,normal,BEN_4966,2915.16,Cred,@paytm,Travel,Chennai,DEV_2249,iOS,0,1,5,593.97,4.91,0,0,0
TX_UPI_100079,2026-08-09 13:19:02,13,CUST_1212,normal,BEN_3857,1349.16,iMobile,@sbi,Peer_to_Peer,Ahmedabad,DEV_1982,iOS,0,1,2,1284.58,1.05,0,0,0
TX_UPI_100080,2026-08-05 18:54:57,18,CUST_1353,normal,BEN_6850,565.98,PhonePe,@paytm,Utilities,Mumbai,DEV_2956,iOS,0,1,3,1201.2,0.47,0,0,0
TX_UPI_100081,2026-08-07 12:52:19,12,CUST_1277,normal,BEN_6043,1892.6,Cred,@sbi,Utilities,Pune,DEV_1223,Android,0,1,1,999.72,1.89,0,0,0
TX_UPI_100082,2026-08-01 15:17:20,15,CUST_1102,normal,BEN_2126,820.04,BHIM,@paytm,Peer_to_Peer,Ahmedabad,DEV_2395,Android,0,1,2,1503.71,0.55,0,0,0
TX_UPI_100083,2026-08-03 10:05:44,10,CUST_1774,normal,BEN_1732,1523.99,Paytm,@paytm,Grocery,Pune,DEV_2859,Android,0,1,1,1300.29,1.17,0,0,0
TX_UPI_100084,2026-08-03 02:59:28,2,CUST_1427,mule,BEN_3371,77443.12,PhonePe,@okaxis,Electronics,Kolkata,DEV_1381,iOS,1,1,35,22383.78,3.46,1,1,1
TX_UPI_100085,2026-08-08 18:47:44,18,CUST_1556,normal,BEN_2579,812.61,Cred,@upi,Utilities,Delhi_NCR,DEV_1558,iOS,0,1,6,910.16,0.89,0,0,0
TX_UPI_100086,2026-08-05 02:11:27,2,CUST_1809,normal,BEN_6232,1555.06,Paytm,@icici,Grocery,Hyderabad,DEV_2251,Android,0,1,5,857.54,1.81,0,0,0
TX_UPI_100087,2026-08-02 16:57:22,16,CUST_1488,normal,BEN_2929,1152.38,Paytm,@ybl,Grocery,Mumbai,DEV_1785,iOS,0,1,1,834.15,1.38,0,0,0
TX_UPI_100088,2026-08-05 08:43:37,8,CUST_1709,normal,BEN_2308,997.95,PhonePe,@okaxis,Travel,Bengaluru,DEV_1628,iOS,0,1,1,1471.78,0.68,0,0,0
TX_UPI_100089,2026-08-08 18:02:17,18,CUST_1302,normal,BEN_2094,55.89,Paytm,@icici,Peer_to_Peer,Hyderabad,DEV_2960,Android,0,1,3,1111.38,0.05,0,0,0
TX_UPI_100090,2026-08-10 17:35:52,17,CUST_1680,normal,BEN_6765,2353.02,PhonePe,@ybl,Utilities,Bengaluru,DEV_2081,iOS,0,1,1,1359.16,1.73,0,0,0
TX_UPI_100091,2026-08-02 19:38:51,19,CUST_1168,normal,BEN_2682,1208.19,Paytm,@icici,Grocery,Ahmedabad,DEV_2393,Android,0,1,2,1190.9,1.01,0,0,0
TX_UPI_100092,2026-08-07 05:29:39,5,CUST_1425,normal,BEN_3524,1359.25,BHIM,@icici,Grocery,Mumbai,DEV_2377,iOS,0,1,2,1096.75,1.24,0,0,0
TX_UPI_100093,2026-08-05 04:21:04,4,CUST_1717,normal,BEN_4867,891.75,GPay,@icici,Peer_to_Peer,Mumbai,DEV_2912,Android,0,1,4,1238.91,0.72,0,0,0
TX_UPI_100094,2026-08-05 15:24:18,15,CUST_1459,normal,BEN_3848,2468.81,BHIM,@upi,Utilities,Bengaluru,DEV_2338,Android,0,1,1,1591.93,1.55,0,0,0
TX_UPI_100095,2026-08-10 04:15:11,4,CUST_1023,normal,BEN_2881,10.0,Paytm,@upi,Grocery,Kolkata,DEV_2686,iOS,0,1,3,1221.2,0.01,0,0,0
TX_UPI_100096,2026-08-09 00:17:47,0,CUST_1429,normal,BEN_1826,1424.79,Cred,@okaxis,Utilities,Hyderabad,DEV_1137,Android,0,1,2,1030.05,1.38,0,0,0
TX_UPI_100097,2026-08-05 21:10:05,21,CUST_1449,normal,BEN_5127,805.6,PhonePe,@icici,Travel,Hyderabad,DEV_1286,Android,0,1,2,1283.9,0.63,0,0,0
TX_UPI_100098,2026-08-02 17:43:39,17,CUST_1676,normal,BEN_1499,1485.61,Cred,@ybl,Peer_to_Peer,Kolkata,DEV_1563,iOS,0,1,2,1295.9,1.15,0,0,0
TX_UPI_100099,2026-08-01 13:39:21,13,CUST_1352,normal,BEN_4410,1445.84,iMobile,@sbi,Utilities,Kolkata,DEV_2426,iOS,0,1,5,1231.11,1.17,0,0,0
TX_UPI_100100,2026-08-04 15:35:44,15,CUST_1724,normal,BEN_4412,536.8,PhonePe,@upi,Grocery,Mumbai,DEV_2982,iOS,0,1,2,1259.35,0.43,0,0,0
TX_UPI_100101,2026-08-05 12:05:02,12,CUST_1094,normal,BEN_4089,1688.3,Cred,@sbi,Utilities,Hyderabad,DEV_1549,Android,0,1,3,1108.16,1.52,0,0,0
TX_UPI_100102,2026-08-05 00:58:58,0,CUST_1310,normal,BEN_4923,2222.13,GPay,@ybl,Utilities,Hyderabad,DEV_2529,Android,0,1,2,1211.3,1.83,0,0,0
TX_UPI_100103,2026-08-10 09:53:05,9,CUST_1289,normal,BEN_3946,1038.25,BHIM,@upi,Peer_to_Peer,Chennai,DEV_1535,iOS,0,1,3,1343.71,0.77,0,0,0
TX_UPI_100104,2026-08-04 21:16:28,21,CUST_1208,normal,BEN_2812,1860.33,Paytm,@paytm,Peer_to_Peer,Kolkata,DEV_2152,Android,1,1,5,1393.31,1.34,0,0,0
TX_UPI_100105,2026-08-03 09:08:41,9,CUST_1337,normal,BEN_6362,1216.8,PhonePe,@upi,Peer_to_Peer,Hyderabad,DEV_2127,iOS,0,1,5,1005.54,1.21,0,0,0
TX_UPI_100106,2026-08-09 21:26:07,21,CUST_1814,normal,BEN_5441,1459.33,Paytm,@ybl,Grocery,Delhi_NCR,DEV_1376,iOS,0,1,3,1103.28,1.32,0,0,0
TX_UPI_100107,2026-08-09 02:37:54,2,CUST_1049,normal,BEN_6793,1676.13,GPay,@upi,Peer_to_Peer,Delhi_NCR,DEV_1139,Android,0,1,2,1582.17,1.06,0,0,0
TX_UPI_100108,2026-08-01 04:34:55,4,CUST_1006,normal,BEN_5336,395.19,Cred,@icici,Peer_to_Peer,Kolkata,DEV_1034,Android,0,1,1,1357.95,0.29,0,0,0
TX_UPI_100109,2026-08-03 04:12:54,4,CUST_1109,normal,BEN_6077,1833.33,GPay,@icici,Travel,Delhi_NCR,DEV_1393,Android,0,1,5,1230.8,1.49,0,0,0
TX_UPI_100110,2026-08-06 13:41:34,13,CUST_1578,normal,BEN_1660,1190.2,PhonePe,@sbi,Peer_to_Peer,Hyderabad,DEV_2400,iOS,0,1,2,1098.19,1.08,0,0,0
TX_UPI_100111,2026-08-06 18:38:47,18,CUST_1057,normal,BEN_4554,658.27,iMobile,@okaxis,Grocery,Delhi_NCR,DEV_2023,Android,0,1,5,1044.71,0.63,0,0,0
TX_UPI_100112,2026-08-09 09:38:36,9,CUST_1580,normal,BEN_3296,539.6,BHIM,@paytm,Travel,Mumbai,DEV_2401,Android,0,1,3,1179.1,0.46,0,0,0
TX_UPI_100113,2026-08-03 12:20:21,12,CUST_1601,normal,BEN_2330,749.02,PhonePe,@sbi,Travel,Kolkata,DEV_1612,Android,0,1,2,1138.48,0.66,0,0,0
TX_UPI_100114,2026-08-09 23:27:59,23,CUST_1143,normal,BEN_1800,1395.97,iMobile,@sbi,Peer_to_Peer,Bengaluru,DEV_1109,iOS,0,1,2,966.95,1.44,0,0,0
TX_UPI_100115,2026-08-04 23:03:50,23,CUST_1030,normal,BEN_3914,1385.64,iMobile,@paytm,Peer_to_Peer,Ahmedabad,DEV_1467,iOS,0,1,1,742.21,1.87,0,0,0
TX_UPI_100116,2026-08-08 12:11:05,12,CUST_1302,normal,BEN_2263,625.24,PhonePe,@sbi,Travel,Bengaluru,DEV_1548,Android,0,1,3,1154.62,0.54,0,0,0
TX_UPI_100117,2026-08-01 01:30:47,1,CUST_1315,normal,BEN_1715,2380.28,BHIM,@paytm,Grocery,Pune,DEV_1271,Android,0,1,5,1041.61,2.29,0,0,0
TX_UPI_100118,2026-08-07 17:25:41,17,CUST_1095,normal,BEN_3390,1184.79,Cred,@icici,Utilities,Chennai,DEV_1025,iOS,0,1,1,1075.56,1.1,0,0,0
TX_UPI_100119,2026-08-03 01:23:40,1,CUST_1701,normal,BEN_3198,969.07,BHIM,@ybl,Peer_to_Peer,Delhi_NCR,DEV_1616,iOS,1,1,4,881.46,1.1,0,0,0
TX_UPI_100120,2026-08-05 09:11:06,9,CUST_1257,normal,BEN_1876,1615.48,PhonePe,@sbi,Peer_to_Peer,Ahmedabad,DEV_1937,Android,1,1,7,1053.9,1.53,0,0,0
TX_UPI_100121,2026-08-04 23:59:09,23,CUST_1450,normal,BEN_5941,1521.37,Paytm,@upi,Travel,Delhi_NCR,DEV_1656,iOS,0,1,5,983.71,1.55,0,0,0
TX_UPI_100122,2026-08-09 10:25:16,10,CUST_1648,normal,BEN_3296,1379.27,BHIM,@icici,Utilities,Hyderabad,DEV_1770,iOS,0,1,4,1103.44,1.25,0,0,0
TX_UPI_100123,2026-08-07 16:13:40,16,CUST_1027,normal,BEN_3386,581.59,iMobile,@upi,Peer_to_Peer,Hyderabad,DEV_2633,iOS,1,1,4,1199.52,0.48,0,0,0
TX_UPI_100124,2026-08-04 16:12:23,16,CUST_1247,normal,BEN_4088,2360.91,Paytm,@sbi,Peer_to_Peer,Delhi_NCR,DEV_2616,iOS,0,1,5,1596.76,1.48,0,0,0
TX_UPI_100125,2026-08-10 14:18:50,14,CUST_1368,mule,BEN_3033,19653.05,iMobile,@icici,Jewelry,Bengaluru,DEV_2574,Android,1,2,33,32600.05,0.6,1,1,1
TX_UPI_100126,2026-08-05 20:23:49,20,CUST_1770,normal,BEN_3119,2951.84,Paytm,@upi,Utilities,Bengaluru,DEV_1201,Android,0,1,2,878.47,3.36,0,0,0
TX_UPI_100127,2026-08-05 17:55:33,17,CUST_1474,normal,BEN_4954,720.49,iMobile,@icici,Utilities,Delhi_NCR,DEV_1050,iOS,0,1,1,953.82,0.76,0,0,0
TX_UPI_100128,2026-08-05 03:55:31,3,CUST_1466,normal,BEN_1799,592.69,PhonePe,@icici,Grocery,Ahmedabad,DEV_1975,iOS,0,1,4,1162.02,0.51,0,0,0
TX_UPI_100129,2026-08-05 03:55:43,3,CUST_1663,normal,BEN_2429,2700.94,GPay,@sbi,Peer_to_Peer,Delhi_NCR,DEV_2056,Android,0,1,5,941.54,2.87,0,0,0
TX_UPI_100130,2026-08-03 06:17:20,6,CUST_1655,normal,BEN_6030,481.27,iMobile,@upi,Utilities,Kolkata,DEV_2510,Android,0,1,4,763.14,0.63,0,1,0
TX_UPI_100131,2026-08-10 03:07:50,3,CUST_1720,normal,BEN_3670,2665.17,GPay,@icici,Travel,Bengaluru,DEV_1749,Android,1,1,6,967.4,2.75,0,0,0
TX_UPI_100132,2026-08-08 10:03:23,10,CUST_1401,normal,BEN_4750,10.0,Cred,@okaxis,Grocery,Chennai,DEV_2731,iOS,0,1,6,1052.51,0.01,0,0,0
TX_UPI_100133,2026-08-04 19:13:19,19,CUST_1120,normal,BEN_6680,2190.25,PhonePe,@paytm,Peer_to_Peer,Bengaluru,DEV_1764,Android,0,1,1,936.15,2.34,0,0,0
TX_UPI_100134,2026-08-08 17:06:11,17,CUST_1550,normal,BEN_3366,1204.19,iMobile,@sbi,Travel,Delhi_NCR,DEV_2002,Android,0,1,4,971.98,1.24,0,0,0
TX_UPI_100135,2026-08-06 21:09:09,21,CUST_1139,normal,BEN_5028,1698.28,PhonePe,@upi,Grocery,Ahmedabad,DEV_2402,iOS,0,1,1,1045.83,1.62,0,0,0
TX_UPI_100136,2026-08-03 16:14:01,16,CUST_1299,normal,BEN_4746,1296.24,GPay,@paytm,Grocery,Hyderabad,DEV_1344,iOS,0,1,5,1250.79,1.04,0,0,0
TX_UPI_100137,2026-08-07 14:11:28,14,CUST_1375,normal,BEN_1838,300.29,Cred,@okaxis,Grocery,Ahmedabad,DEV_1870,Android,0,1,1,1386.64,0.22,0,0,0
TX_UPI_100138,2026-08-05 05:31:49,5,CUST_1089,normal,BEN_5816,1465.85,BHIM,@okaxis,Utilities,Hyderabad,DEV_2660,Android,0,1,2,1452.28,1.01,0,0,0
TX_UPI_100139,2026-08-10 20:57:27,20,CUST_1211,normal,BEN_5413,1292.54,GPay,@icici,Grocery,Chennai,DEV_2222,iOS,0,1,6,1096.2,1.18,0,0,0
TX_UPI_100140,2026-08-10 02:28:50,2,CUST_1804,normal,BEN_2087,2848.6,BHIM,@okaxis,Peer_to_Peer,Pune,DEV_2436,Android,0,1,7,1020.25,2.79,0,0,0
TX_UPI_100141,2026-08-08 00:11:14,0,CUST_1647,normal,BEN_1618,1977.26,Paytm,@sbi,Travel,Kolkata,DEV_1925,iOS,0,1,5,1408.47,1.4,0,0,0
TX_UPI_100142,2026-08-05 11:29:59,11,CUST_1465,normal,BEN_4755,428.06,BHIM,@paytm,Peer_to_Peer,Mumbai,DEV_2496,Android,0,1,5,1334.02,0.32,0,0,0
TX_UPI_100143,2026-08-06 05:08:33,5,CUST_1216,normal,BEN_5483,10.0,BHIM,@paytm,Grocery,Chennai,DEV_1691,iOS,0,1,1,590.58,0.02,0,0,0
TX_UPI_100144,2026-08-08 14:23:16,14,CUST_1802,normal,BEN_4739,984.47,BHIM,@okaxis,Utilities,Bengaluru,DEV_1903,Android,0,1,5,1440.57,0.68,0,0,0
TX_UPI_100145,2026-08-04 15:55:28,15,CUST_1162,normal,BEN_4046,1259.28,Paytm,@okaxis,Utilities,Chennai,DEV_1168,iOS,0,1,7,748.78,1.68,0,0,0
TX_UPI_100146,2026-08-02 02:33:49,2,CUST_1720,normal,BEN_2087,10.0,GPay,@okaxis,Travel,Hyderabad,DEV_1159,iOS,0,1,3,1172.18,0.01,0,1,0
TX_UPI_100147,2026-08-06 03:00:28,3,CUST_1710,normal,BEN_1731,1173.84,PhonePe,@upi,Utilities,Bengaluru,DEV_1784,Android,1,1,1,1058.61,1.11,0,0,0
TX_UPI_100148,2026-08-10 20:54:38,20,CUST_1771,normal,BEN_5614,156.42,PhonePe,@sbi,Utilities,Delhi_NCR,DEV_2086,Android,0,1,5,1167.98,0.13,0,0,0
TX_UPI_100149,2026-08-08 11:26:42,11,CUST_1703,normal,BEN_2008,448.1,BHIM,@ybl,Utilities,Bengaluru,DEV_1286,Android,0,1,2,825.79,0.54,0,0,0
TX_UPI_100150,2026-08-08 19:45:33,19,CUST_1086,normal,BEN_6393,1149.86,PhonePe,@icici,Peer_to_Peer,Pune,DEV_2736,Android,0,1,5,843.43,1.36,0,0,0
TX_UPI_100151,2026-08-01 15:53:39,15,CUST_1802,normal,BEN_5092,1603.24,PhonePe,@upi,Travel,Kolkata,DEV_1493,Android,1,1,2,889.71,1.8,0,1,0
TX_UPI_100152,2026-08-02 14:26:34,14,CUST_1396,normal,BEN_4858,1114.38,Cred,@upi,Travel,Chennai,DEV_2562,Android,0,1,1,947.12,1.18,1,0,0
TX_UPI_100153,2026-08-01 17:36:46,17,CUST_1808,normal,BEN_6749,241.7,BHIM,@icici,Grocery,Pune,DEV_1867,iOS,0,1,7,1088.46,0.22,0,0,0
TX_UPI_100154,2026-08-07 04:55:41,4,CUST_1208,normal,BEN_6196,640.22,PhonePe,@icici,Peer_to_Peer,Chennai,DEV_2201,iOS,0,1,4,1053.04,0.61,0,0,0
TX_UPI_100155,2026-08-03 21:30:29,21,CUST_1059,normal,BEN_6015,1023.22,PhonePe,@okaxis,Grocery,Kolkata,DEV_1928,Android,0,1,5,1261.8,0.81,0,0,0
TX_UPI_100156,2026-08-02 15:57:56,15,CUST_1718,normal,BEN_5237,775.6,GPay,@ybl,Travel,Ahmedabad,DEV_2071,iOS,0,1,2,1013.99,0.76,0,0,0
TX_UPI_100157,2026-08-02 10:23:11,10,CUST_1789,normal,BEN_1523,10.0,GPay,@paytm,Travel,Kolkata,DEV_2072,iOS,0,1,1,1408.05,0.01,0,0,0
TX_UPI_100158,2026-08-07 21:07:03,21,CUST_1170,normal,BEN_5701,2515.97,Paytm,@ybl,Grocery,Pune,DEV_2831,Android,1,1,3,1218.37,2.07,0,1,0
TX_UPI_100159,2026-08-06 17:24:41,17,CUST_1372,normal,BEN_6849,1449.0,BHIM,@ybl,Travel,Delhi_NCR,DEV_2132,Android,0,1,10,1348.7,1.07,0,0,0
TX_UPI_100160,2026-08-01 22:41:10,22,CUST_1585,normal,BEN_5225,1097.67,Paytm,@okaxis,Travel,Mumbai,DEV_1457,Android,0,1,2,694.45,1.58,0,0,0
TX_UPI_100161,2026-08-04 18:29:50,18,CUST_1335,normal,BEN_2643,1362.77,GPay,@icici,Travel,Ahmedabad,DEV_1755,Android,0,1,2,738.66,1.84,0,0,0
TX_UPI_100162,2026-08-06 23:42:06,23,CUST_1791,normal,BEN_4359,682.74,PhonePe,@sbi,Grocery,Hyderabad,DEV_1013,Android,0,1,1,1484.91,0.46,0,0,0
TX_UPI_100163,2026-08-01 00:25:33,0,CUST_1777,normal,BEN_5340,1905.31,iMobile,@upi,Utilities,Pune,DEV_1420,Android,0,1,3,1435.19,1.33,0,0,0
TX_UPI_100164,2026-08-02 03:05:45,3,CUST_1044,normal,BEN_1695,1261.89,PhonePe,@icici,Grocery,Kolkata,DEV_1938,iOS,0,1,2,1445.55,0.87,0,0,0
TX_UPI_100165,2026-08-02 14:04:17,14,CUST_1242,normal,BEN_3672,1631.13,Paytm,@paytm,Grocery,Chennai,DEV_2435,iOS,0,1,1,1034.32,1.58,0,0,0
TX_UPI_100166,2026-08-02 23:52:39,23,CUST_1460,normal,BEN_3935,499.51,BHIM,@paytm,Grocery,Kolkata,DEV_2097,Android,0,1,1,1302.28,0.38,0,0,0
TX_UPI_100167,2026-08-10 19:13:46,19,CUST_1702,normal,BEN_3685,2727.53,Paytm,@sbi,Grocery,Mumbai,DEV_2711,Android,0,1,1,1215.11,2.24,0,0,0
TX_UPI_100168,2026-08-04 03:46:44,3,CUST_1178,normal,BEN_4785,679.49,GPay,@upi,Utilities,Ahmedabad,DEV_1193,Android,0,1,3,937.83,0.72,0,0,0
TX_UPI_100169,2026-08-10 23:54:44,23,CUST_1410,normal,BEN_1614,508.81,Paytm,@sbi,Utilities,Bengaluru,DEV_2878,iOS,1,1,4,880.57,0.58,0,0,0
TX_UPI_100170,2026-08-10 19:36:19,19,CUST_1339,normal,BEN_5701,1416.37,GPay,@okaxis,Peer_to_Peer,Ahmedabad,DEV_1344,Android,0,1,3,1022.65,1.38,0,0,0
TX_UPI_100171,2026-08-03 14:32:26,14,CUST_1191,normal,BEN_6030,473.95,Paytm,@paytm,Peer_to_Peer,Ahmedabad,DEV_1070,Android,0,1,2,1261.29,0.38,0,0,0
TX_UPI_100172,2026-08-04 09:29:26,9,CUST_1392,normal,BEN_5453,1600.73,PhonePe,@upi,Peer_to_Peer,Hyderabad,DEV_2291,Android,0,1,2,1103.84,1.45,0,0,0
TX_UPI_100173,2026-08-07 20:45:28,20,CUST_1514,normal,BEN_3612,1801.11,Paytm,@upi,Peer_to_Peer,Pune,DEV_1053,Android,1,1,1,1210.41,1.49,0,0,0
TX_UPI_100174,2026-08-10 07:21:32,7,CUST_1598,suspicious,BEN_2975,16072.77,PhonePe,@ybl,Jewelry,Bengaluru,DEV_2345,Android,0,1,22,21078.4,0.76,0,1,1
TX_UPI_100175,2026-08-10 16:15:24,16,CUST_1397,normal,BEN_3605,10.0,Paytm,@ybl,Travel,Delhi_NCR,DEV_2213,Android,0,1,1,1091.54,0.01,0,1,0
TX_UPI_100176,2026-08-07 20:09:44,20,CUST_1145,normal,BEN_5017,1407.78,Cred,@ybl,Peer_to_Peer,Ahmedabad,DEV_1359,iOS,1,1,2,1233.26,1.14,0,1,0
TX_UPI_100177,2026-08-08 10:52:46,10,CUST_1206,normal,BEN_1179,10.0,PhonePe,@paytm,Travel,Delhi_NCR,DEV_1121,iOS,0,1,3,789.36,0.01,0,0,0
TX_UPI_100178,2026-08-05 12:48:58,12,CUST_1721,normal,BEN_3642,678.53,iMobile,@upi,Peer_to_Peer,Bengaluru,DEV_1618,iOS,0,1,4,873.5,0.78,0,0,0
TX_UPI_100179,2026-08-03 02:44:24,2,CUST_1724,normal,BEN_5824,892.36,Cred,@sbi,Utilities,Chennai,DEV_2363,Android,0,1,6,941.55,0.95,0,0,0
TX_UPI_100180,2026-08-09 12:28:29,12,CUST_1586,normal,BEN_3606,1868.55,BHIM,@icici,Peer_to_Peer,Mumbai,DEV_2233,Android,0,1,1,1207.15,1.55,0,0,0
TX_UPI_100181,2026-08-10 01:05:49,1,CUST_1079,normal,BEN_1726,2353.25,PhonePe,@paytm,Grocery,Chennai,DEV_2302,Android,0,1,1,888.75,2.65,0,0,0
TX_UPI_100182,2026-08-04 00:41:02,0,CUST_1709,normal,BEN_1010,1661.66,GPay,@paytm,Peer_to_Peer,Pune,DEV_2475,Android,0,1,3,1169.08,1.42,0,0,0
TX_UPI_100183,2026-08-05 14:18:28,14,CUST_1359,normal,BEN_5735,716.81,Cred,@upi,Grocery,Bengaluru,DEV_2615,iOS,0,1,4,1042.64,0.69,0,0,0
TX_UPI_100184,2026-08-04 20:49:58,20,CUST_1267,normal,BEN_4075,2134.23,GPay,@okaxis,Travel,Chennai,DEV_2818,Android,1,1,4,1161.02,1.84,0,0,0
TX_UPI_100185,2026-08-08 10:44:13,10,CUST_1494,normal,BEN_4556,870.5,iMobile,@okaxis,Travel,Kolkata,DEV_2243,Android,1,1,3,976.19,0.89,0,0,0
TX_UPI_100186,2026-08-04 14:37:27,14,CUST_1243,normal,BEN_1446,1515.56,GPay,@okaxis,Peer_to_Peer,Kolkata,DEV_1314,iOS,0,1,3,1149.55,1.32,0,0,0
TX_UPI_100187,2026-08-01 07:29:45,7,CUST_1211,normal,BEN_1946,2860.32,PhonePe,@sbi,Grocery,Pune,DEV_1969,Android,0,1,5,1001.75,2.86,0,0,0
TX_UPI_100188,2026-08-05 16:52:31,16,CUST_1189,normal,BEN_1365,2160.97,Paytm,@upi,Grocery,Chennai,DEV_1912,Android,0,1,3,590.85,3.66,0,0,0
TX_UPI_100189,2026-08-09 10:51:42,10,CUST_1683,normal,BEN_5831,393.53,GPay,@okaxis,Peer_to_Peer,Chennai,DEV_2988,iOS,1,1,1,995.64,0.4,0,0,0
TX_UPI_100190,2026-08-03 20:38:08,20,CUST_1487,normal,BEN_5679,1214.73,Paytm,@okaxis,Grocery,Kolkata,DEV_2028,Android,0,1,7,1158.46,1.05,0,0,0
TX_UPI_100191,2026-08-06 10:47:32,10,CUST_1177,normal,BEN_4468,1024.72,PhonePe,@ybl,Utilities,Hyderabad,DEV_1087,Android,0,1,5,549.33,1.87,0,0,0
TX_UPI_100192,2026-08-04 03:06:53,3,CUST_1327,normal,BEN_4255,1388.49,iMobile,@okaxis,Grocery,Bengaluru,DEV_2139,iOS,0,1,5,725.14,1.91,0,0,0
TX_UPI_100193,2026-08-08 13:28:43,13,CUST_1601,normal,BEN_2214,2115.0,Cred,@upi,Grocery,Bengaluru,DEV_1306,iOS,0,1,4,980.33,2.16,0,0,0
TX_UPI_100194,2026-08-02 05:24:56,5,CUST_1804,normal,BEN_4137,1706.23,Paytm,@icici,Peer_to_Peer,Chennai,DEV_1540,iOS,0,1,8,1123.65,1.52,0,0,0
TX_UPI_100195,2026-08-08 09:17:01,9,CUST_1697,normal,BEN_3715,1398.58,iMobile,@upi,Travel,Mumbai,DEV_2821,iOS,1,1,3,876.04,1.6,0,0,0
TX_UPI_100196,2026-08-10 22:04:51,22,CUST_1812,normal,BEN_6703,1864.27,Paytm,@paytm,Peer_to_Peer,Pune,DEV_2757,iOS,0,1,2,1097.18,1.7,0,0,0
TX_UPI_100197,2026-08-04 21:27:34,21,CUST_1275,normal,BEN_2731,817.87,iMobile,@upi,Travel,Bengaluru,DEV_1904,Android,0,1,4,1160.08,0.71,0,0,0
TX_UPI_100198,2026-08-07 06:04:59,6,CUST_1810,normal,BEN_5294,2030.03,PhonePe,@okaxis,Grocery,Pune,DEV_1277,iOS,1,1,2,1015.23,2.0,0,0,0
TX_UPI_100199,2026-08-06 12:57:01,12,CUST_1051,normal,BEN_4802,416.99,Paytm,@sbi,Travel,Hyderabad,DEV_1754,iOS,0,1,3,1170.55,0.36,0,1,0
TX_UPI_100200,2026-08-06 09:56:13,9,CUST_1181,normal,BEN_3118,1805.59,BHIM,@icici,Utilities,Chennai,DEV_1334,iOS,0,1,2,1288.71,1.4,0,0,0
TX_UPI_100201,2026-08-10 11:08:31,11,CUST_1219,normal,BEN_6337,2284.51,PhonePe,@sbi,Grocery,Hyderabad,DEV_1551,Android,1,1,4,1530.43,1.49,0,0,0
TX_UPI_100202,2026-08-02 14:32:21,14,CUST_1662,normal,BEN_5983,580.97,PhonePe,@icici,Peer_to_Peer,Mumbai,DEV_1516,Android,0,1,1,653.11,0.89,0,0,0
TX_UPI_100203,2026-08-05 05:34:08,5,CUST_1470,normal,BEN_5265,2396.84,Paytm,@ybl,Travel,Ahmedabad,DEV_2386,iOS,0,1,5,1066.66,2.25,0,0,0
TX_UPI_100204,2026-08-08 04:56:55,4,CUST_1623,normal,BEN_3754,1423.97,Paytm,@paytm,Travel,Bengaluru,DEV_1130,iOS,0,1,1,1666.98,0.85,0,0,0
TX_UPI_100205,2026-08-07 06:40:21,6,CUST_1783,normal,BEN_2146,1303.38,PhonePe,@okaxis,Peer_to_Peer,Kolkata,DEV_2394,iOS,0,1,4,1254.18,1.04,0,0,0
TX_UPI_100206,2026-08-09 22:35:19,22,CUST_1036,normal,BEN_6843,1584.81,Cred,@sbi,Travel,Hyderabad,DEV_2487,iOS,0,1,4,890.29,1.78,0,0,0
TX_UPI_100207,2026-08-03 01:30:43,1,CUST_1673,normal,BEN_2048,1577.17,Cred,@ybl,Travel,Pune,DEV_1964,Android,0,1,7,1402.9,1.12,0,0,0
TX_UPI_100208,2026-08-03 16:44:09,16,CUST_1363,normal,BEN_3714,2474.55,PhonePe,@sbi,Grocery,Pune,DEV_2614,iOS,0,1,2,842.49,2.94,0,0,0
TX_UPI_100209,2026-08-08 01:58:42,1,CUST_1594,normal,BEN_1981,1099.37,Cred,@okaxis,Utilities,Ahmedabad,DEV_2024,Android,0,1,4,1342.61,0.82,0,0,0
TX_UPI_100210,2026-08-03 10:20:26,10,CUST_1350,normal,BEN_6862,10.0,BHIM,@icici,Travel,Ahmedabad,DEV_1647,Android,1,1,7,1042.08,0.01,0,0,0
TX_UPI_100211,2026-08-01 01:22:22,1,CUST_1462,normal,BEN_1721,858.5,Paytm,@ybl,Peer_to_Peer,Delhi_NCR,DEV_2002,Android,0,1,1,682.83,1.26,0,0,0
TX_UPI_100212,2026-08-01 10:59:17,10,CUST_1546,normal,BEN_3639,1858.54,PhonePe,@sbi,Utilities,Chennai,DEV_2826,Android,0,1,4,770.41,2.41,1,1,0
TX_UPI_100213,2026-08-05 04:17:56,4,CUST_1319,normal,BEN_1534,163.94,PhonePe,@okaxis,Travel,Kolkata,DEV_1342,iOS,0,1,3,1480.57,0.11,0,0,0
TX_UPI_100214,2026-08-09 08:02:21,8,CUST_1137,normal,BEN_4304,992.33,Paytm,@upi,Grocery,Chennai,DEV_1337,Android,0,1,1,1021.02,0.97,0,0,0
TX_UPI_100215,2026-08-03 01:13:13,1,CUST_1126,suspicious,BEN_6245,23090.98,Paytm,@sbi,Gaming_Betting,Mumbai,DEV_2795,iOS,1,1,1,24906.81,0.93,1,0,1
TX_UPI_100216,2026-08-01 05:45:00,5,CUST_1049,normal,BEN_2012,1015.25,iMobile,@okaxis,Grocery,Kolkata,DEV_1778,iOS,0,1,5,1523.75,0.67,0,0,0
TX_UPI_100217,2026-08-09 00:43:25,0,CUST_1103,normal,BEN_1859,2101.25,iMobile,@icici,Peer_to_Peer,Pune,DEV_1857,Android,0,1,3,814.43,2.58,0,0,0
TX_UPI_100218,2026-08-03 10:10:52,10,CUST_1796,normal,BEN_4356,3258.69,Paytm,@icici,Peer_to_Peer,Hyderabad,DEV_2440,iOS,1,1,4,1083.34,3.01,0,0,0
TX_UPI_100219,2026-08-01 00:47:51,0,CUST_1013,normal,BEN_1737,1180.7,iMobile,@okaxis,Utilities,Bengaluru,DEV_1305,iOS,1,1,4,1045.35,1.13,0,0,0
TX_UPI_100220,2026-08-04 14:13:21,14,CUST_1270,normal,BEN_1323,741.07,BHIM,@okaxis,Grocery,Bengaluru,DEV_2790,Android,0,1,2,1072.14,0.69,0,0,0
TX_UPI_100221,2026-08-10 04:50:34,4,CUST_1046,normal,BEN_4585,765.26,GPay,@ybl,Travel,Delhi_NCR,DEV_1732,iOS,0,1,2,1105.54,0.69,0,0,0
TX_UPI_100222,2026-08-05 20:44:05,20,CUST_1409,normal,BEN_4454,996.02,BHIM,@paytm,Grocery,Kolkata,DEV_2638,iOS,0,1,7,443.77,2.24,0,0,0
TX_UPI_100223,2026-08-02 22:25:38,22,CUST_1106,normal,BEN_6007,2073.21,BHIM,@icici,Utilities,Ahmedabad,DEV_1371,iOS,0,1,6,582.39,3.56,1,0,0
TX_UPI_100224,2026-08-06 22:10:33,22,CUST_1115,normal,BEN_6365,925.85,BHIM,@upi,Utilities,Mumbai,DEV_1535,Android,0,1,3,742.2,1.25,0,0,0
TX_UPI_100225,2026-08-09 03:06:22,3,CUST_1346,normal,BEN_6952,577.75,Cred,@icici,Grocery,Bengaluru,DEV_2355,iOS,0,1,1,1500.54,0.39,0,0,0
TX_UPI_100226,2026-08-02 21:42:30,21,CUST_1517,normal,BEN_5027,1948.54,BHIM,@upi,Peer_to_Peer,Delhi_NCR,DEV_2538,Android,0,1,6,1253.2,1.55,0,0,0
TX_UPI_100227,2026-08-03 20:26:55,20,CUST_1080,normal,BEN_5083,296.76,BHIM,@upi,Grocery,Ahmedabad,DEV_2754,Android,1,1,2,1197.45,0.25,0,0,0
TX_UPI_100228,2026-08-01 10:26:12,10,CUST_1570,normal,BEN_5164,222.3,Cred,@okaxis,Grocery,Bengaluru,DEV_2822,iOS,0,1,5,1022.32,0.22,0,0,0
TX_UPI_100229,2026-08-06 12:22:15,12,CUST_1339,normal,BEN_4707,900.14,Cred,@icici,Travel,Ahmedabad,DEV_2466,iOS,0,1,5,1186.62,0.76,0,0,0
TX_UPI_100230,2026-08-05 12:54:12,12,CUST_1718,normal,BEN_6872,911.23,GPay,@okaxis,Grocery,Delhi_NCR,DEV_1287,iOS,0,1,6,820.54,1.11,0,0,0
TX_UPI_100231,2026-08-05 18:26:21,18,CUST_1220,normal,BEN_4395,1692.75,BHIM,@ybl,Peer_to_Peer,Chennai,DEV_2550,Android,0,1,5,1005.71,1.68,0,0,0
TX_UPI_100232,2026-08-08 03:39:02,3,CUST_1516,normal,BEN_4545,1460.91,PhonePe,@upi,Utilities,Mumbai,DEV_2133,Android,0,1,1,1301.77,1.12,0,0,0
TX_UPI_100233,2026-08-03 02:34:45,2,CUST_1748,normal,BEN_4151,1052.08,PhonePe,@okaxis,Peer_to_Peer,Kolkata,DEV_2032,iOS,0,1,2,1331.76,0.79,0,0,0
TX_UPI_100234,2026-08-04 13:41:03,13,CUST_1463,normal,BEN_6746,636.53,PhonePe,@ybl,Utilities,Kolkata,DEV_2726,iOS,0,1,1,706.41,0.9,0,0,0
TX_UPI_100235,2026-08-08 13:48:07,13,CUST_1731,normal,BEN_6325,1684.81,Paytm,@sbi,Grocery,Chennai,DEV_2454,Android,0,1,1,1501.15,1.12,0,0,0
TX_UPI_100236,2026-08-07 19:46:33,19,CUST_1491,normal,BEN_4460,10.0,Cred,@icici,Grocery,Kolkata,DEV_2797,iOS,0,1,7,1130.64,0.01,1,0,0
TX_UPI_100237,2026-08-10 02:30:26,2,CUST_1804,normal,BEN_1508,1122.63,PhonePe,@paytm,Peer_to_Peer,Pune,DEV_2719,Android,0,1,2,1175.79,0.95,0,1,0
TX_UPI_100238,2026-08-09 04:45:40,4,CUST_1757,normal,BEN_6702,1169.89,Cred,@ybl,Travel,Kolkata,DEV_2046,Android,0,1,6,1107.41,1.06,0,0,0
TX_UPI_100239,2026-08-01 15:40:15,15,CUST_1013,normal,BEN_2847,1320.24,iMobile,@paytm,Utilities,Hyderabad,DEV_2699,iOS,0,1,3,1066.33,1.24,0,0,0
TX_UPI_100240,2026-08-03 08:21:37,8,CUST_1301,normal,BEN_2423,1446.24,BHIM,@ybl,Travel,Bengaluru,DEV_2971,Android,1,1,1,756.44,1.91,0,0,0
TX_UPI_100241,2026-08-08 02:05:53,2,CUST_1261,normal,BEN_2259,1794.61,GPay,@paytm,Travel,Ahmedabad,DEV_1081,Android,0,1,4,1035.84,1.73,0,0,0
TX_UPI_100242,2026-08-07 22:48:15,22,CUST_1563,normal,BEN_2506,1214.75,Paytm,@okaxis,Peer_to_Peer,Chennai,DEV_2959,Android,0,1,4,950.46,1.28,0,0,0
TX_UPI_100243,2026-08-03 16:25:42,16,CUST_1218,normal,BEN_2789,577.36,iMobile,@paytm,Grocery,Chennai,DEV_1601,iOS,0,1,4,845.19,0.68,0,0,0
TX_UPI_100244,2026-08-05 04:46:54,4,CUST_1456,normal,BEN_3629,1526.6,PhonePe,@sbi,Travel,Hyderabad,DEV_2397,Android,0,1,1,1327.0,1.15,0,0,0
TX_UPI_100245,2026-08-07 06:32:55,6,CUST_1788,normal,BEN_3428,1578.08,Paytm,@icici,Utilities,Ahmedabad,DEV_1089,iOS,0,1,4,1315.85,1.2,0,0,0
TX_UPI_100246,2026-08-10 09:14:43,9,CUST_1550,normal,BEN_6156,2532.38,Cred,@okaxis,Peer_to_Peer,Bengaluru,DEV_2372,Android,0,1,6,638.19,3.97,0,0,0
TX_UPI_100247,2026-08-01 21:00:23,21,CUST_1764,normal,BEN_3717,176.34,iMobile,@ybl,Grocery,Mumbai,DEV_2468,iOS,1,1,2,1086.26,0.16,0,0,0
TX_UPI_100248,2026-08-03 18:18:23,18,CUST_1264,normal,BEN_3591,1614.13,BHIM,@upi,Grocery,Ahmedabad,DEV_1886,iOS,0,1,2,1124.82,1.44,0,0,0
TX_UPI_100249,2026-08-08 02:34:14,2,CUST_1046,normal,BEN_6618,595.69,iMobile,@okaxis,Peer_to_Peer,Chennai,DEV_1593,Android,1,1,2,742.4,0.8,0,0,0
TX_UPI_100250,2026-08-01 08:58:36,8,CUST_1485,normal,BEN_4203,461.41,PhonePe,@icici,Travel,Hyderabad,DEV_2529,Android,0,1,1,845.79,0.55,0,0,0
TX_UPI_100251,2026-08-10 15:33:55,15,CUST_1746,normal,BEN_1342,2042.91,iMobile,@paytm,Travel,Mumbai,DEV_1252,Android,0,1,2,1711.77,1.19,0,0,0
TX_UPI_100252,2026-08-09 23:57:26,23,CUST_1743,normal,BEN_2507,1594.65,Paytm,@ybl,Grocery,Kolkata,DEV_1329,Android,0,1,4,873.99,1.82,0,0,0
TX_UPI_100253,2026-08-07 15:51:52,15,CUST_1472,normal,BEN_1551,1760.25,iMobile,@icici,Travel,Bengaluru,DEV_2375,iOS,0,1,2,1109.28,1.59,0,0,0
TX_UPI_100254,2026-08-08 22:55:13,22,CUST_1240,normal,BEN_4980,3248.07,GPay,@paytm,Travel,Bengaluru,DEV_1650,Android,0,1,3,1355.83,2.4,0,0,0
TX_UPI_100255,2026-08-06 04:45:12,4,CUST_1172,normal,BEN_6249,637.46,GPay,@paytm,Peer_to_Peer,Hyderabad,DEV_2458,Android,0,1,3,1504.99,0.42,0,0,0
TX_UPI_100256,2026-08-05 08:29:27,8,CUST_1793,normal,BEN_5969,698.43,Paytm,@upi,Utilities,Bengaluru,DEV_2322,Android,0,1,7,1249.86,0.56,0,0,0
TX_UPI_100257,2026-08-08 14:30:57,14,CUST_1078,normal,BEN_5766,750.03,iMobile,@okaxis,Travel,Mumbai,DEV_2664,Android,0,1,5,1313.41,0.57,0,1,0
TX_UPI_100258,2026-08-07 13:11:32,13,CUST_1483,normal,BEN_5830,1697.45,iMobile,@ybl,Peer_to_Peer,Chennai,DEV_1457,iOS,0,1,1,905.49,1.87,0,0,0
TX_UPI_100259,2026-08-01 03:05:06,3,CUST_1678,normal,BEN_2304,1001.99,PhonePe,@icici,Peer_to_Peer,Delhi_NCR,DEV_1913,Android,0,1,3,1228.96,0.82,0,0,0
TX_UPI_100260,2026-08-01 11:46:23,11,CUST_1224,normal,BEN_2917,1342.16,BHIM,@ybl,Peer_to_Peer,Bengaluru,DEV_1756,iOS,0,1,1,1171.25,1.15,0,0,0
TX_UPI_100261,2026-08-01 13:31:33,13,CUST_1040,normal,BEN_3157,1688.47,iMobile,@paytm,Grocery,Bengaluru,DEV_2709,iOS,0,1,5,1339.39,1.26,0,0,0
TX_UPI_100262,2026-08-05 13:36:49,13,CUST_1228,normal,BEN_4949,1867.14,Cred,@upi,Utilities,Chennai,DEV_1997,iOS,1,1,4,1063.16,1.76,0,0,0
TX_UPI_100263,2026-08-08 19:25:34,19,CUST_1287,normal,BEN_5931,10.0,PhonePe,@ybl,Grocery,Delhi_NCR,DEV_1741,Android,1,1,4,1129.85,0.01,0,0,0
TX_UPI_100264,2026-08-06 19:27:53,19,CUST_1490,normal,BEN_2996,1417.26,PhonePe,@icici,Grocery,Delhi_NCR,DEV_1045,iOS,0,1,1,820.55,1.73,0,0,0
TX_UPI_100265,2026-08-02 18:46:39,18,CUST_1057,normal,BEN_5617,2042.52,PhonePe,@paytm,Grocery,Delhi_NCR,DEV_2227,iOS,0,1,3,1243.56,1.64,0,0,0
TX_UPI_100266,2026-08-08 08:39:48,8,CUST_1482,normal,BEN_2169,1222.65,BHIM,@ybl,Travel,Hyderabad,DEV_2230,iOS,0,1,4,1305.19,0.94,0,0,0
TX_UPI_100267,2026-08-09 07:41:34,7,CUST_1350,normal,BEN_4157,787.16,BHIM,@icici,Peer_to_Peer,Bengaluru,DEV_1774,Android,1,1,4,969.05,0.81,0,0,0
TX_UPI_100268,2026-08-08 08:22:04,8,CUST_1098,normal,BEN_4950,852.4,PhonePe,@upi,Peer_to_Peer,Mumbai,DEV_1190,Android,0,1,3,1133.31,0.75,0,1,0
TX_UPI_100269,2026-08-05 11:52:48,11,CUST_1044,normal,BEN_4949,817.0,iMobile,@icici,Grocery,Kolkata,DEV_2921,Android,0,1,6,865.29,0.94,0,0,0
TX_UPI_100270,2026-08-04 02:08:01,2,CUST_1488,normal,BEN_2548,1050.5,PhonePe,@okaxis,Grocery,Pune,DEV_1527,iOS,0,1,3,1427.27,0.74,1,0,0
TX_UPI_100271,2026-08-03 11:49:57,11,CUST_1704,normal,BEN_4490,1357.24,Paytm,@upi,Travel,Chennai,DEV_1316,Android,0,1,6,723.47,1.88,0,0,0
TX_UPI_100272,2026-08-09 06:14:26,6,CUST_1406,normal,BEN_5580,1413.64,PhonePe,@upi,Peer_to_Peer,Ahmedabad,DEV_1758,Android,0,1,5,1099.75,1.29,0,0,0
TX_UPI_100273,2026-08-09 00:01:48,0,CUST_1121,normal,BEN_2756,2052.38,iMobile,@ybl,Grocery,Ahmedabad,DEV_1205,Android,0,1,2,1418.24,1.45,0,0,0
TX_UPI_100274,2026-08-08 17:12:44,17,CUST_1005,normal,BEN_1524,3039.12,GPay,@ybl,Peer_to_Peer,Ahmedabad,DEV_1180,iOS,0,1,3,973.08,3.12,0,0,0
TX_UPI_100275,2026-08-07 07:45:13,7,CUST_1293,normal,BEN_5049,2362.71,iMobile,@icici,Travel,Mumbai,DEV_2311,Android,0,1,7,954.51,2.48,0,0,0
TX_UPI_100276,2026-08-10 12:20:41,12,CUST_1613,normal,BEN_1295,863.85,Cred,@icici,Travel,Hyderabad,DEV_2380,Android,0,1,3,757.33,1.14,0,0,0
TX_UPI_100277,2026-08-05 06:51:21,6,CUST_1685,normal,BEN_6764,465.08,BHIM,@upi,Travel,Hyderabad,DEV_2509,Android,1,1,1,895.73,0.52,0,0,0
TX_UPI_100278,2026-08-10 21:32:09,21,CUST_1283,normal,BEN_4309,1172.25,PhonePe,@icici,Grocery,Hyderabad,DEV_2904,iOS,0,1,4,1452.12,0.81,0,0,0
TX_UPI_100279,2026-08-05 03:01:20,3,CUST_1119,normal,BEN_4089,401.32,Cred,@paytm,Peer_to_Peer,Pune,DEV_2978,iOS,0,1,5,1028.64,0.39,0,0,0
TX_UPI_100280,2026-08-08 02:55:32,2,CUST_1028,normal,BEN_6190,1160.43,BHIM,@okaxis,Peer_to_Peer,Pune,DEV_1783,Android,0,1,5,810.55,1.43,0,0,0
TX_UPI_100281,2026-08-07 06:26:33,6,CUST_1548,normal,BEN_1761,1505.93,GPay,@sbi,Utilities,Pune,DEV_1588,Android,0,1,4,1198.19,1.26,0,0,0
TX_UPI_100282,2026-08-05 06:58:31,6,CUST_1223,normal,BEN_2635,1431.33,Cred,@paytm,Utilities,Delhi_NCR,DEV_2021,Android,0,1,8,926.94,1.54,0,0,0
TX_UPI_100283,2026-08-05 07:42:01,7,CUST_1159,normal,BEN_1054,775.2,GPay,@okaxis,Travel,Bengaluru,DEV_2257,iOS,0,1,2,946.69,0.82,0,0,0
TX_UPI_100284,2026-08-07 23:20:27,23,CUST_1281,normal,BEN_5724,690.09,BHIM,@ybl,Grocery,Pune,DEV_1454,iOS,0,1,6,1420.92,0.49,0,0,0
TX_UPI_100285,2026-08-05 18:40:42,18,CUST_1702,normal,BEN_6646,743.4,PhonePe,@upi,Travel,Bengaluru,DEV_1646,iOS,0,1,2,1193.14,0.62,0,0,0
TX_UPI_100286,2026-08-04 03:38:35,3,CUST_1191,normal,BEN_6022,758.22,Cred,@paytm,Travel,Hyderabad,DEV_1965,iOS,0,1,5,1128.7,0.67,0,0,0
TX_UPI_100287,2026-08-05 20:40:51,20,CUST_1286,normal,BEN_1818,10.0,BHIM,@ybl,Utilities,Delhi_NCR,DEV_2667,Android,0,1,7,1511.01,0.01,0,0,0
TX_UPI_100288,2026-08-09 23:06:57,23,CUST_1153,normal,BEN_2101,709.77,BHIM,@okaxis,Peer_to_Peer,Delhi_NCR,DEV_2023,iOS,0,1,3,1148.61,0.62,0,0,0
TX_UPI_100289,2026-08-07 19:44:04,19,CUST_1581,normal,BEN_2765,1467.57,GPay,@upi,Travel,Bengaluru,DEV_1122,Android,0,1,5,1562.45,0.94,0,0,0
TX_UPI_100290,2026-08-05 08:56:48,8,CUST_1573,normal,BEN_1993,1058.44,Cred,@paytm,Utilities,Chennai,DEV_1843,Android,0,1,2,748.96,1.41,0,0,0
TX_UPI_100291,2026-08-04 10:53:53,10,CUST_1363,normal,BEN_1642,615.26,Paytm,@sbi,Utilities,Ahmedabad,DEV_2821,iOS,0,1,3,1510.69,0.41,0,0,0
TX_UPI_100292,2026-08-05 02:16:17,2,CUST_1431,normal,BEN_2327,785.91,iMobile,@icici,Peer_to_Peer,Kolkata,DEV_1162,Android,0,1,4,1076.06,0.73,0,0,0
TX_UPI_100293,2026-08-06 09:35:09,9,CUST_1799,normal,BEN_2506,2150.71,Paytm,@sbi,Grocery,Ahmedabad,DEV_1342,iOS,0,1,9,952.59,2.26,0,0,0
TX_UPI_100294,2026-08-05 19:38:52,19,CUST_1105,normal,BEN_4252,808.45,GPay,@okaxis,Grocery,Ahmedabad,DEV_1053,Android,0,1,6,1243.65,0.65,0,0,0
TX_UPI_100295,2026-08-05 17:33:03,17,CUST_1316,normal,BEN_2035,2677.37,PhonePe,@ybl,Travel,Pune,DEV_2283,iOS,0,1,5,993.77,2.69,1,0,0
TX_UPI_100296,2026-08-06 16:04:47,16,CUST_1553,normal,BEN_6714,1672.52,Paytm,@icici,Peer_to_Peer,Ahmedabad,DEV_2985,Android,0,1,6,1276.92,1.31,0,0,0
TX_UPI_100297,2026-08-08 18:16:33,18,CUST_1546,normal,BEN_1733,1605.82,Paytm,@paytm,Grocery,Ahmedabad,DEV_2648,Android,0,1,6,1360.63,1.18,0,0,0
TX_UPI_100298,2026-08-10 04:52:08,4,CUST_1139,normal,BEN_5029,2305.73,Paytm,@paytm,Travel,Ahmedabad,DEV_2408,Android,0,1,5,1039.89,2.22,1,0,0
TX_UPI_100299,2026-08-10 16:04:31,16,CUST_1007,normal,BEN_5592,1317.37,Cred,@paytm,Peer_to_Peer,Hyderabad,DEV_2806,iOS,0,1,6,883.94,1.49,0,0,0
TX_UPI_100300,2026-08-01 23:04:17,23,CUST_1432,normal,BEN_5357,1494.94,iMobile,@ybl,Travel,Pune,DEV_2328,iOS,0,1,3,1086.9,1.38,0,0,0
TX_UPI_100301,2026-08-06 12:37:41,12,CUST_1632,normal,BEN_1158,2222.76,BHIM,@paytm,Travel,Ahmedabad,DEV_1656,Android,0,1,4,1091.14,2.04,1,0,0
TX_UPI_100302,2026-08-09 16:18:57,16,CUST_1448,normal,BEN_1120,112.12,iMobile,@okaxis,Travel,Hyderabad,DEV_1308,Android,0,1,5,1234.92,0.09,0,0,0
TX_UPI_100303,2026-08-10 14:31:08,14,CUST_1032,normal,BEN_4214,2930.6,Paytm,@okaxis,Peer_to_Peer,Delhi_NCR,DEV_1545,Android,0,1,3,1132.6,2.59,0,0,0
TX_UPI_100304,2026-08-02 11:31:25,11,CUST_1786,normal,BEN_1274,1399.51,iMobile,@ybl,Utilities,Kolkata,DEV_1506,iOS,0,1,7,1057.13,1.32,0,0,0
TX_UPI_100305,2026-08-09 06:29:04,6,CUST_1319,normal,BEN_4942,1423.22,Paytm,@ybl,Utilities,Mumbai,DEV_1518,Android,0,1,5,1124.79,1.27,0,0,0
TX_UPI_100306,2026-08-03 20:43:48,20,CUST_1648,normal,BEN_3261,842.85,BHIM,@paytm,Peer_to_Peer,Mumbai,DEV_2626,Android,0,1,4,1337.67,0.63,0,0,0
TX_UPI_100307,2026-08-02 21:08:40,21,CUST_1380,normal,BEN_6619,378.79,GPay,@ybl,Grocery,Delhi_NCR,DEV_1187,iOS,0,1,4,911.97,0.42,0,0,0
TX_UPI_100308,2026-08-02 20:49:55,20,CUST_1718,normal,BEN_3594,2156.04,Cred,@okaxis,Peer_to_Peer,Delhi_NCR,DEV_1476,iOS,0,1,1,945.86,2.28,0,0,0
TX_UPI_100309,2026-08-01 06:13:10,6,CUST_1705,normal,BEN_1323,1501.77,BHIM,@paytm,Utilities,Delhi_NCR,DEV_2840,iOS,0,1,7,1064.22,1.41,0,0,0
TX_UPI_100310,2026-08-07 14:20:27,14,CUST_1356,normal,BEN_5904,755.84,Paytm,@sbi,Travel,Ahmedabad,DEV_2776,iOS,0,1,7,732.48,1.03,0,0,0
TX_UPI_100311,2026-08-07 13:45:15,13,CUST_1375,normal,BEN_1153,10.0,BHIM,@okaxis,Grocery,Kolkata,DEV_2808,Android,0,1,4,959.51,0.01,0,0,0
TX_UPI_100312,2026-08-07 12:58:56,12,CUST_1396,normal,BEN_3319,383.01,PhonePe,@icici,Grocery,Ahmedabad,DEV_2255,Android,0,1,5,1138.51,0.34,0,0,0
TX_UPI_100313,2026-08-02 13:47:58,13,CUST_1182,normal,BEN_1808,748.74,GPay,@ybl,Travel,Bengaluru,DEV_1392,iOS,0,1,1,1289.39,0.58,0,0,0
TX_UPI_100314,2026-08-03 16:17:24,16,CUST_1620,normal,BEN_5025,1720.16,iMobile,@okaxis,Travel,Mumbai,DEV_2342,Android,0,1,3,1523.19,1.13,0,0,0
TX_UPI_100315,2026-08-06 01:09:18,1,CUST_1377,normal,BEN_1576,343.93,iMobile,@okaxis,Grocery,Pune,DEV_2503,Android,1,1,1,913.94,0.38,0,0,0
TX_UPI_100316,2026-08-07 10:51:27,10,CUST_1394,mule,BEN_5572,34088.28,PhonePe,@ybl,Electronics,Hyderabad,DEV_2143,Android,1,1,27,30052.58,1.13,1,1,1
TX_UPI_100317,2026-08-06 04:23:40,4,CUST_1106,normal,BEN_2295,1481.64,PhonePe,@ybl,Travel,Kolkata,DEV_2346,iOS,0,1,1,1426.5,1.04,0,0,0
TX_UPI_100318,2026-08-06 00:06:13,0,CUST_1782,normal,BEN_5469,1134.28,iMobile,@upi,Peer_to_Peer,Chennai,DEV_2153,Android,0,1,6,1162.25,0.98,0,0,0
TX_UPI_100319,2026-08-05 19:39:39,19,CUST_1000,normal,BEN_2106,1565.4,iMobile,@okaxis,Travel,Pune,DEV_2060,Android,0,1,5,1187.45,1.32,0,0,0
TX_UPI_100320,2026-08-10 23:24:26,23,CUST_1706,normal,BEN_4771,1714.18,Paytm,@icici,Utilities,Delhi_NCR,DEV_1077,Android,0,1,6,1127.17,1.52,0,0,0
TX_UPI_100321,2026-08-04 15:28:09,15,CUST_1094,normal,BEN_3659,1767.2,Cred,@upi,Grocery,Hyderabad,DEV_2481,Android,0,1,3,1425.63,1.24,0,0,0
TX_UPI_100322,2026-08-04 15:29:45,15,CUST_1038,normal,BEN_1458,658.89,iMobile,@icici,Grocery,Kolkata,DEV_2597,Android,0,1,7,1070.36,0.62,0,0,0
TX_UPI_100323,2026-08-03 18:02:10,18,CUST_1765,normal,BEN_3496,55.38,iMobile,@icici,Utilities,Mumbai,DEV_1110,iOS,0,1,4,916.55,0.06,0,0,0
TX_UPI_100324,2026-08-09 04:12:37,4,CUST_1749,normal,BEN_3373,1872.51,BHIM,@upi,Grocery,Bengaluru,DEV_1884,Android,0,1,2,972.92,1.92,0,0,0
TX_UPI_100325,2026-08-04 04:28:31,4,CUST_1087,normal,BEN_2104,10.0,BHIM,@icici,Utilities,Kolkata,DEV_2560,Android,0,1,3,498.27,0.02,0,0,0
TX_UPI_100326,2026-08-04 05:33:10,5,CUST_1795,normal,BEN_4388,10.0,BHIM,@paytm,Grocery,Bengaluru,DEV_2375,Android,0,1,5,1268.59,0.01,0,0,0
TX_UPI_100327,2026-08-03 01:17:57,1,CUST_1358,normal,BEN_2912,1540.37,Cred,@upi,Grocery,Delhi_NCR,DEV_1091,iOS,0,1,2,1068.55,1.44,0,0,0
TX_UPI_100328,2026-08-03 22:47:34,22,CUST_1635,normal,BEN_1911,1197.12,PhonePe,@paytm,Utilities,Mumbai,DEV_2420,iOS,0,1,1,1440.82,0.83,0,0,0
TX_UPI_100329,2026-08-07 08:24:44,8,CUST_1768,normal,BEN_6724,1901.89,Paytm,@icici,Travel,Ahmedabad,DEV_2423,Android,0,1,3,1086.45,1.75,0,0,0
TX_UPI_100330,2026-08-04 10:43:29,10,CUST_1205,normal,BEN_6363,1366.71,iMobile,@icici,Travel,Pune,DEV_1952,Android,1,1,1,1020.68,1.34,0,0,0
TX_UPI_100331,2026-08-01 05:33:25,5,CUST_1299,normal,BEN_6813,654.41,iMobile,@upi,Utilities,Hyderabad,DEV_2041,iOS,0,1,1,1012.54,0.65,0,0,0
TX_UPI_100332,2026-08-06 13:23:53,13,CUST_1574,normal,BEN_5336,2638.15,iMobile,@okaxis,Travel,Mumbai,DEV_2888,Android,0,1,5,942.92,2.8,0,1,0
TX_UPI_100333,2026-08-04 16:03:32,16,CUST_1241,normal,BEN_4171,1658.07,Cred,@paytm,Travel,Mumbai,DEV_2799,iOS,0,1,6,1301.91,1.27,1,0,0
TX_UPI_100334,2026-08-05 03:33:08,3,CUST_1402,normal,BEN_6554,1247.7,iMobile,@ybl,Utilities,Bengaluru,DEV_2066,iOS,0,1,2,1247.57,1.0,0,0,0
TX_UPI_100335,2026-08-04 18:59:17,18,CUST_1619,normal,BEN_2135,1514.79,Paytm,@upi,Utilities,Delhi_NCR,DEV_2336,Android,0,1,5,1232.44,1.23,0,0,0
TX_UPI_100336,2026-08-10 08:17:35,8,CUST_1148,normal,BEN_5565,2039.64,iMobile,@icici,Utilities,Delhi_NCR,DEV_1138,iOS,0,1,2,1396.17,1.46,0,0,0
TX_UPI_100337,2026-08-10 06:56:56,6,CUST_1326,normal,BEN_6217,1358.08,BHIM,@upi,Utilities,Pune,DEV_2527,iOS,0,1,8,914.59,1.48,0,0,0
TX_UPI_100338,2026-08-08 10:15:09,10,CUST_1631,normal,BEN_6630,2588.77,Paytm,@icici,Peer_to_Peer,Hyderabad,DEV_1472,Android,1,1,4,923.66,2.8,0,0,0
TX_UPI_100339,2026-08-05 12:55:24,12,CUST_1188,normal,BEN_2583,812.89,BHIM,@upi,Peer_to_Peer,Ahmedabad,DEV_1335,Android,0,1,3,1181.8,0.69,0,0,0
TX_UPI_100340,2026-08-09 03:32:30,3,CUST_1207,normal,BEN_6054,1618.27,PhonePe,@okaxis,Peer_to_Peer,Delhi_NCR,DEV_2775,iOS,0,1,2,1074.15,1.51,0,0,0
TX_UPI_100341,2026-08-08 09:04:20,9,CUST_1752,normal,BEN_5685,2913.82,BHIM,@sbi,Grocery,Chennai,DEV_2252,iOS,0,1,7,1184.72,2.46,0,0,0
TX_UPI_100342,2026-08-01 12:21:16,12,CUST_1251,normal,BEN_4173,1230.4,Cred,@icici,Peer_to_Peer,Kolkata,DEV_2142,Android,0,1,4,1227.24,1.0,0,0,0
TX_UPI_100343,2026-08-10 09:20:59,9,CUST_1292,normal,BEN_1446,381.77,BHIM,@ybl,Grocery,Kolkata,DEV_2255,iOS,0,1,3,679.54,0.56,0,0,0
TX_UPI_100344,2026-08-02 08:57:49,8,CUST_1184,normal,BEN_3649,1519.38,Cred,@sbi,Utilities,Delhi_NCR,DEV_1846,iOS,0,1,5,964.04,1.58,0,0,0
TX_UPI_100345,2026-08-02 02:16:00,2,CUST_1256,normal,BEN_1935,2459.19,Paytm,@sbi,Utilities,Delhi_NCR,DEV_1186,Android,0,1,1,728.55,3.38,0,0,0
TX_UPI_100346,2026-08-05 14:51:35,14,CUST_1044,normal,BEN_2184,1379.56,PhonePe,@paytm,Peer_to_Peer,Delhi_NCR,DEV_2779,Android,0,1,6,1484.14,0.93,0,0,0
TX_UPI_100347,2026-08-03 04:37:53,4,CUST_1120,normal,BEN_4757,832.89,PhonePe,@ybl,Peer_to_Peer,Mumbai,DEV_1025,iOS,0,1,6,1070.76,0.78,0,0,0
TX_UPI_100348,2026-08-08 03:31:06,3,CUST_1675,normal,BEN_5925,1061.9,BHIM,@upi,Utilities,Kolkata,DEV_1162,iOS,0,1,5,1236.56,0.86,0,0,0
TX_UPI_100349,2026-08-02 19:10:57,19,CUST_1056,normal,BEN_1265,10.0,iMobile,@paytm,Grocery,Mumbai,DEV_2748,Android,0,1,6,1411.22,0.01,0,0,0
TX_UPI_100350,2026-08-03 03:55:06,3,CUST_1165,normal,BEN_5742,699.55,iMobile,@paytm,Peer_to_Peer,Delhi_NCR,DEV_2534,iOS,1,1,4,1198.57,0.58,0,0,0
TX_UPI_100351,2026-08-10 04:54:44,4,CUST_1437,normal,BEN_1999,1408.54,Cred,@okaxis,Utilities,Pune,DEV_1275,iOS,0,1,2,918.81,1.53,0,0,0
TX_UPI_100352,2026-08-02 07:50:11,7,CUST_1585,normal,BEN_6641,1179.56,iMobile,@sbi,Travel,Bengaluru,DEV_2482,iOS,0,1,6,1210.46,0.97,0,0,0
TX_UPI_100353,2026-08-07 23:31:20,23,CUST_1638,normal,BEN_2473,903.51,Paytm,@ybl,Grocery,Ahmedabad,DEV_2008,iOS,0,1,5,396.35,2.28,0,0,0
TX_UPI_100354,2026-08-08 14:10:43,14,CUST_1815,normal,BEN_1372,2119.01,GPay,@sbi,Utilities,Hyderabad,DEV_1847,iOS,0,1,1,993.01,2.13,0,1,0
TX_UPI_100355,2026-08-04 02:06:16,2,CUST_1809,normal,BEN_1050,304.26,GPay,@paytm,Grocery,Pune,DEV_2570,iOS,0,1,1,1358.6,0.22,0,0,0
TX_UPI_100356,2026-08-03 08:30:40,8,CUST_1338,normal,BEN_1291,825.84,Paytm,@sbi,Travel,Ahmedabad,DEV_2632,iOS,0,1,4,1068.74,0.77,0,0,0
TX_UPI_100357,2026-08-10 21:08:35,21,CUST_1423,normal,BEN_5389,1581.63,iMobile,@okaxis,Travel,Pune,DEV_2137,iOS,0,1,4,772.08,2.05,0,0,0
TX_UPI_100358,2026-08-02 19:29:17,19,CUST_1287,normal,BEN_5961,1997.01,GPay,@paytm,Travel,Kolkata,DEV_2169,Android,0,1,3,706.42,2.83,0,0,0
TX_UPI_100359,2026-08-04 07:04:45,7,CUST_1423,normal,BEN_3479,857.51,GPay,@upi,Utilities,Hyderabad,DEV_1925,iOS,0,1,7,1284.05,0.67,0,0,0
TX_UPI_100360,2026-08-06 09:15:30,9,CUST_1518,suspicious,BEN_4960,21724.26,GPay,@upi,Gaming_Betting,Delhi_NCR,DEV_1696,Android,1,1,15,23463.17,0.93,0,1,1
TX_UPI_100361,2026-08-07 06:20:18,6,CUST_1692,normal,BEN_6846,2861.4,PhonePe,@ybl,Grocery,Mumbai,DEV_1793,iOS,1,1,4,1183.21,2.42,0,1,0
TX_UPI_100362,2026-08-01 13:26:21,13,CUST_1105,normal,BEN_3557,2024.23,Cred,@sbi,Travel,Pune,DEV_2182,Android,0,1,4,1017.83,1.99,0,0,0
TX_UPI_100363,2026-08-09 03:28:44,3,CUST_1120,normal,BEN_1124,1042.92,Paytm,@ybl,Travel,Delhi_NCR,DEV_1234,iOS,0,1,3,1071.07,0.97,0,0,0
TX_UPI_100364,2026-08-09 13:09:28,13,CUST_1823,normal,BEN_3550,1782.1,Paytm,@icici,Peer_to_Peer,Hyderabad,DEV_1145,Android,0,1,4,1255.83,1.42,0,0,0
TX_UPI_100365,2026-08-01 14:41:46,14,CUST_1108,normal,BEN_2466,1135.43,BHIM,@okaxis,Peer_to_Peer,Bengaluru,DEV_1802,iOS,0,1,4,600.43,1.89,0,0,0
TX_UPI_100366,2026-08-04 19:00:17,19,CUST_1340,normal,BEN_2079,1933.06,PhonePe,@sbi,Travel,Bengaluru,DEV_2162,iOS,0,1,4,1319.52,1.46,0,0,0
TX_UPI_100367,2026-08-09 14:51:55,14,CUST_1784,normal,BEN_6053,10.0,BHIM,@upi,Travel,Hyderabad,DEV_1294,Android,0,1,8,1046.5,0.01,0,0,0
TX_UPI_100368,2026-08-04 22:35:36,22,CUST_1464,normal,BEN_3879,2086.55,BHIM,@okaxis,Utilities,Bengaluru,DEV_1231,iOS,0,1,1,1227.07,1.7,0,0,0
TX_UPI_100369,2026-08-05 22:09:52,22,CUST_1731,normal,BEN_4776,357.27,GPay,@paytm,Peer_to_Peer,Bengaluru,DEV_2091,iOS,0,1,2,1539.37,0.23,0,0,0
TX_UPI_100370,2026-08-05 03:14:24,3,CUST_1213,normal,BEN_3803,1047.45,iMobile,@icici,Peer_to_Peer,Kolkata,DEV_2161,iOS,0,1,4,1288.82,0.81,0,0,0
TX_UPI_100371,2026-08-08 05:37:10,5,CUST_1474,normal,BEN_3523,1596.55,Paytm,@icici,Peer_to_Peer,Bengaluru,DEV_1360,iOS,1,1,4,1167.59,1.37,0,0,0
TX_UPI_100372,2026-08-08 19:52:00,19,CUST_1676,normal,BEN_5757,3122.73,GPay,@okaxis,Utilities,Hyderabad,DEV_2817,Android,0,1,3,1128.26,2.77,1,0,0
TX_UPI_100373,2026-08-04 12:54:23,12,CUST_1399,normal,BEN_6582,2040.52,Cred,@icici,Peer_to_Peer,Ahmedabad,DEV_1421,Android,0,1,6,1364.89,1.5,0,0,0
TX_UPI_100374,2026-08-05 04:16:27,4,CUST_1091,normal,BEN_3409,1710.98,Cred,@okaxis,Travel,Kolkata,DEV_2745,Android,0,1,1,1472.02,1.16,0,1,0
TX_UPI_100375,2026-08-04 10:11:57,10,CUST_1031,normal,BEN_4135,282.92,PhonePe,@upi,Utilities,Kolkata,DEV_2457,iOS,0,1,4,898.97,0.31,0,0,0
TX_UPI_100376,2026-08-05 16:01:17,16,CUST_1368,mule,BEN_1095,33717.23,BHIM,@ybl,Electronics,Pune,DEV_1275,Android,1,2,28,33428.14,1.01,0,1,1
TX_UPI_100377,2026-08-02 15:32:51,15,CUST_1086,normal,BEN_6696,1537.54,PhonePe,@sbi,Peer_to_Peer,Kolkata,DEV_2830,iOS,0,1,7,1188.85,1.29,0,0,0
TX_UPI_100378,2026-08-03 17:45:06,17,CUST_1190,normal,BEN_6987,1004.67,BHIM,@icici,Travel,Mumbai,DEV_2734,iOS,0,1,5,1365.47,0.74,0,0,0
TX_UPI_100379,2026-08-01 11:01:44,11,CUST_1581,normal,BEN_4944,217.91,BHIM,@sbi,Travel,Chennai,DEV_2188,Android,1,1,5,1248.28,0.17,0,0,0
TX_UPI_100380,2026-08-01 22:47:14,22,CUST_1535,normal,BEN_6437,961.95,Cred,@okaxis,Travel,Hyderabad,DEV_2291,iOS,1,1,6,1043.99,0.92,0,0,0
TX_UPI_100381,2026-08-05 04:03:54,4,CUST_1547,normal,BEN_3715,1300.46,GPay,@upi,Grocery,Ahmedabad,DEV_2175,iOS,0,1,3,1083.74,1.2,0,0,0
TX_UPI_100382,2026-08-08 06:04:27,6,CUST_1767,normal,BEN_4876,322.98,Paytm,@sbi,Grocery,Pune,DEV_2288,Android,0,1,1,1462.68,0.22,0,0,0
TX_UPI_100383,2026-08-02 00:01:58,0,CUST_1129,normal,BEN_6044,522.43,Cred,@okaxis,Utilities,Pune,DEV_1271,iOS,0,1,2,563.19,0.93,1,0,0
TX_UPI_100384,2026-08-09 23:14:23,23,CUST_1154,normal,BEN_6740,688.83,iMobile,@upi,Grocery,Chennai,DEV_1535,Android,0,1,1,1474.08,0.47,0,1,0
TX_UPI_100385,2026-08-08 05:27:53,5,CUST_1157,normal,BEN_4605,2007.85,BHIM,@upi,Grocery,Kolkata,DEV_2353,Android,0,1,2,1620.58,1.24,0,0,0
TX_UPI_100386,2026-08-10 04:03:02,4,CUST_1118,normal,BEN_3468,1985.41,GPay,@ybl,Peer_to_Peer,Ahmedabad,DEV_1975,iOS,0,1,3,480.14,4.14,0,0,0
TX_UPI_100387,2026-08-02 18:16:40,18,CUST_1543,suspicious,BEN_6558,69236.97,BHIM,@okaxis,Electronics,Pune,DEV_1782,iOS,1,1,6,16314.85,4.24,0,1,1
TX_UPI_100388,2026-08-06 05:46:00,5,CUST_1625,normal,BEN_1805,2018.06,iMobile,@paytm,Utilities,Chennai,DEV_1546,iOS,0,1,8,1412.23,1.43,0,0,0
TX_UPI_100389,2026-08-08 03:28:42,3,CUST_1788,normal,BEN_5486,1651.13,PhonePe,@icici,Grocery,Chennai,DEV_1641,Android,1,1,5,1284.82,1.29,0,0,0
TX_UPI_100390,2026-08-05 06:23:11,6,CUST_1224,normal,BEN_1194,1807.14,iMobile,@paytm,Utilities,Pune,DEV_1069,Android,1,1,4,1105.01,1.64,0,0,0
TX_UPI_100391,2026-08-08 17:51:18,17,CUST_1124,mule,BEN_6377,33748.14,iMobile,@okaxis,Peer_to_Peer,Bengaluru,DEV_1769,Android,1,1,17,29815.95,1.13,0,1,1
TX_UPI_100392,2026-08-04 01:47:21,1,CUST_1301,normal,BEN_3264,10.0,BHIM,@sbi,Travel,Bengaluru,DEV_2889,iOS,0,1,3,842.74,0.01,0,0,0
TX_UPI_100393,2026-08-01 21:33:11,21,CUST_1283,normal,BEN_3115,317.13,GPay,@upi,Utilities,Kolkata,DEV_1123,iOS,0,1,4,1414.08,0.22,0,0,0
TX_UPI_100394,2026-08-03 03:58:30,3,CUST_1660,normal,BEN_6029,1934.65,BHIM,@okaxis,Grocery,Delhi_NCR,DEV_1447,iOS,0,1,1,842.49,2.3,0,0,0
TX_UPI_100395,2026-08-09 19:54:46,19,CUST_1256,normal,BEN_6245,1952.62,BHIM,@okaxis,Travel,Ahmedabad,DEV_2337,Android,1,1,2,1026.09,1.9,0,0,0
TX_UPI_100396,2026-08-07 23:22:33,23,CUST_1003,normal,BEN_4308,1640.04,Cred,@sbi,Grocery,Ahmedabad,DEV_1893,iOS,0,1,2,1105.29,1.48,0,0,0
TX_UPI_100397,2026-08-09 08:45:42,8,CUST_1798,normal,BEN_3480,132.78,BHIM,@okaxis,Travel,Chennai,DEV_2396,iOS,0,1,2,1156.75,0.11,0,0,0
TX_UPI_100398,2026-08-06 13:52:46,13,CUST_1778,normal,BEN_1322,10.0,Paytm,@sbi,Grocery,Hyderabad,DEV_2135,Android,0,1,4,1075.29,0.01,0,0,0
TX_UPI_100399,2026-08-05 08:38:32,8,CUST_1498,normal,BEN_1292,1641.99,GPay,@sbi,Grocery,Ahmedabad,DEV_1286,Android,0,1,4,1407.39,1.17,0,0,0
TX_UPI_100400,2026-08-08 19:24:21,19,CUST_1315,normal,BEN_3779,1300.18,BHIM,@icici,Peer_to_Peer,Ahmedabad,DEV_1075,Android,0,1,3,1109.35,1.17,0,0,0
TX_UPI_100401,2026-08-07 12:17:05,12,CUST_1152,normal,BEN_2159,1634.64,iMobile,@icici,Utilities,Hyderabad,DEV_1075,Android,1,1,4,1089.74,1.5,0,0,0
TX_UPI_100402,2026-08-02 14:01:18,14,CUST_1014,normal,BEN_1797,638.41,PhonePe,@sbi,Grocery,Mumbai,DEV_2680,iOS,0,1,2,743.37,0.86,0,0,0
TX_UPI_100403,2026-08-08 05:17:59,5,CUST_1818,normal,BEN_3763,2599.66,Cred,@ybl,Utilities,Bengaluru,DEV_1872,Android,0,1,1,913.7,2.85,0,0,0
TX_UPI_100404,2026-08-10 15:00:27,15,CUST_1218,normal,BEN_1989,625.27,GPay,@icici,Utilities,Delhi_NCR,DEV_1129,iOS,0,1,5,1009.21,0.62,0,0,0
TX_UPI_100405,2026-08-08 01:30:56,1,CUST_1041,normal,BEN_4989,2198.19,PhonePe,@okaxis,Travel,Kolkata,DEV_1032,Android,1,1,2,1146.96,1.92,0,0,0
TX_UPI_100406,2026-08-10 19:10:32,19,CUST_1811,normal,BEN_6241,531.72,BHIM,@sbi,Grocery,Delhi_NCR,DEV_1293,Android,0,1,8,794.98,0.67,0,0,0
TX_UPI_100407,2026-08-09 16:53:57,16,CUST_1511,normal,BEN_1037,1447.86,Cred,@okaxis,Travel,Pune,DEV_1857,iOS,0,1,5,1179.31,1.23,0,0,0
TX_UPI_100408,2026-08-07 13:12:20,13,CUST_1519,normal,BEN_2586,1051.77,PhonePe,@upi,Peer_to_Peer,Hyderabad,DEV_1108,iOS,0,1,3,1090.51,0.96,0,0,0
TX_UPI_100409,2026-08-09 03:11:35,3,CUST_1044,normal,BEN_4560,1082.4,GPay,@sbi,Grocery,Chennai,DEV_1429,iOS,0,1,5,1610.53,0.67,0,0,0
TX_UPI_100410,2026-08-07 12:31:03,12,CUST_1180,normal,BEN_2927,754.01,PhonePe,@okaxis,Travel,Ahmedabad,DEV_1145,Android,0,1,1,1058.81,0.71,0,0,0
TX_UPI_100411,2026-08-02 08:04:42,8,CUST_1333,normal,BEN_2638,3263.77,PhonePe,@okaxis,Peer_to_Peer,Hyderabad,DEV_2781,iOS,0,1,2,1473.39,2.22,0,0,0
TX_UPI_100412,2026-08-08 09:30:37,9,CUST_1465,normal,BEN_6896,2542.16,PhonePe,@upi,Grocery,Chennai,DEV_1937,Android,0,1,2,1216.56,2.09,0,0,0
TX_UPI_100413,2026-08-01 17:22:29,17,CUST_1287,normal,BEN_2402,2502.72,PhonePe,@okaxis,Utilities,Ahmedabad,DEV_1856,iOS,0,1,3,1031.14,2.43,0,0,0
TX_UPI_100414,2026-08-07 17:00:06,17,CUST_1235,normal,BEN_4878,734.66,GPay,@upi,Utilities,Ahmedabad,DEV_2211,Android,0,1,1,924.17,0.79,0,0,0
TX_UPI_100415,2026-08-06 06:29:02,6,CUST_1593,normal,BEN_1362,220.85,PhonePe,@icici,Peer_to_Peer,Delhi_NCR,DEV_1855,Android,0,1,4,895.21,0.25,0,1,0
TX_UPI_100416,2026-08-10 16:26:22,16,CUST_1713,normal,BEN_5575,1387.03,GPay,@upi,Travel,Ahmedabad,DEV_1170,Android,0,1,1,1159.41,1.2,0,0,0
TX_UPI_100417,2026-08-08 20:38:19,20,CUST_1092,normal,BEN_4762,1866.82,GPay,@upi,Utilities,Pune,DEV_2440,Android,0,1,1,1169.77,1.6,1,0,0
TX_UPI_100418,2026-08-05 22:04:11,22,CUST_1189,normal,BEN_6138,2182.14,Paytm,@sbi,Peer_to_Peer,Ahmedabad,DEV_2762,Android,0,1,1,1481.42,1.47,0,1,0
TX_UPI_100419,2026-08-09 11:19:23,11,CUST_1627,normal,BEN_3750,1535.22,Cred,@icici,Grocery,Hyderabad,DEV_2270,Android,1,1,2,1066.62,1.44,0,0,0
TX_UPI_100420,2026-08-05 10:29:09,10,CUST_1476,normal,BEN_6309,1646.66,Cred,@okaxis,Travel,Chennai,DEV_1358,iOS,1,1,4,1209.3,1.36,0,0,0
TX_UPI_100421,2026-08-02 09:04:33,9,CUST_1664,normal,BEN_3889,463.46,BHIM,@sbi,Travel,Hyderabad,DEV_1656,Android,0,1,4,740.71,0.63,0,0,0
TX_UPI_100422,2026-08-06 21:37:25,21,CUST_1513,normal,BEN_6086,1111.02,Cred,@okaxis,Grocery,Ahmedabad,DEV_1925,iOS,0,1,2,903.47,1.23,0,0,0
TX_UPI_100423,2026-08-06 13:21:55,13,CUST_1089,normal,BEN_1630,2188.87,GPay,@upi,Utilities,Delhi_NCR,DEV_2962,iOS,0,1,6,1226.19,1.79,0,0,0
TX_UPI_100424,2026-08-08 14:42:26,14,CUST_1023,normal,BEN_4441,326.15,Paytm,@upi,Utilities,Delhi_NCR,DEV_1710,iOS,0,1,3,1371.14,0.24,0,0,0
TX_UPI_100425,2026-08-07 07:21:01,7,CUST_1660,normal,BEN_5860,1313.37,Paytm,@upi,Utilities,Chennai,DEV_1995,iOS,0,1,8,1174.4,1.12,0,0,0
TX_UPI_100426,2026-08-04 17:16:23,17,CUST_1175,normal,BEN_3360,1353.64,Paytm,@ybl,Utilities,Ahmedabad,DEV_2988,iOS,1,1,3,1112.05,1.22,0,0,0
TX_UPI_100427,2026-08-02 22:50:00,22,CUST_1728,normal,BEN_6800,1078.02,Cred,@paytm,Grocery,Delhi_NCR,DEV_2718,Android,0,1,5,1309.61,0.82,0,0,0
TX_UPI_100428,2026-08-07 23:20:33,23,CUST_1129,normal,BEN_5607,571.21,BHIM,@paytm,Peer_to_Peer,Chennai,DEV_1420,Android,0,1,1,639.31,0.89,0,0,0
TX_UPI_100429,2026-08-02 23:21:35,23,CUST_1546,normal,BEN_5091,1606.39,Paytm,@okaxis,Travel,Mumbai,DEV_2906,iOS,0,1,1,563.31,2.85,0,0,0
TX_UPI_100430,2026-08-04 14:05:13,14,CUST_1485,normal,BEN_6645,1510.86,Paytm,@icici,Grocery,Delhi_NCR,DEV_1693,iOS,0,1,8,1078.54,1.4,0,0,0
TX_UPI_100431,2026-08-05 20:58:59,20,CUST_1632,normal,BEN_1450,1870.79,PhonePe,@upi,Travel,Chennai,DEV_1668,Android,0,1,4,1056.27,1.77,0,0,0
TX_UPI_100432,2026-08-02 00:20:49,0,CUST_1551,normal,BEN_5017,1935.26,BHIM,@sbi,Travel,Bengaluru,DEV_1398,iOS,0,1,3,1144.17,1.69,0,0,0
TX_UPI_100433,2026-08-09 16:32:22,16,CUST_1437,normal,BEN_3825,1457.36,Paytm,@upi,Peer_to_Peer,Chennai,DEV_1582,Android,0,1,2,1318.09,1.11,0,0,0
TX_UPI_100434,2026-08-06 01:03:18,1,CUST_1822,normal,BEN_4393,1060.03,BHIM,@paytm,Peer_to_Peer,Delhi_NCR,DEV_2492,iOS,0,1,2,1208.76,0.88,0,0,0
TX_UPI_100435,2026-08-07 09:00:18,9,CUST_1343,normal,BEN_4354,481.23,GPay,@icici,Utilities,Kolkata,DEV_1013,Android,0,1,4,1077.81,0.45,0,0,0
TX_UPI_100436,2026-08-05 15:11:54,15,CUST_1296,normal,BEN_5794,2068.72,Cred,@upi,Grocery,Mumbai,DEV_2709,iOS,0,1,4,1073.99,1.93,0,1,0
TX_UPI_100437,2026-08-04 15:25:50,15,CUST_1655,normal,BEN_2469,1854.21,iMobile,@upi,Travel,Bengaluru,DEV_1854,iOS,0,1,6,1213.87,1.53,0,0,0
TX_UPI_100438,2026-08-01 19:26:06,19,CUST_1613,normal,BEN_3112,1208.28,iMobile,@paytm,Grocery,Ahmedabad,DEV_2778,iOS,0,1,1,824.37,1.47,0,0,0
TX_UPI_100439,2026-08-02 23:25:57,23,CUST_1595,normal,BEN_6679,955.82,GPay,@ybl,Travel,Chennai,DEV_2798,iOS,0,1,2,1035.13,0.92,0,0,0
TX_UPI_100440,2026-08-04 12:57:11,12,CUST_1542,normal,BEN_1774,1245.32,iMobile,@okaxis,Travel,Hyderabad,DEV_2566,Android,0,1,5,1063.08,1.17,0,0,0
TX_UPI_100441,2026-08-09 11:17:51,11,CUST_1704,normal,BEN_2121,1589.2,Paytm,@okaxis,Utilities,Chennai,DEV_1026,Android,0,1,4,605.89,2.62,0,0,0
TX_UPI_100442,2026-08-02 21:01:02,21,CUST_1515,normal,BEN_1625,448.53,PhonePe,@ybl,Travel,Bengaluru,DEV_1943,iOS,0,1,3,789.67,0.57,1,0,0
TX_UPI_100443,2026-08-06 08:43:25,8,CUST_1611,normal,BEN_1971,1679.94,Cred,@paytm,Utilities,Delhi_NCR,DEV_1058,iOS,0,1,7,1372.5,1.22,0,0,0
TX_UPI_100444,2026-08-01 22:53:43,22,CUST_1435,normal,BEN_4967,1029.25,iMobile,@okaxis,Grocery,Bengaluru,DEV_2586,Android,1,1,6,1115.68,0.92,0,0,0
TX_UPI_100445,2026-08-04 01:41:42,1,CUST_1044,normal,BEN_2014,930.33,GPay,@paytm,Travel,Mumbai,DEV_2602,Android,0,1,2,1007.41,0.92,0,0,0
TX_UPI_100446,2026-08-02 18:23:47,18,CUST_1764,normal,BEN_5101,889.46,Paytm,@icici,Grocery,Chennai,DEV_1328,iOS,0,1,4,1118.54,0.8,0,0,0
TX_UPI_100447,2026-08-09 16:29:42,16,CUST_1196,normal,BEN_2753,1202.44,Paytm,@ybl,Utilities,Mumbai,DEV_2892,Android,0,1,4,1365.76,0.88,0,0,0
TX_UPI_100448,2026-08-02 07:15:37,7,CUST_1185,normal,BEN_2864,1959.64,Paytm,@upi,Utilities,Kolkata,DEV_2053,Android,0,1,1,467.06,4.2,0,0,0
TX_UPI_100449,2026-08-05 09:13:18,9,CUST_1721,normal,BEN_5044,1947.46,Paytm,@icici,Peer_to_Peer,Mumbai,DEV_1671,Android,0,1,1,1026.06,1.9,0,0,0
TX_UPI_100450,2026-08-05 22:37:46,22,CUST_1297,mule,BEN_6563,11597.74,BHIM,@ybl,Electronics,Bengaluru,DEV_2923,iOS,1,1,6,34748.78,0.33,1,0,1
TX_UPI_100451,2026-08-08 23:48:57,23,CUST_1692,normal,BEN_6693,1807.32,GPay,@okaxis,Grocery,Delhi_NCR,DEV_1820,iOS,1,1,2,458.15,3.94,0,0,0
TX_UPI_100452,2026-08-03 09:59:17,9,CUST_1346,normal,BEN_4479,763.0,PhonePe,@icici,Travel,Kolkata,DEV_1476,Android,0,1,4,725.06,1.05,0,0,0
TX_UPI_100453,2026-08-10 17:18:12,17,CUST_1659,normal,BEN_5189,1346.69,BHIM,@paytm,Peer_to_Peer,Ahmedabad,DEV_1992,iOS,0,1,3,1219.03,1.1,0,0,0
TX_UPI_100454,2026-08-02 15:12:27,15,CUST_1030,normal,BEN_6555,1295.66,GPay,@sbi,Travel,Mumbai,DEV_2020,Android,0,1,2,1367.18,0.95,0,0,0
TX_UPI_100455,2026-08-02 04:03:33,4,CUST_1778,normal,BEN_3404,1073.18,GPay,@sbi,Grocery,Ahmedabad,DEV_1413,iOS,0,1,3,856.02,1.25,0,0,0
TX_UPI_100456,2026-08-01 09:12:13,9,CUST_1440,normal,BEN_4082,845.37,GPay,@upi,Travel,Ahmedabad,DEV_2746,iOS,1,1,2,1038.49,0.81,0,0,0
TX_UPI_100457,2026-08-02 23:48:37,23,CUST_1503,normal,BEN_1896,2569.37,BHIM,@ybl,Peer_to_Peer,Pune,DEV_1998,iOS,0,1,1,692.75,3.71,0,0,0
TX_UPI_100458,2026-08-02 21:31:43,21,CUST_1518,suspicious,BEN_4094,54481.07,GPay,@upi,Gaming_Betting,Pune,DEV_2210,iOS,1,1,16,21587.01,2.52,0,1,1
TX_UPI_100459,2026-08-02 13:20:25,13,CUST_1375,normal,BEN_1797,2031.92,Paytm,@sbi,Utilities,Mumbai,DEV_1779,iOS,0,1,2,1518.24,1.34,0,0,0
TX_UPI_100460,2026-08-08 20:46:04,20,CUST_1319,normal,BEN_3765,1742.34,Cred,@okaxis,Peer_to_Peer,Bengaluru,DEV_1234,iOS,0,1,3,1597.75,1.09,0,0,0
TX_UPI_100461,2026-08-06 02:40:31,2,CUST_1273,normal,BEN_4094,715.43,GPay,@sbi,Utilities,Ahmedabad,DEV_1648,Android,0,1,5,1151.83,0.62,0,0,0
TX_UPI_100462,2026-08-07 02:26:31,2,CUST_1830,normal,BEN_4571,2241.39,iMobile,@paytm,Utilities,Delhi_NCR,DEV_1744,iOS,0,1,7,1087.68,2.06,0,0,0
TX_UPI_100463,2026-08-01 13:50:40,13,CUST_1304,normal,BEN_5736,597.27,Cred,@upi,Peer_to_Peer,Hyderabad,DEV_2469,Android,0,1,4,917.35,0.65,0,0,0
TX_UPI_100464,2026-08-05 05:09:47,5,CUST_1814,normal,BEN_6435,2810.71,GPay,@sbi,Peer_to_Peer,Pune,DEV_1886,iOS,0,1,4,992.32,2.83,0,0,0
TX_UPI_100465,2026-08-07 15:29:20,15,CUST_1184,normal,BEN_6413,1347.74,GPay,@sbi,Peer_to_Peer,Delhi_NCR,DEV_1436,iOS,0,1,1,846.81,1.59,0,0,0
TX_UPI_100466,2026-08-09 19:38:31,19,CUST_1641,normal,BEN_2210,2160.33,GPay,@icici,Peer_to_Peer,Hyderabad,DEV_1947,iOS,0,1,2,828.74,2.61,0,0,0
TX_UPI_100467,2026-08-01 18:45:57,18,CUST_1649,normal,BEN_2315,1629.32,PhonePe,@upi,Utilities,Pune,DEV_2323,iOS,0,1,6,1252.55,1.3,0,0,0
TX_UPI_100468,2026-08-10 16:09:22,16,CUST_1317,normal,BEN_1303,1996.84,BHIM,@upi,Travel,Kolkata,DEV_2324,iOS,0,1,2,738.77,2.7,1,0,0
TX_UPI_100469,2026-08-03 03:15:33,3,CUST_1659,normal,BEN_1687,2401.07,GPay,@sbi,Travel,Ahmedabad,DEV_1113,Android,0,1,3,1019.8,2.35,0,0,0
TX_UPI_100470,2026-08-02 02:18:13,2,CUST_1406,normal,BEN_5098,2262.56,iMobile,@ybl,Travel,Hyderabad,DEV_2169,Android,0,1,5,1189.41,1.9,0,0,0
TX_UPI_100471,2026-08-02 02:17:12,2,CUST_1243,normal,BEN_5786,2932.0,Cred,@okaxis,Utilities,Chennai,DEV_2704,iOS,0,1,2,1302.68,2.25,0,0,0
TX_UPI_100472,2026-08-03 03:01:02,3,CUST_1219,normal,BEN_5829,1245.61,Paytm,@upi,Peer_to_Peer,Kolkata,DEV_2767,iOS,0,1,4,1446.83,0.86,0,0,0
TX_UPI_100473,2026-08-03 23:45:13,23,CUST_1284,normal,BEN_3524,1606.27,PhonePe,@paytm,Grocery,Ahmedabad,DEV_2682,iOS,0,1,5,1337.4,1.2,0,0,0
TX_UPI_100474,2026-08-10 13:45:19,13,CUST_1687,normal,BEN_6739,908.04,PhonePe,@paytm,Peer_to_Peer,Kolkata,DEV_2308,iOS,0,1,2,829.25,1.1,0,0,0
TX_UPI_100475,2026-08-05 18:27:44,18,CUST_1261,normal,BEN_2312,10.0,Paytm,@okaxis,Peer_to_Peer,Hyderabad,DEV_1430,iOS,0,1,8,815.23,0.01,0,0,0
TX_UPI_100476,2026-08-04 07:49:08,7,CUST_1082,normal,BEN_4460,1023.0,BHIM,@upi,Grocery,Kolkata,DEV_2469,iOS,0,1,3,1153.78,0.89,0,0,0
TX_UPI_100477,2026-08-08 07:22:44,7,CUST_1746,normal,BEN_1224,1852.59,Cred,@sbi,Utilities,Chennai,DEV_2423,iOS,0,1,5,940.06,1.97,0,0,0
TX_UPI_100478,2026-08-03 10:16:34,10,CUST_1643,normal,BEN_3044,1066.3,Paytm,@paytm,Peer_to_Peer,Bengaluru,DEV_1323,Android,0,1,4,1020.31,1.05,0,0,0
TX_UPI_100479,2026-08-04 21:01:54,21,CUST_1462,normal,BEN_6631,2485.88,BHIM,@sbi,Travel,Delhi_NCR,DEV_1355,iOS,0,1,4,1256.37,1.98,0,0,0
TX_UPI_100480,2026-08-05 13:54:08,13,CUST_1584,normal,BEN_1728,1730.31,PhonePe,@okaxis,Peer_to_Peer,Mumbai,DEV_2857,Android,0,1,6,1123.45,1.54,0,0,0
TX_UPI_100481,2026-08-08 06:52:37,6,CUST_1266,normal,BEN_5646,162.53,PhonePe,@okaxis,Peer_to_Peer,Chennai,DEV_2939,Android,0,1,4,923.67,0.18,0,0,0
TX_UPI_100482,2026-08-06 23:55:52,23,CUST_1121,normal,BEN_3180,777.11,PhonePe,@sbi,Utilities,Hyderabad,DEV_2937,Android,0,1,5,1377.19,0.56,0,0,0
TX_UPI_100483,2026-08-04 10:25:12,10,CUST_1744,normal,BEN_2195,1217.02,iMobile,@ybl,Utilities,Kolkata,DEV_1836,Android,0,1,4,1488.53,0.82,0,0,0
TX_UPI_100484,2026-08-09 07:18:26,7,CUST_1662,normal,BEN_3648,1392.6,BHIM,@okaxis,Peer_to_Peer,Mumbai,DEV_1272,iOS,0,1,9,1215.72,1.15,0,0,0
TX_UPI_100485,2026-08-04 02:37:52,2,CUST_1074,normal,BEN_2923,10.0,GPay,@icici,Grocery,Mumbai,DEV_1681,Android,0,1,5,1171.48,0.01,0,0,0
TX_UPI_100486,2026-08-07 02:57:30,2,CUST_1634,normal,BEN_5583,2231.8,BHIM,@paytm,Travel,Kolkata,DEV_1270,iOS,0,1,5,1046.77,2.13,0,0,0
TX_UPI_100487,2026-08-02 14:25:27,14,CUST_1091,normal,BEN_1957,220.56,Paytm,@sbi,Travel,Kolkata,DEV_1533,Android,0,1,3,875.88,0.25,0,0,0
TX_UPI_100488,2026-08-06 05:16:17,5,CUST_1289,normal,BEN_2351,735.58,Paytm,@icici,Peer_to_Peer,Pune,DEV_1892,iOS,0,1,5,1480.78,0.5,0,0,0
TX_UPI_100489,2026-08-02 19:17:20,19,CUST_1055,normal,BEN_2339,1515.74,PhonePe,@ybl,Grocery,Mumbai,DEV_1532,iOS,0,1,1,1186.7,1.28,0,0,0
TX_UPI_100490,2026-08-09 14:31:10,14,CUST_1574,normal,BEN_6896,2157.31,BHIM,@upi,Utilities,Ahmedabad,DEV_2732,Android,0,1,2,1047.84,2.06,0,0,0
TX_UPI_100491,2026-08-10 02:26:05,2,CUST_1520,normal,BEN_5675,1211.75,Paytm,@icici,Grocery,Hyderabad,DEV_2077,Android,0,1,2,1235.59,0.98,0,0,0
TX_UPI_100492,2026-08-01 07:33:43,7,CUST_1291,normal,BEN_5836,1103.24,iMobile,@sbi,Peer_to_Peer,Bengaluru,DEV_1765,iOS,1,1,4,867.0,1.27,0,1,0
TX_UPI_100493,2026-08-09 00:06:17,0,CUST_1491,normal,BEN_1359,850.03,BHIM,@sbi,Utilities,Pune,DEV_1674,Android,0,1,5,990.52,0.86,0,0,0
TX_UPI_100494,2026-08-01 14:10:47,14,CUST_1820,normal,BEN_1579,2581.57,iMobile,@paytm,Utilities,Chennai,DEV_2523,Android,0,1,3,1133.92,2.28,0,0,0
TX_UPI_100495,2026-08-05 20:11:35,20,CUST_1091,normal,BEN_4296,1946.07,GPay,@ybl,Peer_to_Peer,Delhi_NCR,DEV_2596,iOS,0,1,1,657.41,2.96,0,0,0
TX_UPI_100496,2026-08-09 22:20:35,22,CUST_1825,normal,BEN_1787,10.0,Paytm,@sbi,Peer_to_Peer,Delhi_NCR,DEV_2362,iOS,0,1,6,947.55,0.01,0,0,0
TX_UPI_100497,2026-08-08 06:51:42,6,CUST_1433,normal,BEN_6166,3246.56,GPay,@upi,Utilities,Chennai,DEV_1889,Android,1,1,2,1124.29,2.89,0,0,0
TX_UPI_100498,2026-08-09 15:51:41,15,CUST_1158,normal,BEN_4582,2433.69,BHIM,@icici,Travel,Bengaluru,DEV_1958,iOS,0,1,8,1574.76,1.55,0,0,0
TX_UPI_100499,2026-08-07 08:21:41,8,CUST_1437,normal,BEN_1369,2166.69,Paytm,@icici,Travel,Mumbai,DEV_2878,Android,0,1,6,1222.21,1.77,0,0,0
TX_UPI_100500,2026-08-08 02:33:32,2,CUST_1083,normal,BEN_2492,1822.69,Cred,@okaxis,Travel,Bengaluru,DEV_1367,iOS,1,1,2,883.63,2.06,0,0,0
TX_UPI_100501,2026-08-06 12:31:40,12,CUST_1775,normal,BEN_2533,1197.3,iMobile,@upi,Grocery,Pune,DEV_2979,iOS,1,1,3,971.23,1.23,0,0,0
TX_UPI_100502,2026-08-01 05:13:05,5,CUST_1005,normal,BEN_4908,1757.11,BHIM,@okaxis,Peer_to_Peer,Mumbai,DEV_2343,Android,0,1,5,1101.22,1.6,0,0,0
TX_UPI_100503,2026-08-10 20:50:31,20,CUST_1631,normal,BEN_2024,2382.02,Paytm,@sbi,Utilities,Kolkata,DEV_1179,iOS,0,1,1,1033.52,2.3,0,0,0
TX_UPI_100504,2026-08-03 12:56:33,12,CUST_1492,normal,BEN_6128,626.54,iMobile,@ybl,Utilities,Hyderabad,DEV_2724,iOS,0,1,1,1060.16,0.59,0,0,0
TX_UPI_100505,2026-08-01 06:21:16,6,CUST_1119,normal,BEN_1160,1102.6,PhonePe,@ybl,Peer_to_Peer,Ahmedabad,DEV_1965,iOS,0,1,7,1231.39,0.9,0,0,0
TX_UPI_100506,2026-08-01 02:17:36,2,CUST_1105,normal,BEN_5060,380.65,iMobile,@sbi,Peer_to_Peer,Kolkata,DEV_2737,iOS,0,1,7,1373.05,0.28,0,0,0
TX_UPI_100507,2026-08-07 05:31:32,5,CUST_1605,normal,BEN_1497,1665.68,iMobile,@icici,Peer_to_Peer,Ahmedabad,DEV_2462,Android,0,1,3,849.73,1.96,0,0,0
TX_UPI_100508,2026-08-02 10:03:41,10,CUST_1506,normal,BEN_4573,902.23,Cred,@sbi,Utilities,Chennai,DEV_2428,iOS,0,1,6,1532.3,0.59,0,0,0
TX_UPI_100509,2026-08-08 03:10:04,3,CUST_1701,normal,BEN_3403,2434.59,Paytm,@icici,Travel,Ahmedabad,DEV_2808,Android,0,1,3,811.29,3.0,0,0,0
TX_UPI_100510,2026-08-10 16:56:43,16,CUST_1165,normal,BEN_4955,1312.71,Cred,@ybl,Peer_to_Peer,Pune,DEV_2366,Android,0,1,1,1157.56,1.13,0,0,0
TX_UPI_100511,2026-08-06 23:48:28,23,CUST_1310,normal,BEN_3136,1081.92,PhonePe,@ybl,Grocery,Mumbai,DEV_1734,Android,0,1,3,697.27,1.55,0,0,0
TX_UPI_100512,2026-08-05 02:22:20,2,CUST_1440,normal,BEN_2835,1610.88,GPay,@icici,Travel,Hyderabad,DEV_2150,Android,0,1,2,799.22,2.02,0,0,0
TX_UPI_100513,2026-08-09 09:00:59,9,CUST_1527,normal,BEN_4586,10.0,Cred,@sbi,Grocery,Bengaluru,DEV_2897,Android,0,1,3,1505.34,0.01,0,0,0
TX_UPI_100514,2026-08-01 12:13:28,12,CUST_1519,normal,BEN_3962,2529.01,GPay,@ybl,Grocery,Bengaluru,DEV_2865,Android,0,1,3,935.47,2.7,0,0,0
TX_UPI_100515,2026-08-05 09:56:45,9,CUST_1342,suspicious,BEN_4405,36437.94,PhonePe,@okaxis,Electronics,Hyderabad,DEV_2985,iOS,1,1,10,26829.68,1.36,0,1,1
TX_UPI_100516,2026-08-02 00:49:34,0,CUST_1272,normal,BEN_6447,1812.86,Paytm,@sbi,Utilities,Kolkata,DEV_2289,iOS,0,1,6,1055.96,1.72,0,0,0
TX_UPI_100517,2026-08-06 00:24:51,0,CUST_1419,normal,BEN_2192,1037.06,BHIM,@icici,Travel,Chennai,DEV_1906,Android,0,1,2,881.55,1.18,0,0,0
TX_UPI_100518,2026-08-10 08:58:11,8,CUST_1168,normal,BEN_6254,1018.82,BHIM,@okaxis,Travel,Kolkata,DEV_2352,Android,0,1,4,1299.26,0.78,0,0,0
TX_UPI_100519,2026-08-09 06:19:04,6,CUST_1717,normal,BEN_3291,557.46,Cred,@paytm,Utilities,Chennai,DEV_1016,iOS,0,1,6,1014.93,0.55,0,0,0
TX_UPI_100520,2026-08-08 13:51:28,13,CUST_1807,normal,BEN_6314,1182.91,Cred,@sbi,Travel,Ahmedabad,DEV_2817,iOS,0,1,2,498.18,2.37,0,1,0
TX_UPI_100521,2026-08-09 17:23:20,17,CUST_1757,normal,BEN_5191,1907.24,PhonePe,@icici,Grocery,Pune,DEV_1190,Android,0,1,5,1012.48,1.88,0,0,0
TX_UPI_100522,2026-08-07 13:16:00,13,CUST_1606,normal,BEN_1904,1253.59,Paytm,@ybl,Grocery,Pune,DEV_2034,iOS,0,1,5,704.99,1.78,0,0,0
TX_UPI_100523,2026-08-08 21:36:23,21,CUST_1127,normal,BEN_2934,776.76,BHIM,@paytm,Utilities,Mumbai,DEV_1694,iOS,0,1,5,778.97,1.0,0,0,0
TX_UPI_100524,2026-08-04 10:52:37,10,CUST_1682,normal,BEN_3028,1434.85,iMobile,@icici,Peer_to_Peer,Delhi_NCR,DEV_2064,iOS,0,1,1,1191.94,1.2,0,0,0
TX_UPI_100525,2026-08-09 15:16:49,15,CUST_1435,normal,BEN_2065,1171.49,BHIM,@okaxis,Peer_to_Peer,Bengaluru,DEV_1870,Android,0,1,1,1359.54,0.86,0,0,0
TX_UPI_100526,2026-08-08 02:11:26,2,CUST_1510,normal,BEN_4415,612.33,iMobile,@upi,Utilities,Ahmedabad,DEV_2498,iOS,0,1,2,1128.14,0.54,0,0,0
TX_UPI_100527,2026-08-07 05:28:33,5,CUST_1541,normal,BEN_1267,2118.91,GPay,@sbi,Peer_to_Peer,Hyderabad,DEV_1969,iOS,0,1,1,1094.8,1.94,0,0,0
TX_UPI_100528,2026-08-05 11:38:58,11,CUST_1585,normal,BEN_3497,1543.05,Paytm,@okaxis,Utilities,Delhi_NCR,DEV_1760,Android,0,1,5,1122.35,1.37,0,0,0
TX_UPI_100529,2026-08-06 02:50:44,2,CUST_1049,normal,BEN_5004,906.38,Paytm,@paytm,Peer_to_Peer,Hyderabad,DEV_2677,Android,0,1,2,1100.67,0.82,0,1,0
TX_UPI_100530,2026-08-07 20:47:26,20,CUST_1463,normal,BEN_2134,342.29,Paytm,@upi,Travel,Ahmedabad,DEV_2560,Android,0,1,1,1184.77,0.29,0,0,0
TX_UPI_100531,2026-08-08 13:58:39,13,CUST_1680,normal,BEN_4239,1923.15,Cred,@upi,Travel,Kolkata,DEV_2843,Android,1,1,1,837.66,2.3,0,0,0
TX_UPI_100532,2026-08-03 00:14:19,0,CUST_1724,normal,BEN_5582,1695.32,GPay,@icici,Utilities,Pune,DEV_2318,Android,0,1,8,1084.99,1.56,0,0,0
TX_UPI_100533,2026-08-07 02:24:14,2,CUST_1019,mule,BEN_2685,20439.94,GPay,@sbi,Jewelry,Delhi_NCR,DEV_1563,Android,1,1,23,39749.26,0.51,0,1,1
TX_UPI_100534,2026-08-05 21:01:55,21,CUST_1603,normal,BEN_2478,683.23,GPay,@upi,Grocery,Mumbai,DEV_1895,iOS,0,1,2,964.14,0.71,0,0,0
TX_UPI_100535,2026-08-07 13:48:16,13,CUST_1172,normal,BEN_1734,437.34,Paytm,@ybl,Travel,Delhi_NCR,DEV_2573,iOS,0,1,4,1469.92,0.3,0,0,0
TX_UPI_100536,2026-08-09 15:45:49,15,CUST_1059,normal,BEN_4381,1458.46,Paytm,@upi,Grocery,Bengaluru,DEV_1291,iOS,0,1,3,1009.97,1.44,0,0,0
TX_UPI_100537,2026-08-10 03:04:29,3,CUST_1611,normal,BEN_1942,10.0,Cred,@ybl,Grocery,Ahmedabad,DEV_2944,iOS,0,1,5,1061.32,0.01,0,0,0
TX_UPI_100538,2026-08-03 20:04:54,20,CUST_1019,mule,BEN_5544,31390.4,Paytm,@icici,Jewelry,Bengaluru,DEV_2562,Android,1,2,56,33292.52,0.94,1,1,1
TX_UPI_100539,2026-08-10 12:01:50,12,CUST_1145,normal,BEN_4471,598.57,Paytm,@icici,Travel,Delhi_NCR,DEV_2100,Android,0,1,3,1355.63,0.44,0,0,0
TX_UPI_100540,2026-08-03 00:45:12,0,CUST_1000,normal,BEN_6570,1290.62,GPay,@upi,Travel,Pune,DEV_2719,iOS,0,1,1,1300.61,0.99,0,0,0
TX_UPI_100541,2026-08-09 23:18:09,23,CUST_1546,normal,BEN_6721,665.48,Cred,@okaxis,Peer_to_Peer,Pune,DEV_1809,Android,0,1,7,1339.21,0.5,0,0,0
TX_UPI_100542,2026-08-07 03:02:22,3,CUST_1821,normal,BEN_6797,842.14,Paytm,@sbi,Peer_to_Peer,Chennai,DEV_2541,iOS,0,1,6,1096.29,0.77,0,0,0
TX_UPI_100543,2026-08-04 23:40:12,23,CUST_1016,normal,BEN_1078,1882.22,iMobile,@ybl,Peer_to_Peer,Mumbai,DEV_1008,iOS,0,1,4,876.87,2.15,0,0,0
TX_UPI_100544,2026-08-10 13:19:09,13,CUST_1664,normal,BEN_2011,685.16,iMobile,@okaxis,Utilities,Mumbai,DEV_2376,iOS,0,1,6,999.65,0.69,0,0,0
TX_UPI_100545,2026-08-10 20:28:27,20,CUST_1713,normal,BEN_2580,877.08,GPay,@okaxis,Travel,Ahmedabad,DEV_2917,iOS,0,1,2,1181.66,0.74,1,0,0
TX_UPI_100546,2026-08-10 21:45:32,21,CUST_1628,normal,BEN_3973,2850.02,iMobile,@paytm,Grocery,Hyderabad,DEV_2011,Android,0,1,1,1085.81,2.62,0,0,0
TX_UPI_100547,2026-08-10 23:10:10,23,CUST_1653,normal,BEN_5520,2329.78,BHIM,@okaxis,Utilities,Pune,DEV_1349,iOS,0,1,3,1188.57,1.96,0,0,0
TX_UPI_100548,2026-08-02 13:21:16,13,CUST_1763,normal,BEN_5285,350.09,GPay,@ybl,Travel,Pune,DEV_2804,Android,0,1,4,1035.09,0.34,0,1,0
TX_UPI_100549,2026-08-06 12:12:56,12,CUST_1002,normal,BEN_4333,1988.58,BHIM,@sbi,Grocery,Mumbai,DEV_1885,iOS,0,1,6,1701.5,1.17,0,0,0
TX_UPI_100550,2026-08-03 17:24:15,17,CUST_1048,normal,BEN_4210,1663.71,Paytm,@upi,Utilities,Ahmedabad,DEV_1010,iOS,1,1,4,1126.65,1.48,0,1,0
TX_UPI_100551,2026-08-06 03:26:47,3,CUST_1076,normal,BEN_1514,917.47,PhonePe,@ybl,Travel,Delhi_NCR,DEV_1636,iOS,1,1,4,1009.1,0.91,0,0,0
TX_UPI_100552,2026-08-03 23:59:19,23,CUST_1110,normal,BEN_3732,1334.77,BHIM,@ybl,Peer_to_Peer,Chennai,DEV_2682,Android,0,1,6,838.43,1.59,0,0,0
TX_UPI_100553,2026-08-08 14:08:45,14,CUST_1457,normal,BEN_1273,2111.9,Cred,@okaxis,Grocery,Bengaluru,DEV_2877,Android,0,1,6,1051.66,2.01,0,0,0
TX_UPI_100554,2026-08-06 08:43:05,8,CUST_1056,normal,BEN_6550,10.0,Paytm,@icici,Peer_to_Peer,Kolkata,DEV_1208,Android,1,1,2,1391.28,0.01,0,0,0
TX_UPI_100555,2026-08-08 06:38:20,6,CUST_1806,normal,BEN_4802,1181.71,iMobile,@icici,Grocery,Mumbai,DEV_1786,iOS,0,1,2,958.85,1.23,0,0,0
TX_UPI_100556,2026-08-04 23:35:36,23,CUST_1601,normal,BEN_6843,1872.5,PhonePe,@okaxis,Travel,Bengaluru,DEV_2218,Android,0,1,5,1022.66,1.83,0,0,0
TX_UPI_100557,2026-08-06 20:13:03,20,CUST_1742,normal,BEN_1361,906.54,Cred,@upi,Travel,Delhi_NCR,DEV_1281,Android,0,1,3,858.62,1.06,0,0,0
TX_UPI_100558,2026-08-07 13:37:10,13,CUST_1794,normal,BEN_3809,2492.3,PhonePe,@ybl,Utilities,Ahmedabad,DEV_2235,iOS,0,1,3,1372.12,1.82,0,0,0
TX_UPI_100559,2026-08-07 03:42:21,3,CUST_1572,normal,BEN_2641,2417.05,GPay,@upi,Peer_to_Peer,Chennai,DEV_2999,Android,0,1,5,976.41,2.48,0,0,0
TX_UPI_100560,2026-08-06 16:08:26,16,CUST_1614,normal,BEN_3692,1522.98,iMobile,@paytm,Utilities,Chennai,DEV_1857,iOS,0,1,3,863.11,1.76,0,1,0
TX_UPI_100561,2026-08-08 18:03:15,18,CUST_1228,normal,BEN_4938,1459.49,iMobile,@ybl,Utilities,Ahmedabad,DEV_1489,Android,0,1,1,1365.04,1.07,0,0,0
TX_UPI_100562,2026-08-01 01:57:32,1,CUST_1371,normal,BEN_1943,828.31,GPay,@okaxis,Travel,Chennai,DEV_2136,Android,0,1,4,1147.99,0.72,0,0,0
TX_UPI_100563,2026-08-01 08:38:47,8,CUST_1203,normal,BEN_3146,992.88,PhonePe,@paytm,Grocery,Delhi_NCR,DEV_2813,Android,0,1,5,966.02,1.03,0,0,0
TX_UPI_100564,2026-08-04 04:15:05,4,CUST_1103,normal,BEN_1909,1897.04,GPay,@sbi,Travel,Delhi_NCR,DEV_2341,iOS,0,1,1,1110.33,1.71,0,0,0
TX_UPI_100565,2026-08-07 09:28:42,9,CUST_1818,normal,BEN_2071,2751.14,Cred,@upi,Peer_to_Peer,Bengaluru,DEV_1295,Android,0,1,1,917.34,3.0,0,0,0
TX_UPI_100566,2026-08-03 23:13:48,23,CUST_1047,normal,BEN_2217,1611.13,Cred,@icici,Peer_to_Peer,Hyderabad,DEV_2617,iOS,1,1,4,1164.15,1.38,0,0,0
TX_UPI_100567,2026-08-01 23:42:42,23,CUST_1803,normal,BEN_4179,1591.35,BHIM,@sbi,Peer_to_Peer,Bengaluru,DEV_2041,Android,0,1,5,1346.33,1.18,0,0,0
TX_UPI_100568,2026-08-09 15:31:36,15,CUST_1382,normal,BEN_3198,1527.85,Cred,@sbi,Utilities,Ahmedabad,DEV_1970,iOS,0,1,3,1241.42,1.23,0,0,0
TX_UPI_100569,2026-08-03 11:07:41,11,CUST_1462,normal,BEN_4089,2719.91,PhonePe,@upi,Utilities,Hyderabad,DEV_1870,iOS,0,1,3,846.11,3.21,0,0,0
TX_UPI_100570,2026-08-04 13:56:20,13,CUST_1455,normal,BEN_5196,2085.66,Cred,@paytm,Peer_to_Peer,Hyderabad,DEV_1952,Android,0,1,3,558.56,3.73,0,0,0
TX_UPI_100571,2026-08-05 15:22:24,15,CUST_1025,normal,BEN_1621,1877.94,PhonePe,@upi,Grocery,Hyderabad,DEV_2321,iOS,1,1,2,1058.27,1.77,0,0,0
TX_UPI_100572,2026-08-03 18:20:04,18,CUST_1100,suspicious,BEN_2640,33975.65,GPay,@okaxis,Electronics,Chennai,DEV_2118,Android,1,1,19,29031.04,1.17,1,0,1
TX_UPI_100573,2026-08-08 07:56:15,7,CUST_1141,normal,BEN_3453,851.61,iMobile,@sbi,Grocery,Pune,DEV_2577,Android,0,1,5,1017.71,0.84,0,0,0
TX_UPI_100574,2026-08-07 05:19:09,5,CUST_1779,normal,BEN_2719,1791.05,PhonePe,@upi,Peer_to_Peer,Hyderabad,DEV_2481,Android,0,1,5,855.49,2.09,0,0,0
TX_UPI_100575,2026-08-02 01:00:47,1,CUST_1320,normal,BEN_4686,2068.79,PhonePe,@upi,Travel,Kolkata,DEV_1898,Android,1,1,2,1273.93,1.62,0,0,0
TX_UPI_100576,2026-08-01 02:49:11,2,CUST_1511,normal,BEN_4487,1493.83,iMobile,@paytm,Travel,Chennai,DEV_1858,Android,0,1,7,1026.37,1.46,0,0,0
TX_UPI_100577,2026-08-07 21:19:08,21,CUST_1804,normal,BEN_6159,920.55,GPay,@ybl,Peer_to_Peer,Delhi_NCR,DEV_2163,iOS,0,1,3,1007.24,0.91,0,0,0
TX_UPI_100578,2026-08-05 17:46:51,17,CUST_1065,normal,BEN_3693,1839.95,Cred,@upi,Grocery,Hyderabad,DEV_1222,iOS,0,1,1,827.12,2.22,0,0,0
TX_UPI_100579,2026-08-03 03:44:24,3,CUST_1032,normal,BEN_2630,345.76,iMobile,@icici,Grocery,Ahmedabad,DEV_1382,Android,0,1,5,1490.55,0.23,0,0,0
TX_UPI_100580,2026-08-05 11:22:39,11,CUST_1530,normal,BEN_2286,1116.44,GPay,@ybl,Peer_to_Peer,Chennai,DEV_1800,iOS,0,1,3,1096.81,1.02,0,0,0
TX_UPI_100581,2026-08-03 12:08:29,12,CUST_1133,normal,BEN_5945,2129.5,PhonePe,@paytm,Peer_to_Peer,Kolkata,DEV_1325,iOS,0,1,2,1137.21,1.87,0,0,0
TX_UPI_100582,2026-08-01 02:10:04,2,CUST_1146,normal,BEN_3694,1980.16,BHIM,@okaxis,Grocery,Kolkata,DEV_2076,Android,0,1,5,1125.5,1.76,0,0,0
TX_UPI_100583,2026-08-06 12:54:32,12,CUST_1355,normal,BEN_2434,2000.84,iMobile,@sbi,Peer_to_Peer,Pune,DEV_2255,iOS,0,1,1,1242.69,1.61,0,0,0
TX_UPI_100584,2026-08-03 05:25:55,5,CUST_1715,normal,BEN_2293,676.74,Cred,@okaxis,Utilities,Kolkata,DEV_1490,Android,0,1,1,1202.69,0.56,0,0,0
TX_UPI_100585,2026-08-05 23:47:36,23,CUST_1780,normal,BEN_1861,2298.93,Cred,@okaxis,Utilities,Chennai,DEV_2547,Android,0,1,3,1308.69,1.76,0,0,0
TX_UPI_100586,2026-08-06 14:36:57,14,CUST_1027,normal,BEN_4271,2489.82,GPay,@sbi,Utilities,Ahmedabad,DEV_1703,iOS,0,1,6,1473.59,1.69,1,0,0
TX_UPI_100587,2026-08-10 02:04:03,2,CUST_1475,normal,BEN_6382,1793.7,BHIM,@upi,Utilities,Bengaluru,DEV_2123,Android,0,1,4,695.53,2.58,0,0,0
TX_UPI_100588,2026-08-01 05:15:43,5,CUST_1621,normal,BEN_4201,1003.15,GPay,@ybl,Peer_to_Peer,Pune,DEV_2094,Android,0,1,2,1601.03,0.63,1,0,0
TX_UPI_100589,2026-08-03 15:06:37,15,CUST_1731,normal,BEN_1391,1059.29,GPay,@sbi,Grocery,Hyderabad,DEV_2426,iOS,0,1,4,1212.36,0.87,0,0,0
TX_UPI_100590,2026-08-04 17:48:21,17,CUST_1454,normal,BEN_4091,1234.88,GPay,@icici,Grocery,Mumbai,DEV_2581,Android,0,1,7,930.56,1.33,0,0,0
TX_UPI_100591,2026-08-01 08:08:21,8,CUST_1014,normal,BEN_1791,1355.69,Paytm,@ybl,Peer_to_Peer,Bengaluru,DEV_2963,Android,0,1,2,763.19,1.78,0,0,0
TX_UPI_100592,2026-08-10 21:34:04,21,CUST_1334,normal,BEN_5437,710.58,Paytm,@icici,Travel,Hyderabad,DEV_2913,Android,0,1,3,976.97,0.73,0,0,0
TX_UPI_100593,2026-08-05 21:07:53,21,CUST_1669,normal,BEN_2803,646.06,Paytm,@okaxis,Grocery,Kolkata,DEV_1939,Android,0,1,1,1060.05,0.61,0,0,0
TX_UPI_100594,2026-08-05 23:44:26,23,CUST_1308,normal,BEN_1776,10.0,Cred,@upi,Utilities,Bengaluru,DEV_1515,Android,0,1,5,1099.79,0.01,0,0,0
TX_UPI_100595,2026-08-08 17:03:36,17,CUST_1779,normal,BEN_1144,33.96,iMobile,@paytm,Utilities,Ahmedabad,DEV_1686,Android,0,1,3,899.48,0.04,0,0,0
TX_UPI_100596,2026-08-09 13:14:17,13,CUST_1013,normal,BEN_4510,1455.34,PhonePe,@okaxis,Travel,Bengaluru,DEV_1484,iOS,0,1,6,629.96,2.31,0,0,0
TX_UPI_100597,2026-08-05 13:26:40,13,CUST_1209,normal,BEN_3692,1292.02,iMobile,@okaxis,Peer_to_Peer,Hyderabad,DEV_2513,iOS,0,1,3,1241.12,1.04,0,1,0
TX_UPI_100598,2026-08-04 12:01:07,12,CUST_1768,normal,BEN_2686,1370.56,GPay,@ybl,Utilities,Chennai,DEV_1496,iOS,0,1,2,1003.43,1.37,0,0,0
TX_UPI_100599,2026-08-05 15:06:56,15,CUST_1533,normal,BEN_5027,563.18,Paytm,@ybl,Utilities,Ahmedabad,DEV_1132,Android,0,1,6,1085.11,0.52,0,0,0
TX_UPI_100600,2026-08-03 02:35:12,2,CUST_1606,normal,BEN_6939,2720.95,Cred,@ybl,Utilities,Hyderabad,DEV_1872,Android,0,1,3,909.98,2.99,0,0,0
TX_UPI_100601,2026-08-07 23:53:42,23,CUST_1459,normal,BEN_3945,10.0,iMobile,@ybl,Peer_to_Peer,Pune,DEV_1163,iOS,0,1,1,699.81,0.01,0,0,0
TX_UPI_100602,2026-08-10 22:43:36,22,CUST_1812,normal,BEN_1681,1413.7,BHIM,@okaxis,Utilities,Kolkata,DEV_2749,iOS,0,1,5,700.51,2.02,0,0,0
TX_UPI_100603,2026-08-06 15:02:53,15,CUST_1313,normal,BEN_3729,1916.03,BHIM,@paytm,Grocery,Kolkata,DEV_1147,iOS,0,1,3,1115.23,1.72,0,0,0
TX_UPI_100604,2026-08-09 20:44:07,20,CUST_1742,normal,BEN_4232,2489.78,Paytm,@upi,Grocery,Kolkata,DEV_2925,iOS,0,1,5,1015.55,2.45,0,0,0
TX_UPI_100605,2026-08-01 11:18:32,11,CUST_1127,normal,BEN_4574,487.05,BHIM,@icici,Peer_to_Peer,Delhi_NCR,DEV_2562,Android,0,1,1,907.4,0.54,0,0,0
TX_UPI_100606,2026-08-05 11:14:25,11,CUST_1713,normal,BEN_3021,1031.1,GPay,@sbi,Grocery,Kolkata,DEV_2506,iOS,1,1,2,1048.5,0.98,0,0,0
TX_UPI_100607,2026-08-08 19:58:01,19,CUST_1151,normal,BEN_3026,1261.48,Paytm,@icici,Grocery,Ahmedabad,DEV_1520,Android,0,1,3,924.0,1.37,0,1,0
TX_UPI_100608,2026-08-05 15:56:57,15,CUST_1407,normal,BEN_4464,1334.92,iMobile,@icici,Peer_to_Peer,Bengaluru,DEV_2794,Android,0,1,4,818.3,1.63,0,0,0
TX_UPI_100609,2026-08-09 21:46:24,21,CUST_1421,normal,BEN_2169,2328.75,iMobile,@okaxis,Grocery,Bengaluru,DEV_2667,iOS,0,1,3,1084.52,2.15,0,0,0
TX_UPI_100610,2026-08-10 21:47:26,21,CUST_1503,normal,BEN_4414,1766.57,GPay,@okaxis,Utilities,Bengaluru,DEV_2075,iOS,0,1,4,1308.75,1.35,0,0,0
TX_UPI_100611,2026-08-03 05:00:24,5,CUST_1514,normal,BEN_1483,1429.7,GPay,@upi,Peer_to_Peer,Hyderabad,DEV_1411,Android,0,1,2,1166.76,1.23,0,0,0
TX_UPI_100612,2026-08-08 13:52:33,13,CUST_1111,normal,BEN_4094,285.02,iMobile,@ybl,Peer_to_Peer,Bengaluru,DEV_1175,iOS,1,1,4,1072.02,0.27,1,0,0
TX_UPI_100613,2026-08-02 05:21:46,5,CUST_1009,suspicious,BEN_2729,24253.9,GPay,@paytm,Electronics,Mumbai,DEV_1198,Android,1,1,16,15038.02,1.61,1,0,1
TX_UPI_100614,2026-08-06 17:50:19,17,CUST_1775,normal,BEN_6585,761.02,Paytm,@icici,Peer_to_Peer,Kolkata,DEV_1759,iOS,0,1,4,1118.37,0.68,0,0,0
TX_UPI_100615,2026-08-01 16:40:22,16,CUST_1364,normal,BEN_6720,377.86,Paytm,@okaxis,Grocery,Mumbai,DEV_2782,iOS,0,1,6,872.12,0.43,0,1,0
TX_UPI_100616,2026-08-04 09:24:02,9,CUST_1716,normal,BEN_4384,1975.57,PhonePe,@paytm,Travel,Ahmedabad,DEV_2054,iOS,1,1,4,924.91,2.14,0,0,0
TX_UPI_100617,2026-08-05 08:55:02,8,CUST_1046,normal,BEN_4969,2620.25,iMobile,@paytm,Peer_to_Peer,Ahmedabad,DEV_2242,Android,0,1,1,1300.6,2.01,0,0,0
TX_UPI_100618,2026-08-09 11:44:38,11,CUST_1102,normal,BEN_2172,2000.47,iMobile,@upi,Grocery,Pune,DEV_2458,Android,0,1,2,1414.19,1.41,0,0,0
TX_UPI_100619,2026-08-10 16:05:27,16,CUST_1089,normal,BEN_4655,999.96,Paytm,@sbi,Utilities,Ahmedabad,DEV_2835,Android,0,1,4,1142.48,0.88,0,0,0
TX_UPI_100620,2026-08-09 00:09:52,0,CUST_1716,normal,BEN_3674,1092.55,GPay,@okaxis,Peer_to_Peer,Kolkata,DEV_1328,Android,0,1,5,1270.44,0.86,0,0,0
TX_UPI_100621,2026-08-09 03:19:36,3,CUST_1126,suspicious,BEN_6667,10.0,iMobile,@ybl,Gaming_Betting,Ahmedabad,DEV_2629,Android,1,1,28,16222.54,0.0,1,0,1
TX_UPI_100622,2026-08-05 13:48:43,13,CUST_1734,normal,BEN_2911,2026.04,iMobile,@sbi,Utilities,Kolkata,DEV_2655,iOS,1,1,6,818.17,2.48,0,0,0
TX_UPI_100623,2026-08-02 09:49:06,9,CUST_1586,normal,BEN_1013,871.35,Paytm,@ybl,Peer_to_Peer,Chennai,DEV_2181,iOS,0,1,1,1028.42,0.85,0,0,0
TX_UPI_100624,2026-08-05 10:19:15,10,CUST_1816,normal,BEN_1075,953.57,iMobile,@ybl,Utilities,Hyderabad,DEV_1809,Android,0,1,5,1394.47,0.68,0,0,0
TX_UPI_100625,2026-08-06 12:45:24,12,CUST_1150,normal,BEN_3622,2316.55,Cred,@paytm,Peer_to_Peer,Delhi_NCR,DEV_2226,Android,0,1,2,1029.79,2.25,0,0,0
TX_UPI_100626,2026-08-03 14:49:43,14,CUST_1506,normal,BEN_3729,10.0,Paytm,@sbi,Utilities,Kolkata,DEV_2659,Android,0,1,2,1311.56,0.01,0,0,0
TX_UPI_100627,2026-08-01 15:18:39,15,CUST_1794,normal,BEN_6400,2492.47,PhonePe,@upi,Peer_to_Peer,Kolkata,DEV_2669,iOS,0,1,1,937.81,2.66,1,0,0
TX_UPI_100628,2026-08-05 05:27:06,5,CUST_1775,normal,BEN_6704,1178.88,BHIM,@upi,Travel,Bengaluru,DEV_1578,iOS,0,1,4,885.7,1.33,0,0,0
TX_UPI_100629,2026-08-08 01:02:56,1,CUST_1824,normal,BEN_2340,1539.25,GPay,@sbi,Utilities,Pune,DEV_2340,iOS,0,1,3,1076.53,1.43,0,0,0
TX_UPI_100630,2026-08-10 01:58:55,1,CUST_1200,normal,BEN_5715,1637.03,iMobile,@sbi,Peer_to_Peer,Mumbai,DEV_2486,iOS,0,1,4,975.27,1.68,0,0,0
TX_UPI_100631,2026-08-03 00:59:54,0,CUST_1057,normal,BEN_1429,1112.31,GPay,@paytm,Utilities,Ahmedabad,DEV_2935,Android,0,1,3,991.2,1.12,0,0,0
TX_UPI_100632,2026-08-05 21:40:18,21,CUST_1250,normal,BEN_3479,992.96,GPay,@okaxis,Grocery,Hyderabad,DEV_2000,iOS,0,1,7,1214.62,0.82,0,0,0
TX_UPI_100633,2026-08-10 22:18:59,22,CUST_1665,normal,BEN_1983,963.62,BHIM,@paytm,Utilities,Ahmedabad,DEV_1023,iOS,0,1,5,999.88,0.96,0,0,0
TX_UPI_100634,2026-08-07 22:53:35,22,CUST_1586,normal,BEN_4966,2138.5,BHIM,@paytm,Travel,Bengaluru,DEV_1786,Android,0,1,4,1054.25,2.03,0,0,0
TX_UPI_100635,2026-08-10 15:37:33,15,CUST_1550,normal,BEN_5394,1558.17,PhonePe,@upi,Grocery,Mumbai,DEV_2138,iOS,0,1,1,809.58,1.92,0,0,0
TX_UPI_100636,2026-08-03 12:25:41,12,CUST_1674,normal,BEN_4663,244.86,GPay,@ybl,Utilities,Delhi_NCR,DEV_2136,Android,0,1,4,1495.8,0.16,0,0,0
TX_UPI_100637,2026-08-04 02:47:12,2,CUST_1771,normal,BEN_5459,2985.04,GPay,@okaxis,Grocery,Bengaluru,DEV_1744,iOS,0,1,5,1200.2,2.49,0,0,0
TX_UPI_100638,2026-08-07 07:17:55,7,CUST_1801,normal,BEN_5017,10.0,Paytm,@sbi,Utilities,Ahmedabad,DEV_2181,Android,0,1,2,890.93,0.01,0,0,0
TX_UPI_100639,2026-08-09 01:00:04,1,CUST_1045,normal,BEN_2763,703.32,PhonePe,@okaxis,Utilities,Hyderabad,DEV_1613,Android,0,1,3,966.7,0.73,0,0,0
TX_UPI_100640,2026-08-06 02:55:14,2,CUST_1076,normal,BEN_2337,10.0,Cred,@paytm,Utilities,Pune,DEV_2330,iOS,1,1,5,822.54,0.01,0,0,0
TX_UPI_100641,2026-08-01 20:33:05,20,CUST_1644,normal,BEN_6384,1391.4,iMobile,@paytm,Travel,Hyderabad,DEV_2154,iOS,0,1,8,859.35,1.62,0,0,0
TX_UPI_100642,2026-08-06 06:18:11,6,CUST_1388,normal,BEN_2020,10.0,GPay,@icici,Grocery,Hyderabad,DEV_1553,Android,0,1,3,1344.23,0.01,0,0,0
TX_UPI_100643,2026-08-05 01:08:38,1,CUST_1796,normal,BEN_1802,2766.68,Paytm,@ybl,Grocery,Hyderabad,DEV_1020,iOS,0,1,1,1199.21,2.31,0,0,0
TX_UPI_100644,2026-08-09 20:08:26,20,CUST_1313,normal,BEN_5687,827.75,Cred,@upi,Utilities,Bengaluru,DEV_2434,iOS,0,1,3,1714.64,0.48,0,0,0
TX_UPI_100645,2026-08-10 02:59:55,2,CUST_1398,normal,BEN_2045,10.0,PhonePe,@paytm,Utilities,Kolkata,DEV_2213,iOS,0,1,4,1192.25,0.01,0,0,0
TX_UPI_100646,2026-08-09 22:12:26,22,CUST_1273,normal,BEN_5986,2068.63,GPay,@sbi,Peer_to_Peer,Chennai,DEV_2388,Android,0,1,4,1153.93,1.79,0,0,0
TX_UPI_100647,2026-08-04 08:20:21,8,CUST_1438,normal,BEN_1712,886.68,Cred,@sbi,Grocery,Hyderabad,DEV_2301,iOS,0,1,4,997.63,0.89,0,0,0
TX_UPI_100648,2026-08-03 21:54:56,21,CUST_1095,normal,BEN_3341,1697.26,PhonePe,@icici,Peer_to_Peer,Mumbai,DEV_2522,Android,0,1,3,1170.5,1.45,0,0,0
TX_UPI_100649,2026-08-09 20:51:36,20,CUST_1139,normal,BEN_6048,1176.59,BHIM,@upi,Travel,Bengaluru,DEV_1028,iOS,0,1,6,1067.67,1.1,1,0,0
TX_UPI_100650,2026-08-09 23:14:39,23,CUST_1677,normal,BEN_2380,10.0,Cred,@sbi,Grocery,Mumbai,DEV_2975,iOS,0,1,6,862.62,0.01,0,0,0
TX_UPI_100651,2026-08-02 14:49:54,14,CUST_1526,normal,BEN_2396,676.99,Paytm,@okaxis,Grocery,Kolkata,DEV_1776,iOS,1,1,2,1409.87,0.48,0,0,0
TX_UPI_100652,2026-08-06 20:43:12,20,CUST_1300,normal,BEN_3497,10.0,Paytm,@ybl,Peer_to_Peer,Mumbai,DEV_1445,iOS,0,1,10,1333.45,0.01,0,0,0
TX_UPI_100653,2026-08-06 22:13:04,22,CUST_1058,normal,BEN_3899,1378.59,Paytm,@okaxis,Grocery,Ahmedabad,DEV_1611,iOS,0,1,3,1148.53,1.2,0,0,0
TX_UPI_100654,2026-08-06 23:19:07,23,CUST_1202,normal,BEN_4992,1616.9,GPay,@icici,Travel,Delhi_NCR,DEV_1253,iOS,0,1,5,1213.35,1.33,0,0,0
TX_UPI_100655,2026-08-06 04:45:48,4,CUST_1186,normal,BEN_4599,1271.66,Cred,@paytm,Utilities,Bengaluru,DEV_2344,iOS,0,1,3,1043.69,1.22,0,0,0
TX_UPI_100656,2026-08-04 10:58:59,10,CUST_1041,normal,BEN_1258,1044.07,PhonePe,@upi,Travel,Kolkata,DEV_2845,iOS,0,1,6,1222.45,0.85,0,0,0
TX_UPI_100657,2026-08-06 22:27:04,22,CUST_1563,normal,BEN_4275,10.0,BHIM,@sbi,Grocery,Delhi_NCR,DEV_2538,iOS,0,1,5,1126.74,0.01,0,0,0
TX_UPI_100658,2026-08-10 14:53:39,14,CUST_1021,normal,BEN_6606,1185.03,PhonePe,@ybl,Grocery,Chennai,DEV_2571,Android,0,1,3,1349.79,0.88,0,0,0
TX_UPI_100659,2026-08-04 12:18:47,12,CUST_1288,normal,BEN_2249,1958.02,BHIM,@okaxis,Travel,Kolkata,DEV_2264,Android,0,1,2,1177.69,1.66,0,0,0
TX_UPI_100660,2026-08-04 00:02:49,0,CUST_1682,normal,BEN_6983,422.67,BHIM,@ybl,Utilities,Ahmedabad,DEV_2435,Android,0,1,1,929.59,0.45,0,0,0
TX_UPI_100661,2026-08-02 14:32:02,14,CUST_1410,normal,BEN_1144,1889.91,GPay,@paytm,Travel,Hyderabad,DEV_1873,Android,1,1,5,1203.14,1.57,0,0,0
TX_UPI_100662,2026-08-03 19:24:29,19,CUST_1227,normal,BEN_4498,1780.08,Paytm,@upi,Travel,Ahmedabad,DEV_2044,Android,0,1,5,926.04,1.92,0,0,0
TX_UPI_100663,2026-08-03 23:56:05,23,CUST_1327,normal,BEN_6410,1545.54,GPay,@ybl,Grocery,Mumbai,DEV_1106,Android,0,1,5,1261.03,1.23,0,0,0
TX_UPI_100664,2026-08-04 01:28:36,1,CUST_1503,normal,BEN_6480,2151.13,Paytm,@paytm,Travel,Pune,DEV_1198,Android,0,1,5,1164.35,1.85,0,0,0
TX_UPI_100665,2026-08-08 03:31:58,3,CUST_1541,normal,BEN_5786,2056.12,Cred,@paytm,Grocery,Hyderabad,DEV_1430,iOS,0,1,3,868.35,2.37,0,0,0
TX_UPI_100666,2026-08-08 22:35:41,22,CUST_1195,normal,BEN_5477,1069.55,PhonePe,@sbi,Utilities,Ahmedabad,DEV_1153,Android,0,1,2,917.96,1.17,0,0,0
TX_UPI_100667,2026-08-03 07:50:19,7,CUST_1428,normal,BEN_3998,1084.39,Cred,@sbi,Peer_to_Peer,Pune,DEV_2832,iOS,0,1,2,1006.09,1.08,0,0,0
TX_UPI_100668,2026-08-07 02:45:45,2,CUST_1809,normal,BEN_1372,10.0,GPay,@ybl,Peer_to_Peer,Pune,DEV_1593,Android,1,1,4,1080.29,0.01,0,0,0
TX_UPI_100669,2026-08-07 11:05:35,11,CUST_1525,normal,BEN_4196,546.33,GPay,@ybl,Utilities,Ahmedabad,DEV_2151,iOS,0,1,5,1305.02,0.42,0,0,0
TX_UPI_100670,2026-08-01 02:34:51,2,CUST_1809,normal,BEN_2804,10.0,Cred,@upi,Utilities,Pune,DEV_2745,iOS,0,1,2,895.41,0.01,0,0,0
TX_UPI_100671,2026-08-08 18:18:05,18,CUST_1151,normal,BEN_3039,448.08,Paytm,@ybl,Travel,Pune,DEV_2315,Android,0,1,5,1033.48,0.43,0,0,0
TX_UPI_100672,2026-08-09 13:28:50,13,CUST_1562,normal,BEN_6009,988.39,Paytm,@sbi,Travel,Delhi_NCR,DEV_2839,iOS,0,1,1,1232.5,0.8,0,1,0
TX_UPI_100673,2026-08-04 09:27:56,9,CUST_1180,normal,BEN_6356,208.59,Paytm,@okaxis,Peer_to_Peer,Bengaluru,DEV_2936,iOS,0,1,4,1146.57,0.18,0,0,0
TX_UPI_100674,2026-08-04 06:17:30,6,CUST_1208,normal,BEN_2898,2288.53,Cred,@sbi,Peer_to_Peer,Kolkata,DEV_1913,Android,0,1,1,355.32,6.44,0,0,0
TX_UPI_100675,2026-08-03 05:53:35,5,CUST_1180,normal,BEN_3310,1347.08,PhonePe,@icici,Utilities,Ahmedabad,DEV_2326,Android,0,1,7,1377.35,0.98,0,0,0
TX_UPI_100676,2026-08-01 20:59:08,20,CUST_1436,normal,BEN_5315,1367.73,PhonePe,@upi,Peer_to_Peer,Kolkata,DEV_2483,Android,0,1,3,1273.71,1.07,1,0,0
TX_UPI_100677,2026-08-01 03:56:50,3,CUST_1781,normal,BEN_1684,421.16,iMobile,@okaxis,Grocery,Delhi_NCR,DEV_2577,Android,0,1,4,1201.31,0.35,0,0,0
TX_UPI_100678,2026-08-02 06:58:24,6,CUST_1555,normal,BEN_4935,2048.17,iMobile,@paytm,Peer_to_Peer,Bengaluru,DEV_1285,Android,0,1,9,1174.18,1.74,0,0,0
TX_UPI_100679,2026-08-01 16:16:29,16,CUST_1556,normal,BEN_1364,792.83,iMobile,@paytm,Utilities,Bengaluru,DEV_2689,Android,0,1,3,655.42,1.21,0,0,0
TX_UPI_100680,2026-08-03 17:20:08,17,CUST_1024,normal,BEN_6368,644.23,PhonePe,@upi,Grocery,Kolkata,DEV_1723,Android,0,1,3,954.22,0.68,0,0,0
TX_UPI_100681,2026-08-02 08:04:45,8,CUST_1229,normal,BEN_3733,1321.88,GPay,@paytm,Utilities,Chennai,DEV_2260,Android,0,1,2,1349.05,0.98,0,0,0
TX_UPI_100682,2026-08-07 10:30:49,10,CUST_1342,suspicious,BEN_6466,28003.73,Cred,@ybl,Electronics,Kolkata,DEV_2829,Android,1,1,17,23429.37,1.2,1,0,1
TX_UPI_100683,2026-08-09 00:44:35,0,CUST_1377,normal,BEN_2217,1324.15,Paytm,@sbi,Peer_to_Peer,Bengaluru,DEV_2764,Android,0,1,5,871.89,1.52,0,0,0
TX_UPI_100684,2026-08-02 08:57:41,8,CUST_1591,normal,BEN_3646,673.51,BHIM,@sbi,Peer_to_Peer,Pune,DEV_1185,Android,0,1,3,756.99,0.89,0,0,0
TX_UPI_100685,2026-08-06 00:34:12,0,CUST_1616,normal,BEN_4429,544.59,iMobile,@paytm,Utilities,Delhi_NCR,DEV_1784,Android,0,1,3,1289.85,0.42,0,0,0
TX_UPI_100686,2026-08-08 01:13:04,1,CUST_1732,normal,BEN_3963,1410.05,BHIM,@icici,Utilities,Hyderabad,DEV_1481,Android,0,1,4,1284.22,1.1,1,0,0
TX_UPI_100687,2026-08-01 17:21:11,17,CUST_1357,normal,BEN_5517,1090.1,Paytm,@ybl,Grocery,Pune,DEV_1295,iOS,0,1,4,1055.23,1.03,0,0,0
TX_UPI_100688,2026-08-02 10:08:50,10,CUST_1712,normal,BEN_4479,1412.29,iMobile,@ybl,Utilities,Kolkata,DEV_2425,Android,0,1,2,494.68,2.85,0,0,0
TX_UPI_100689,2026-08-05 10:23:06,10,CUST_1144,normal,BEN_4411,1092.58,GPay,@ybl,Travel,Bengaluru,DEV_2165,Android,0,1,6,1302.29,0.84,0,0,0
TX_UPI_100690,2026-08-09 18:27:36,18,CUST_1345,normal,BEN_2277,1972.32,BHIM,@sbi,Utilities,Mumbai,DEV_1227,iOS,0,1,6,1101.28,1.79,0,0,0
TX_UPI_100691,2026-08-06 03:23:18,3,CUST_1696,normal,BEN_2862,1357.85,BHIM,@icici,Utilities,Pune,DEV_2452,iOS,0,1,2,1004.14,1.35,0,0,0
TX_UPI_100692,2026-08-05 20:37:32,20,CUST_1633,normal,BEN_5581,1692.62,GPay,@ybl,Peer_to_Peer,Kolkata,DEV_2684,Android,1,1,6,1046.53,1.62,0,0,0
TX_UPI_100693,2026-08-03 00:00:30,0,CUST_1055,normal,BEN_1888,839.85,Paytm,@sbi,Utilities,Kolkata,DEV_1552,Android,0,1,4,1224.29,0.69,0,0,0
TX_UPI_100694,2026-08-07 13:44:35,13,CUST_1109,normal,BEN_5519,44.92,GPay,@ybl,Grocery,Mumbai,DEV_1384,iOS,0,1,1,947.87,0.05,0,0,0
TX_UPI_100695,2026-08-10 14:10:11,14,CUST_1495,normal,BEN_3528,223.43,GPay,@okaxis,Utilities,Chennai,DEV_2932,Android,0,1,2,1044.53,0.21,0,0,0
TX_UPI_100696,2026-08-05 17:46:57,17,CUST_1743,normal,BEN_5125,837.4,Paytm,@ybl,Peer_to_Peer,Bengaluru,DEV_1834,iOS,0,1,6,1158.42,0.72,0,0,0
TX_UPI_100697,2026-08-01 10:53:45,10,CUST_1297,mule,BEN_6127,41009.49,PhonePe,@ybl,Jewelry,Ahmedabad,DEV_2812,Android,1,1,31,24667.0,1.66,0,0,1
TX_UPI_100698,2026-08-09 17:17:39,17,CUST_1164,normal,BEN_2074,2031.29,Cred,@icici,Peer_to_Peer,Chennai,DEV_2608,iOS,0,1,3,1240.92,1.64,0,0,0
TX_UPI_100699,2026-08-08 09:47:17,9,CUST_1621,normal,BEN_1122,342.51,GPay,@ybl,Grocery,Ahmedabad,DEV_2648,Android,0,1,1,1276.29,0.27,0,0,0
TX_UPI_100700,2026-08-06 12:28:20,12,CUST_1321,normal,BEN_5722,1501.13,PhonePe,@paytm,Travel,Delhi_NCR,DEV_1573,Android,1,1,2,871.28,1.72,0,0,0
TX_UPI_100701,2026-08-04 02:34:23,2,CUST_1781,normal,BEN_5659,2100.35,BHIM,@sbi,Utilities,Delhi_NCR,DEV_2990,Android,0,1,1,1474.24,1.42,0,0,0
TX_UPI_100702,2026-08-07 05:16:13,5,CUST_1639,normal,BEN_4687,479.5,Paytm,@paytm,Grocery,Bengaluru,DEV_2036,iOS,0,1,5,1001.13,0.48,0,0,0
TX_UPI_100703,2026-08-03 23:18:29,23,CUST_1716,normal,BEN_4078,1682.55,Cred,@okaxis,Peer_to_Peer,Delhi_NCR,DEV_1595,Android,0,1,2,1040.93,1.62,0,0,0
TX_UPI_100704,2026-08-05 05:38:07,5,CUST_1477,normal,BEN_2476,1232.74,BHIM,@sbi,Utilities,Ahmedabad,DEV_1175,Android,0,1,1,1257.8,0.98,0,0,0
TX_UPI_100705,2026-08-01 18:46:43,18,CUST_1324,suspicious,BEN_4901,18762.16,Paytm,@icici,Jewelry,Ahmedabad,DEV_2438,Android,1,1,16,19830.51,0.95,1,0,1
TX_UPI_100706,2026-08-04 21:15:40,21,CUST_1581,normal,BEN_3961,10.0,GPay,@icici,Grocery,Kolkata,DEV_2917,Android,0,1,3,1659.03,0.01,0,0,0
TX_UPI_100707,2026-08-09 07:08:01,7,CUST_1433,normal,BEN_1567,1827.68,Paytm,@paytm,Peer_to_Peer,Delhi_NCR,DEV_1290,Android,1,1,3,1016.91,1.8,0,0,0
TX_UPI_100708,2026-08-09 03:02:53,3,CUST_1265,normal,BEN_3432,1217.97,PhonePe,@okaxis,Utilities,Bengaluru,DEV_1700,iOS,0,1,5,796.6,1.53,0,0,0
TX_UPI_100709,2026-08-06 07:13:21,7,CUST_1363,normal,BEN_5891,2091.46,iMobile,@icici,Travel,Kolkata,DEV_2148,Android,0,1,5,1252.36,1.67,0,0,0
TX_UPI_100710,2026-08-06 13:35:38,13,CUST_1151,normal,BEN_5265,1550.78,BHIM,@paytm,Peer_to_Peer,Bengaluru,DEV_1538,iOS,0,1,4,1241.49,1.25,0,0,0
TX_UPI_100711,2026-08-08 00:27:52,0,CUST_1099,normal,BEN_5473,1673.45,GPay,@ybl,Utilities,Hyderabad,DEV_2426,iOS,0,1,3,942.34,1.78,0,0,0
TX_UPI_100712,2026-08-08 00:00:56,0,CUST_1014,normal,BEN_3514,1281.49,Paytm,@paytm,Peer_to_Peer,Mumbai,DEV_2836,iOS,0,1,7,782.61,1.64,0,0,0
TX_UPI_100713,2026-08-05 06:26:54,6,CUST_1360,normal,BEN_2440,25.98,Cred,@upi,Peer_to_Peer,Chennai,DEV_2897,Android,0,1,4,1092.21,0.02,0,0,0
TX_UPI_100714,2026-08-09 00:07:26,0,CUST_1705,normal,BEN_1850,1338.67,iMobile,@upi,Grocery,Pune,DEV_1179,Android,1,1,4,1026.43,1.3,0,0,0
TX_UPI_100715,2026-08-07 02:36:52,2,CUST_1595,normal,BEN_2825,2391.89,GPay,@sbi,Grocery,Pune,DEV_1433,iOS,0,1,1,881.16,2.71,0,0,0
TX_UPI_100716,2026-08-10 15:11:48,15,CUST_1475,normal,BEN_4069,1117.4,BHIM,@sbi,Travel,Kolkata,DEV_2924,Android,0,1,1,1037.79,1.08,0,0,0
TX_UPI_100717,2026-08-10 15:36:02,15,CUST_1424,normal,BEN_1127,2529.18,iMobile,@ybl,Travel,Mumbai,DEV_1066,iOS,0,1,4,1135.37,2.23,0,0,0
TX_UPI_100718,2026-08-07 22:39:42,22,CUST_1440,normal,BEN_6279,191.87,PhonePe,@icici,Peer_to_Peer,Kolkata,DEV_2262,Android,1,1,2,989.95,0.19,0,0,0
TX_UPI_100719,2026-08-03 02:35:55,2,CUST_1412,normal,BEN_1815,945.83,Paytm,@icici,Peer_to_Peer,Delhi_NCR,DEV_1473,iOS,0,1,6,1213.85,0.78,0,0,0
TX_UPI_100720,2026-08-08 14:43:10,14,CUST_1266,normal,BEN_1764,310.83,Cred,@ybl,Grocery,Chennai,DEV_1190,Android,1,1,4,1199.57,0.26,0,0,0
TX_UPI_100721,2026-08-01 07:21:58,7,CUST_1760,normal,BEN_2963,2112.12,iMobile,@ybl,Peer_to_Peer,Ahmedabad,DEV_1382,iOS,0,1,7,836.38,2.53,0,0,0
TX_UPI_100722,2026-08-09 00:01:21,0,CUST_1052,normal,BEN_5746,551.31,Paytm,@okaxis,Utilities,Delhi_NCR,DEV_2307,Android,1,1,1,1023.84,0.54,0,0,0
TX_UPI_100723,2026-08-03 04:36:41,4,CUST_1095,normal,BEN_1824,1573.09,GPay,@upi,Grocery,Chennai,DEV_1800,Android,1,1,5,1061.77,1.48,0,0,0
TX_UPI_100724,2026-08-06 02:18:24,2,CUST_1384,normal,BEN_3447,944.12,Paytm,@sbi,Grocery,Ahmedabad,DEV_1368,Android,0,1,4,879.57,1.07,0,0,0
TX_UPI_100725,2026-08-05 03:51:02,3,CUST_1355,normal,BEN_3084,2871.63,BHIM,@icici,Utilities,Mumbai,DEV_2068,Android,0,1,1,1124.34,2.55,1,1,0
TX_UPI_100726,2026-08-05 10:16:55,10,CUST_1117,normal,BEN_1683,2818.88,PhonePe,@okaxis,Grocery,Chennai,DEV_1450,Android,0,1,4,1034.39,2.73,0,0,0
TX_UPI_100727,2026-08-07 16:38:06,16,CUST_1667,normal,BEN_4276,914.04,Paytm,@upi,Travel,Ahmedabad,DEV_2049,iOS,0,1,3,1409.48,0.65,0,0,0
TX_UPI_100728,2026-08-02 05:58:12,5,CUST_1597,normal,BEN_6915,10.0,Cred,@paytm,Travel,Delhi_NCR,DEV_2953,Android,0,1,7,738.25,0.01,0,0,0
TX_UPI_100729,2026-08-08 08:53:15,8,CUST_1392,normal,BEN_6183,986.68,BHIM,@ybl,Travel,Chennai,DEV_2838,iOS,0,1,3,1221.25,0.81,0,0,0
TX_UPI_100730,2026-08-04 13:28:49,13,CUST_1618,normal,BEN_1939,10.0,iMobile,@icici,Grocery,Chennai,DEV_1061,iOS,0,1,4,1565.83,0.01,0,0,0
TX_UPI_100731,2026-08-05 12:15:14,12,CUST_1380,normal,BEN_6638,109.46,PhonePe,@paytm,Utilities,Bengaluru,DEV_1652,Android,0,1,4,921.12,0.12,0,0,0
TX_UPI_100732,2026-08-05 16:18:41,16,CUST_1290,mule,BEN_3277,43517.74,Cred,@ybl,Jewelry,Hyderabad,DEV_2148,Android,0,1,25,27651.08,1.57,0,0,1
TX_UPI_100733,2026-08-06 02:50:37,2,CUST_1698,normal,BEN_1406,1590.3,BHIM,@paytm,Grocery,Chennai,DEV_1403,Android,0,1,7,1034.18,1.54,0,0,0
TX_UPI_100734,2026-08-08 07:10:45,7,CUST_1334,normal,BEN_1146,1775.81,Cred,@upi,Travel,Hyderabad,DEV_1583,Android,0,1,1,850.46,2.09,0,0,0
TX_UPI_100735,2026-08-05 21:19:37,21,CUST_1037,normal,BEN_1133,1577.93,Cred,@icici,Travel,Mumbai,DEV_2320,iOS,1,1,6,1165.35,1.35,0,0,0
TX_UPI_100736,2026-08-05 04:43:43,4,CUST_1409,normal,BEN_1385,949.55,GPay,@icici,Grocery,Chennai,DEV_2254,iOS,0,1,3,779.9,1.22,0,0,0
TX_UPI_100737,2026-08-08 11:59:55,11,CUST_1105,normal,BEN_1861,1683.61,GPay,@ybl,Grocery,Mumbai,DEV_1284,Android,0,1,5,971.5,1.73,0,0,0
TX_UPI_100738,2026-08-10 20:35:39,20,CUST_1377,normal,BEN_1352,823.97,Cred,@okaxis,Peer_to_Peer,Mumbai,DEV_2809,iOS,0,1,4,975.19,0.84,0,0,0
TX_UPI_100739,2026-08-03 01:36:52,1,CUST_1141,normal,BEN_2212,1147.09,Cred,@upi,Peer_to_Peer,Bengaluru,DEV_1653,Android,0,1,8,1020.71,1.12,0,0,0
TX_UPI_100740,2026-08-07 07:58:28,7,CUST_1540,normal,BEN_3298,913.33,PhonePe,@icici,Travel,Ahmedabad,DEV_2999,iOS,0,1,2,1258.61,0.73,0,0,0
TX_UPI_100741,2026-08-05 06:49:17,6,CUST_1571,normal,BEN_5051,1055.02,PhonePe,@sbi,Utilities,Hyderabad,DEV_1153,Android,1,1,2,1397.11,0.76,0,0,0
TX_UPI_100742,2026-08-05 03:09:47,3,CUST_1213,normal,BEN_4719,2335.68,Cred,@icici,Travel,Chennai,DEV_2451,iOS,0,1,2,632.03,3.7,0,0,0
TX_UPI_100743,2026-08-06 11:46:49,11,CUST_1635,normal,BEN_3276,2006.01,Cred,@ybl,Grocery,Kolkata,DEV_1140,Android,0,1,2,1269.75,1.58,0,0,0
TX_UPI_100744,2026-08-02 07:12:59,7,CUST_1762,normal,BEN_3185,10.0,GPay,@ybl,Grocery,Mumbai,DEV_1383,iOS,0,1,5,789.32,0.01,0,0,0
TX_UPI_100745,2026-08-03 13:46:07,13,CUST_1154,normal,BEN_4615,1784.61,BHIM,@icici,Peer_to_Peer,Kolkata,DEV_1108,iOS,1,1,4,851.05,2.1,0,0,0
TX_UPI_100746,2026-08-03 07:10:52,7,CUST_1412,normal,BEN_4551,874.37,PhonePe,@icici,Grocery,Pune,DEV_2062,iOS,1,1,5,1105.41,0.79,0,0,0
TX_UPI_100747,2026-08-01 10:23:41,10,CUST_1589,suspicious,BEN_2855,38519.43,Paytm,@ybl,Jewelry,Bengaluru,DEV_1564,Android,1,2,33,16753.1,2.3,1,1,0
TX_UPI_100748,2026-08-09 09:28:03,9,CUST_1274,normal,BEN_6217,2493.77,BHIM,@ybl,Peer_to_Peer,Delhi_NCR,DEV_1711,Android,0,1,4,864.29,2.89,0,0,0
TX_UPI_100749,2026-08-09 08:22:33,8,CUST_1244,normal,BEN_3721,135.75,PhonePe,@paytm,Travel,Bengaluru,DEV_1383,Android,0,1,3,1301.2,0.1,1,0,0
TX_UPI_100750,2026-08-04 04:50:48,4,CUST_1078,normal,BEN_4881,1097.96,PhonePe,@sbi,Grocery,Mumbai,DEV_2985,iOS,0,1,7,731.72,1.5,0,0,0
TX_UPI_100751,2026-08-04 12:39:37,12,CUST_1233,normal,BEN_1769,1190.33,Cred,@icici,Travel,Delhi_NCR,DEV_2587,Android,0,1,1,1167.27,1.02,0,0,0
TX_UPI_100752,2026-08-04 02:57:20,2,CUST_1679,normal,BEN_3888,1909.51,BHIM,@paytm,Peer_to_Peer,Chennai,DEV_1027,iOS,0,1,3,454.99,4.2,0,0,0
TX_UPI_100753,2026-08-09 07:44:56,7,CUST_1531,normal,BEN_2804,1359.16,iMobile,@sbi,Peer_to_Peer,Mumbai,DEV_1840,Android,0,1,4,1177.03,1.15,0,0,0
TX_UPI_100754,2026-08-10 00:48:43,0,CUST_1091,normal,BEN_6135,2188.63,PhonePe,@upi,Utilities,Bengaluru,DEV_2796,iOS,0,1,1,1243.25,1.76,0,0,0
TX_UPI_100755,2026-08-09 05:47:32,5,CUST_1357,normal,BEN_2561,2154.01,Paytm,@upi,Peer_to_Peer,Kolkata,DEV_1633,iOS,0,1,1,1156.72,1.86,0,0,0
TX_UPI_100756,2026-08-07 21:03:08,21,CUST_1811,normal,BEN_6615,796.66,Paytm,@paytm,Utilities,Bengaluru,DEV_2021,Android,0,1,3,1163.44,0.68,0,0,0
TX_UPI_100757,2026-08-04 11:57:42,11,CUST_1066,normal,BEN_3318,810.22,Paytm,@okaxis,Travel,Ahmedabad,DEV_1445,Android,0,1,2,1088.2,0.74,0,1,0
TX_UPI_100758,2026-08-01 00:11:12,0,CUST_1051,normal,BEN_5112,330.2,Paytm,@ybl,Travel,Chennai,DEV_2608,iOS,0,1,1,1243.05,0.27,0,0,0
TX_UPI_100759,2026-08-09 21:31:01,21,CUST_1201,normal,BEN_1263,280.96,BHIM,@icici,Peer_to_Peer,Bengaluru,DEV_1448,iOS,0,1,5,1191.02,0.24,0,0,0
TX_UPI_100760,2026-08-02 04:35:05,4,CUST_1267,normal,BEN_4570,10.0,Paytm,@icici,Utilities,Pune,DEV_2154,Android,0,1,2,1366.59,0.01,0,0,0
TX_UPI_100761,2026-08-06 01:15:35,1,CUST_1567,normal,BEN_5642,415.07,PhonePe,@paytm,Peer_to_Peer,Pune,DEV_1608,Android,0,1,3,1190.89,0.35,0,0,0
TX_UPI_100762,2026-08-07 09:22:30,9,CUST_1452,normal,BEN_4503,1826.71,iMobile,@paytm,Grocery,Chennai,DEV_1725,iOS,0,1,3,936.6,1.95,0,0,0
TX_UPI_100763,2026-08-06 02:36:05,2,CUST_1090,normal,BEN_5195,2337.9,PhonePe,@icici,Grocery,Pune,DEV_2188,Android,0,1,7,1314.93,1.78,0,0,0
TX_UPI_100764,2026-08-05 18:22:13,18,CUST_1128,normal,BEN_5243,1268.25,BHIM,@sbi,Grocery,Mumbai,DEV_2653,iOS,1,1,2,880.69,1.44,0,0,0
TX_UPI_100765,2026-08-02 04:22:10,4,CUST_1297,mule,BEN_5789,45450.28,Cred,@upi,Peer_to_Peer,Chennai,DEV_1248,Android,1,1,29,39909.59,1.14,1,1,1
TX_UPI_100766,2026-08-07 00:16:04,0,CUST_1139,normal,BEN_3546,1720.36,PhonePe,@sbi,Utilities,Delhi_NCR,DEV_2286,iOS,0,1,1,1332.47,1.29,0,0,0
TX_UPI_100767,2026-08-01 00:00:37,0,CUST_1156,normal,BEN_1848,401.55,Cred,@okaxis,Grocery,Bengaluru,DEV_1418,Android,0,1,3,1140.05,0.35,0,0,0
TX_UPI_100768,2026-08-06 20:53:36,20,CUST_1188,normal,BEN_6391,2796.53,PhonePe,@icici,Utilities,Pune,DEV_2759,iOS,0,1,10,1225.61,2.28,0,0,0
TX_UPI_100769,2026-08-10 00:01:31,0,CUST_1716,normal,BEN_3371,1053.44,Cred,@ybl,Peer_to_Peer,Ahmedabad,DEV_1593,iOS,0,1,5,1293.04,0.81,0,0,0
TX_UPI_100770,2026-08-10 16:58:28,16,CUST_1109,normal,BEN_3321,943.47,BHIM,@upi,Peer_to_Peer,Kolkata,DEV_1057,Android,0,1,7,1135.22,0.83,1,0,0
TX_UPI_100771,2026-08-05 07:19:18,7,CUST_1142,normal,BEN_2296,1598.19,BHIM,@sbi,Peer_to_Peer,Ahmedabad,DEV_1018,iOS,0,1,5,1181.18,1.35,0,0,0
TX_UPI_100772,2026-08-03 02:49:33,2,CUST_1671,normal,BEN_2147,1871.15,PhonePe,@paytm,Peer_to_Peer,Chennai,DEV_2464,iOS,0,1,2,946.01,1.98,0,0,0
TX_UPI_100773,2026-08-06 17:24:28,17,CUST_1620,normal,BEN_3654,319.88,iMobile,@ybl,Grocery,Pune,DEV_2429,Android,0,1,4,1266.94,0.25,0,0,0
TX_UPI_100774,2026-08-09 21:27:57,21,CUST_1162,normal,BEN_6565,1566.22,PhonePe,@okaxis,Utilities,Bengaluru,DEV_2913,iOS,0,1,7,1078.66,1.45,0,0,0
TX_UPI_100775,2026-08-03 02:40:50,2,CUST_1745,normal,BEN_3051,1734.99,BHIM,@upi,Grocery,Bengaluru,DEV_2253,Android,0,1,1,987.1,1.76,0,0,0
TX_UPI_100776,2026-08-04 21:32:39,21,CUST_1110,normal,BEN_5700,1756.43,iMobile,@upi,Utilities,Kolkata,DEV_2305,Android,0,1,5,1009.45,1.74,0,0,0
TX_UPI_100777,2026-08-02 23:12:43,23,CUST_1444,normal,BEN_6477,1142.72,Cred,@ybl,Peer_to_Peer,Bengaluru,DEV_2288,Android,1,1,1,994.31,1.15,0,1,0
TX_UPI_100778,2026-08-01 20:57:40,20,CUST_1348,normal,BEN_2699,1912.31,PhonePe,@sbi,Utilities,Ahmedabad,DEV_2704,Android,0,1,5,1200.16,1.59,0,0,0
TX_UPI_100779,2026-08-06 07:49:57,7,CUST_1437,normal,BEN_5237,1239.82,iMobile,@upi,Travel,Bengaluru,DEV_1260,Android,1,1,4,921.52,1.35,0,0,0
TX_UPI_100780,2026-08-10 23:13:44,23,CUST_1296,normal,BEN_2293,1759.06,Paytm,@upi,Travel,Chennai,DEV_2786,Android,1,1,4,1198.08,1.47,0,0,0
TX_UPI_100781,2026-08-01 16:29:59,16,CUST_1559,normal,BEN_1245,779.17,iMobile,@okaxis,Grocery,Ahmedabad,DEV_2337,iOS,0,1,1,1343.32,0.58,0,0,0
TX_UPI_100782,2026-08-07 15:21:02,15,CUST_1751,normal,BEN_1597,816.93,Paytm,@sbi,Grocery,Mumbai,DEV_2010,Android,0,1,2,1246.43,0.66,0,0,0
TX_UPI_100783,2026-08-01 20:36:40,20,CUST_1426,normal,BEN_2060,886.39,Cred,@sbi,Travel,Bengaluru,DEV_2938,iOS,1,1,6,1228.08,0.72,0,0,0
TX_UPI_100784,2026-08-04 16:22:37,16,CUST_1800,normal,BEN_2607,1746.86,PhonePe,@okaxis,Peer_to_Peer,Mumbai,DEV_2584,Android,0,1,1,1370.87,1.27,0,0,0
TX_UPI_100785,2026-08-10 07:01:15,7,CUST_1386,normal,BEN_2128,1409.0,iMobile,@ybl,Travel,Kolkata,DEV_2125,iOS,1,1,3,1114.41,1.26,0,0,0
TX_UPI_100786,2026-08-06 07:08:49,7,CUST_1059,normal,BEN_4383,10.0,PhonePe,@ybl,Grocery,Bengaluru,DEV_1465,Android,0,1,4,832.95,0.01,0,0,0
TX_UPI_100787,2026-08-04 00:47:42,0,CUST_1832,normal,BEN_2479,117.86,GPay,@okaxis,Travel,Mumbai,DEV_1898,Android,0,1,1,1347.05,0.09,0,0,0
TX_UPI_100788,2026-08-05 19:52:23,19,CUST_1490,normal,BEN_5453,696.59,iMobile,@okaxis,Utilities,Bengaluru,DEV_1512,Android,0,1,7,951.41,0.73,0,0,0
TX_UPI_100789,2026-08-04 16:10:23,16,CUST_1375,normal,BEN_6716,10.0,Cred,@paytm,Peer_to_Peer,Hyderabad,DEV_1653,iOS,1,1,1,1376.59,0.01,0,0,0
TX_UPI_100790,2026-08-03 11:17:22,11,CUST_1140,normal,BEN_4050,1075.28,Cred,@ybl,Peer_to_Peer,Pune,DEV_1251,Android,0,1,2,1118.4,0.96,0,0,0
TX_UPI_100791,2026-08-06 12:10:04,12,CUST_1116,normal,BEN_5818,1601.43,GPay,@upi,Peer_to_Peer,Mumbai,DEV_1569,iOS,0,1,6,1427.64,1.12,0,0,0
TX_UPI_100792,2026-08-05 15:26:12,15,CUST_1393,normal,BEN_2510,912.19,BHIM,@okaxis,Travel,Hyderabad,DEV_1776,Android,0,1,1,980.77,0.93,0,1,0
TX_UPI_100793,2026-08-08 09:18:29,9,CUST_1772,normal,BEN_6945,1408.22,Paytm,@paytm,Grocery,Hyderabad,DEV_1698,Android,0,1,2,850.28,1.66,0,0,0
TX_UPI_100794,2026-08-07 17:09:30,17,CUST_1397,normal,BEN_5690,1475.03,iMobile,@sbi,Peer_to_Peer,Pune,DEV_1868,iOS,0,1,3,1087.87,1.36,0,0,0
TX_UPI_100795,2026-08-03 21:23:19,21,CUST_1135,normal,BEN_5446,593.2,GPay,@paytm,Travel,Pune,DEV_1511,Android,0,1,3,858.18,0.69,0,0,0
TX_UPI_100796,2026-08-10 11:53:53,11,CUST_1668,normal,BEN_6413,1912.16,Cred,@okaxis,Peer_to_Peer,Bengaluru,DEV_2164,iOS,0,1,6,636.91,3.0,0,0,0
TX_UPI_100797,2026-08-01 10:46:41,10,CUST_1367,normal,BEN_5747,456.39,BHIM,@sbi,Grocery,Hyderabad,DEV_1119,iOS,0,1,1,923.99,0.49,0,0,0
TX_UPI_100798,2026-08-04 03:08:59,3,CUST_1784,normal,BEN_6163,1133.25,Paytm,@paytm,Grocery,Ahmedabad,DEV_1465,Android,0,1,1,858.75,1.32,0,0,0
TX_UPI_100799,2026-08-07 03:35:33,3,CUST_1450,normal,BEN_6853,396.83,Cred,@paytm,Travel,Mumbai,DEV_1124,Android,0,1,4,1096.64,0.36,1,0,0
TX_UPI_100800,2026-08-01 13:01:46,13,CUST_1614,normal,BEN_4635,622.61,PhonePe,@paytm,Peer_to_Peer,Bengaluru,DEV_2038,Android,1,1,4,948.8,0.66,0,0,0
TX_UPI_100801,2026-08-06 04:13:11,4,CUST_1289,normal,BEN_4343,982.68,PhonePe,@okaxis,Grocery,Chennai,DEV_1686,iOS,0,1,7,1401.71,0.7,0,0,0
TX_UPI_100802,2026-08-01 12:59:37,12,CUST_1297,mule,BEN_2732,9008.38,PhonePe,@icici,Jewelry,Mumbai,DEV_2247,Android,1,2,33,36368.38,0.25,0,0,1
TX_UPI_100803,2026-08-03 14:35:06,14,CUST_1387,normal,BEN_6318,281.39,Cred,@okaxis,Peer_to_Peer,Delhi_NCR,DEV_2561,iOS,1,1,5,1449.1,0.19,0,0,0
TX_UPI_100804,2026-08-02 11:18:51,11,CUST_1540,normal,BEN_3205,301.96,GPay,@icici,Travel,Ahmedabad,DEV_1649,iOS,0,1,2,1324.24,0.23,0,0,0
TX_UPI_100805,2026-08-04 19:41:48,19,CUST_1766,normal,BEN_4358,1417.2,GPay,@sbi,Peer_to_Peer,Hyderabad,DEV_2500,iOS,0,1,5,1161.74,1.22,0,0,0
TX_UPI_100806,2026-08-06 10:46:17,10,CUST_1805,normal,BEN_4339,1512.56,BHIM,@ybl,Travel,Delhi_NCR,DEV_2590,Android,0,1,1,1331.36,1.14,0,0,0
TX_UPI_100807,2026-08-01 23:44:25,23,CUST_1418,normal,BEN_2622,2135.67,BHIM,@icici,Travel,Delhi_NCR,DEV_2295,iOS,0,1,3,1069.57,2.0,1,0,0
TX_UPI_100808,2026-08-09 15:12:17,15,CUST_1481,mule,BEN_4534,4377.85,iMobile,@okaxis,Jewelry,Delhi_NCR,DEV_2707,Android,1,2,30,34932.34,0.13,1,0,1
TX_UPI_100809,2026-08-06 03:01:15,3,CUST_1362,normal,BEN_3759,1150.25,PhonePe,@upi,Grocery,Hyderabad,DEV_1243,iOS,0,1,6,999.82,1.15,0,0,0
TX_UPI_100810,2026-08-05 07:23:20,7,CUST_1459,normal,BEN_4908,1651.68,BHIM,@sbi,Grocery,Ahmedabad,DEV_1592,iOS,0,1,1,1074.35,1.54,0,0,0
TX_UPI_100811,2026-08-01 02:16:01,2,CUST_1607,normal,BEN_4592,1060.52,Cred,@paytm,Utilities,Ahmedabad,DEV_1656,iOS,0,1,4,991.31,1.07,0,0,0
TX_UPI_100812,2026-08-05 03:21:27,3,CUST_1049,normal,BEN_4146,1094.82,Cred,@icici,Utilities,Kolkata,DEV_1661,iOS,0,1,5,975.18,1.12,0,0,0
TX_UPI_100813,2026-08-04 09:02:52,9,CUST_1588,normal,BEN_2356,10.0,Cred,@paytm,Travel,Bengaluru,DEV_1583,iOS,0,1,7,1411.55,0.01,0,0,0
TX_UPI_100814,2026-08-04 03:33:51,3,CUST_1620,normal,BEN_2694,166.19,GPay,@ybl,Grocery,Pune,DEV_1196,Android,0,1,5,959.29,0.17,0,0,0
TX_UPI_100815,2026-08-07 13:14:12,13,CUST_1550,normal,BEN_2664,1410.79,PhonePe,@okaxis,Utilities,Ahmedabad,DEV_1756,Android,0,1,4,1023.74,1.38,0,0,0
TX_UPI_100816,2026-08-04 13:54:28,13,CUST_1112,normal,BEN_4541,572.99,iMobile,@sbi,Grocery,Bengaluru,DEV_2820,iOS,1,1,2,860.11,0.67,0,0,0
TX_UPI_100817,2026-08-10 18:04:38,18,CUST_1080,normal,BEN_5153,534.54,iMobile,@ybl,Grocery,Bengaluru,DEV_1320,iOS,0,1,3,908.22,0.59,0,0,0
TX_UPI_100818,2026-08-04 19:41:42,19,CUST_1039,normal,BEN_5572,1745.64,BHIM,@okaxis,Grocery,Chennai,DEV_2723,Android,0,1,6,940.79,1.86,0,0,0
TX_UPI_100819,2026-08-08 02:47:05,2,CUST_1385,normal,BEN_2240,1391.52,PhonePe,@sbi,Grocery,Hyderabad,DEV_1962,iOS,0,1,4,1193.28,1.17,0,0,0
TX_UPI_100820,2026-08-09 18:40:17,18,CUST_1767,normal,BEN_5568,1260.76,PhonePe,@okaxis,Peer_to_Peer,Kolkata,DEV_2004,Android,0,1,5,1195.74,1.05,0,0,0
TX_UPI_100821,2026-08-03 20:21:57,20,CUST_1653,normal,BEN_2899,209.87,Paytm,@upi,Travel,Delhi_NCR,DEV_2721,iOS,0,1,5,1292.95,0.16,0,0,0
TX_UPI_100822,2026-08-04 14:02:47,14,CUST_1098,normal,BEN_4663,589.37,PhonePe,@okaxis,Travel,Pune,DEV_2985,iOS,0,1,4,1244.0,0.47,0,0,0
TX_UPI_100823,2026-08-05 05:14:22,5,CUST_1713,normal,BEN_5007,1032.55,BHIM,@sbi,Utilities,Delhi_NCR,DEV_2720,iOS,0,1,6,1647.33,0.63,1,0,0
TX_UPI_100824,2026-08-10 12:00:54,12,CUST_1418,normal,BEN_3601,571.21,GPay,@icici,Grocery,Chennai,DEV_2382,iOS,0,1,1,1152.92,0.5,0,0,0
TX_UPI_100825,2026-08-09 20:05:59,20,CUST_1224,normal,BEN_4357,1777.25,Paytm,@sbi,Grocery,Mumbai,DEV_1916,iOS,0,1,3,1428.78,1.24,0,0,0
TX_UPI_100826,2026-08-08 10:38:15,10,CUST_1625,normal,BEN_4106,129.12,Paytm,@ybl,Grocery,Mumbai,DEV_2643,Android,0,1,5,934.59,0.14,0,0,0
TX_UPI_100827,2026-08-07 07:04:02,7,CUST_1215,normal,BEN_5388,2575.5,Paytm,@icici,Travel,Hyderabad,DEV_2716,Android,0,1,7,896.0,2.87,0,0,0
TX_UPI_100828,2026-08-03 14:48:08,14,CUST_1566,normal,BEN_1164,760.35,iMobile,@ybl,Grocery,Mumbai,DEV_2731,Android,0,1,5,987.09,0.77,0,0,0
TX_UPI_100829,2026-08-04 15:48:30,15,CUST_1024,normal,BEN_2012,1163.67,PhonePe,@sbi,Travel,Hyderabad,DEV_1557,Android,0,1,4,619.28,1.88,0,0,0
TX_UPI_100830,2026-08-01 22:17:24,22,CUST_1075,normal,BEN_5437,1188.93,Cred,@sbi,Utilities,Kolkata,DEV_1030,Android,0,1,2,961.65,1.24,0,0,0
TX_UPI_100831,2026-08-04 18:55:54,18,CUST_1803,normal,BEN_4759,2354.91,Paytm,@upi,Travel,Mumbai,DEV_1561,iOS,0,1,1,1275.17,1.85,0,0,0
TX_UPI_100832,2026-08-03 16:44:09,16,CUST_1416,normal,BEN_6757,976.83,Cred,@paytm,Peer_to_Peer,Ahmedabad,DEV_2858,iOS,0,1,3,1269.69,0.77,1,0,0
TX_UPI_100833,2026-08-10 06:09:09,6,CUST_1559,normal,BEN_1203,1472.04,iMobile,@okaxis,Travel,Ahmedabad,DEV_2183,Android,0,1,5,1312.36,1.12,0,0,0
TX_UPI_100834,2026-08-10 19:50:11,19,CUST_1645,normal,BEN_5012,934.95,GPay,@okaxis,Utilities,Delhi_NCR,DEV_2771,Android,1,1,2,819.56,1.14,0,0,0
TX_UPI_100835,2026-08-06 23:43:06,23,CUST_1258,normal,BEN_3633,539.67,BHIM,@paytm,Utilities,Chennai,DEV_1074,Android,0,1,9,1378.72,0.39,0,0,0
TX_UPI_100836,2026-08-10 15:28:18,15,CUST_1500,normal,BEN_4779,119.14,Cred,@upi,Grocery,Chennai,DEV_1659,Android,0,1,1,1195.65,0.1,0,0,0
TX_UPI_100837,2026-08-06 03:59:40,3,CUST_1716,normal,BEN_5259,1637.81,GPay,@upi,Grocery,Delhi_NCR,DEV_1331,Android,0,1,5,1018.81,1.61,0,0,0
TX_UPI_100838,2026-08-07 00:13:58,0,CUST_1174,normal,BEN_5481,1099.64,iMobile,@icici,Travel,Ahmedabad,DEV_2533,Android,1,1,4,1100.61,1.0,0,0,0
TX_UPI_100839,2026-08-08 11:09:39,11,CUST_1380,normal,BEN_5286,10.0,Cred,@sbi,Travel,Delhi_NCR,DEV_1594,Android,0,1,3,875.66,0.01,0,0,0
TX_UPI_100840,2026-08-03 13:20:48,13,CUST_1338,normal,BEN_6857,1340.17,iMobile,@sbi,Grocery,Delhi_NCR,DEV_2073,Android,1,1,9,1168.2,1.15,0,0,0
TX_UPI_100841,2026-08-01 01:37:54,1,CUST_1319,normal,BEN_4756,949.18,iMobile,@ybl,Travel,Hyderabad,DEV_2101,Android,1,1,5,1195.85,0.79,0,0,0
TX_UPI_100842,2026-08-03 17:50:09,17,CUST_1353,normal,BEN_4491,1536.08,iMobile,@okaxis,Travel,Hyderabad,DEV_1582,iOS,0,1,5,1573.57,0.98,0,0,0
TX_UPI_100843,2026-08-08 18:52:45,18,CUST_1675,normal,BEN_2773,295.29,PhonePe,@okaxis,Peer_to_Peer,Delhi_NCR,DEV_2496,Android,0,1,4,857.67,0.34,0,0,0
TX_UPI_100844,2026-08-10 08:51:18,8,CUST_1606,normal,BEN_1021,1644.41,Cred,@paytm,Utilities,Ahmedabad,DEV_1344,Android,0,1,2,979.83,1.68,0,0,0
TX_UPI_100845,2026-08-06 18:29:20,18,CUST_1000,normal,BEN_4601,963.93,Paytm,@okaxis,Utilities,Mumbai,DEV_2047,Android,0,1,5,1300.43,0.74,0,0,0
TX_UPI_100846,2026-08-05 13:53:57,13,CUST_1792,normal,BEN_5276,203.43,BHIM,@sbi,Utilities,Ahmedabad,DEV_1638,iOS,1,1,4,909.7,0.22,0,0,0
TX_UPI_100847,2026-08-04 08:53:48,8,CUST_1728,normal,BEN_3052,193.2,PhonePe,@upi,Grocery,Ahmedabad,DEV_2423,iOS,0,1,3,1005.96,0.19,0,0,0
TX_UPI_100848,2026-08-06 15:45:15,15,CUST_1789,normal,BEN_5585,3141.37,iMobile,@paytm,Grocery,Kolkata,DEV_2263,Android,0,1,4,749.37,4.19,0,0,0
TX_UPI_100849,2026-08-05 09:08:46,9,CUST_1538,normal,BEN_4021,748.18,PhonePe,@okaxis,Travel,Pune,DEV_1192,iOS,0,1,6,1581.23,0.47,1,0,0
TX_UPI_100850,2026-08-05 20:00:41,20,CUST_1044,normal,BEN_1468,10.0,iMobile,@sbi,Peer_to_Peer,Pune,DEV_2280,iOS,0,1,1,1529.03,0.01,0,0,0
TX_UPI_100851,2026-08-06 17:54:06,17,CUST_1767,normal,BEN_1236,1511.69,iMobile,@icici,Utilities,Bengaluru,DEV_1756,Android,0,1,2,1208.31,1.25,0,0,0
TX_UPI_100852,2026-08-02 10:47:08,10,CUST_1057,normal,BEN_5457,10.0,BHIM,@sbi,Travel,Mumbai,DEV_1199,iOS,0,1,4,1158.68,0.01,0,0,0
TX_UPI_100853,2026-08-04 20:10:53,20,CUST_1726,normal,BEN_6443,1939.42,PhonePe,@icici,Utilities,Chennai,DEV_2926,Android,0,1,1,1100.56,1.76,0,0,0
TX_UPI_100854,2026-08-02 00:27:27,0,CUST_1176,normal,BEN_5140,459.66,BHIM,@okaxis,Travel,Pune,DEV_2410,Android,0,1,4,865.12,0.53,0,0,0
TX_UPI_100855,2026-08-05 06:08:39,6,CUST_1120,normal,BEN_1952,873.52,Paytm,@upi,Grocery,Bengaluru,DEV_1180,iOS,0,1,2,1236.27,0.71,0,0,0
TX_UPI_100856,2026-08-10 13:44:10,13,CUST_1010,normal,BEN_6933,1886.76,PhonePe,@sbi,Utilities,Chennai,DEV_1166,iOS,0,1,3,1089.18,1.73,0,0,0
TX_UPI_100857,2026-08-09 22:59:24,22,CUST_1135,normal,BEN_3285,41.13,Paytm,@okaxis,Utilities,Kolkata,DEV_1364,iOS,0,1,3,1067.95,0.04,0,0,0
TX_UPI_100858,2026-08-04 13:54:18,13,CUST_1265,normal,BEN_3909,3296.63,iMobile,@upi,Utilities,Pune,DEV_2003,Android,0,1,1,1431.4,2.3,0,0,0
TX_UPI_100859,2026-08-08 02:27:30,2,CUST_1394,mule,BEN_6292,54937.18,PhonePe,@icici,Jewelry,Hyderabad,DEV_1710,iOS,1,1,27,42051.72,1.31,1,0,1
TX_UPI_100860,2026-08-10 00:27:10,0,CUST_1813,normal,BEN_4831,1497.68,Paytm,@okaxis,Peer_to_Peer,Hyderabad,DEV_1446,iOS,0,1,4,1067.25,1.4,0,0,0
TX_UPI_100861,2026-08-08 02:55:26,2,CUST_1330,normal,BEN_6744,2178.86,Paytm,@icici,Peer_to_Peer,Kolkata,DEV_1660,Android,0,1,6,929.84,2.34,0,0,0
TX_UPI_100862,2026-08-08 20:42:32,20,CUST_1102,normal,BEN_5479,144.6,PhonePe,@paytm,Peer_to_Peer,Pune,DEV_1956,Android,1,1,3,887.99,0.16,0,0,0
TX_UPI_100863,2026-08-06 17:56:16,17,CUST_1249,normal,BEN_6558,1149.18,Paytm,@sbi,Grocery,Chennai,DEV_1988,iOS,1,1,6,970.25,1.18,0,0,0
TX_UPI_100864,2026-08-10 09:27:53,9,CUST_1275,normal,BEN_2363,1165.74,Cred,@upi,Utilities,Mumbai,DEV_2048,Android,0,1,4,1283.62,0.91,0,0,0
TX_UPI_100865,2026-08-07 21:26:18,21,CUST_1769,normal,BEN_1740,10.0,PhonePe,@ybl,Utilities,Chennai,DEV_2987,Android,0,1,2,1130.71,0.01,0,0,0
TX_UPI_100866,2026-08-08 23:50:01,23,CUST_1151,normal,BEN_2512,2160.06,PhonePe,@ybl,Travel,Pune,DEV_1164,iOS,0,1,3,629.63,3.43,0,0,0
TX_UPI_100867,2026-08-02 22:24:29,22,CUST_1352,normal,BEN_4869,1695.77,GPay,@upi,Grocery,Kolkata,DEV_2869,Android,0,1,2,794.48,2.13,0,0,0
TX_UPI_100868,2026-08-04 20:43:41,20,CUST_1781,normal,BEN_6527,700.52,PhonePe,@upi,Peer_to_Peer,Chennai,DEV_2678,iOS,0,1,3,934.86,0.75,0,0,0
TX_UPI_100869,2026-08-08 02:48:35,2,CUST_1027,normal,BEN_3967,10.0,PhonePe,@icici,Grocery,Delhi_NCR,DEV_1755,Android,0,1,5,1385.97,0.01,0,0,0
TX_UPI_100870,2026-08-02 16:13:07,16,CUST_1511,normal,BEN_1760,1721.22,PhonePe,@okaxis,Peer_to_Peer,Hyderabad,DEV_1891,iOS,0,1,1,1031.64,1.67,0,0,0
TX_UPI_100871,2026-08-06 20:00:00,20,CUST_1035,normal,BEN_6589,1194.78,Paytm,@upi,Grocery,Delhi_NCR,DEV_1815,Android,1,1,5,1240.4,0.96,0,0,0
TX_UPI_100872,2026-08-05 21:48:41,21,CUST_1822,normal,BEN_5153,612.66,GPay,@ybl,Peer_to_Peer,Chennai,DEV_2176,Android,0,1,4,1189.75,0.51,0,0,0
TX_UPI_100873,2026-08-01 15:52:39,15,CUST_1310,normal,BEN_4054,2364.66,BHIM,@paytm,Grocery,Bengaluru,DEV_2028,iOS,0,1,5,1269.37,1.86,0,0,0
TX_UPI_100874,2026-08-06 03:31:04,3,CUST_1544,normal,BEN_3761,1267.06,BHIM,@sbi,Peer_to_Peer,Bengaluru,DEV_1014,Android,0,1,6,1178.34,1.08,0,0,0
TX_UPI_100875,2026-08-06 15:22:19,15,CUST_1288,normal,BEN_1410,511.13,GPay,@okaxis,Travel,Ahmedabad,DEV_1751,iOS,0,1,6,1247.5,0.41,0,0,0
TX_UPI_100876,2026-08-01 06:51:13,6,CUST_1555,normal,BEN_1143,845.56,Paytm,@ybl,Grocery,Pune,DEV_1854,iOS,0,1,3,1151.18,0.73,0,0,0
TX_UPI_100877,2026-08-05 19:24:21,19,CUST_1254,normal,BEN_2184,1570.55,PhonePe,@okaxis,Utilities,Bengaluru,DEV_2488,Android,0,1,4,1154.71,1.36,0,0,0
TX_UPI_100878,2026-08-09 21:24:38,21,CUST_1536,normal,BEN_4053,2559.97,Cred,@upi,Grocery,Mumbai,DEV_1668,Android,0,1,6,1125.75,2.27,0,0,0
TX_UPI_100879,2026-08-09 19:17:16,19,CUST_1080,normal,BEN_1183,1953.05,Paytm,@sbi,Grocery,Pune,DEV_1820,iOS,0,1,1,1175.5,1.66,0,0,0
TX_UPI_100880,2026-08-06 06:14:49,6,CUST_1119,normal,BEN_5211,2647.45,PhonePe,@icici,Peer_to_Peer,Pune,DEV_2260,iOS,0,1,3,876.57,3.02,0,1,0
TX_UPI_100881,2026-08-06 07:16:10,7,CUST_1281,normal,BEN_6500,678.33,iMobile,@sbi,Grocery,Delhi_NCR,DEV_2027,iOS,0,1,1,891.66,0.76,0,0,0
TX_UPI_100882,2026-08-01 05:27:08,5,CUST_1800,normal,BEN_4788,903.59,BHIM,@sbi,Grocery,Delhi_NCR,DEV_1546,iOS,0,1,1,1083.75,0.83,0,0,0
TX_UPI_100883,2026-08-03 16:23:15,16,CUST_1065,normal,BEN_5876,1921.82,Cred,@paytm,Travel,Ahmedabad,DEV_2300,iOS,0,1,2,1444.63,1.33,0,1,0
TX_UPI_100884,2026-08-10 23:36:28,23,CUST_1455,normal,BEN_6715,1608.63,PhonePe,@upi,Grocery,Ahmedabad,DEV_2090,Android,0,1,6,922.12,1.74,0,0,0
TX_UPI_100885,2026-08-07 19:29:52,19,CUST_1353,normal,BEN_3583,1883.62,GPay,@ybl,Travel,Chennai,DEV_1597,iOS,0,1,1,1293.66,1.46,0,0,0
TX_UPI_100886,2026-08-06 00:59:31,0,CUST_1783,normal,BEN_5403,1337.47,GPay,@paytm,Utilities,Ahmedabad,DEV_1768,Android,0,1,5,797.86,1.68,0,0,0
TX_UPI_100887,2026-08-02 08:13:26,8,CUST_1584,normal,BEN_4346,483.94,Paytm,@ybl,Travel,Delhi_NCR,DEV_2126,iOS,0,1,5,852.4,0.57,0,0,0
TX_UPI_100888,2026-08-09 01:28:20,1,CUST_1703,normal,BEN_4309,1570.57,iMobile,@sbi,Utilities,Chennai,DEV_1461,iOS,0,1,1,1283.56,1.22,0,0,0
TX_UPI_100889,2026-08-01 00:58:19,0,CUST_1545,normal,BEN_5752,213.98,Paytm,@upi,Utilities,Delhi_NCR,DEV_1785,Android,0,1,5,1230.15,0.17,0,0,0
TX_UPI_100890,2026-08-08 12:33:53,12,CUST_1515,normal,BEN_5995,642.58,GPay,@icici,Travel,Kolkata,DEV_1665,Android,0,1,5,1142.51,0.56,0,0,0
TX_UPI_100891,2026-08-08 07:09:13,7,CUST_1808,normal,BEN_4023,768.93,iMobile,@upi,Utilities,Hyderabad,DEV_1937,Android,0,1,1,608.97,1.26,0,0,0
TX_UPI_100892,2026-08-04 13:20:13,13,CUST_1066,normal,BEN_6600,1479.72,GPay,@ybl,Grocery,Ahmedabad,DEV_1501,iOS,0,1,1,1102.88,1.34,0,0,0
TX_UPI_100893,2026-08-05 00:29:10,0,CUST_1163,normal,BEN_1264,989.24,PhonePe,@upi,Peer_to_Peer,Bengaluru,DEV_2533,Android,0,1,5,1007.51,0.98,0,0,0
TX_UPI_100894,2026-08-06 01:29:10,1,CUST_1266,normal,BEN_4938,936.44,iMobile,@icici,Grocery,Bengaluru,DEV_1898,Android,1,1,5,1160.41,0.81,0,0,0
TX_UPI_100895,2026-08-09 16:43:55,16,CUST_1523,normal,BEN_2016,1452.92,iMobile,@sbi,Grocery,Ahmedabad,DEV_2612,iOS,0,1,4,711.46,2.04,0,0,0
TX_UPI_100896,2026-08-05 10:44:25,10,CUST_1422,normal,BEN_4953,1805.43,iMobile,@paytm,Peer_to_Peer,Delhi_NCR,DEV_2629,Android,1,1,5,836.0,2.16,0,0,0
TX_UPI_100897,2026-08-10 04:29:11,4,CUST_1266,normal,BEN_4689,1004.74,Paytm,@paytm,Utilities,Ahmedabad,DEV_2612,iOS,0,1,3,1047.72,0.96,0,0,0
TX_UPI_100898,2026-08-01 07:33:20,7,CUST_1226,normal,BEN_6864,1467.09,Paytm,@icici,Travel,Chennai,DEV_1628,iOS,0,1,6,1339.62,1.1,0,0,0
TX_UPI_100899,2026-08-10 18:31:51,18,CUST_1711,normal,BEN_6216,150.22,PhonePe,@ybl,Grocery,Pune,DEV_1526,iOS,0,1,5,1398.94,0.11,0,0,0
TX_UPI_100900,2026-08-09 18:02:49,18,CUST_1520,normal,BEN_2395,1509.45,iMobile,@icici,Travel,Kolkata,DEV_2266,iOS,0,1,6,1562.94,0.97,0,0,0
TX_UPI_100901,2026-08-06 21:20:17,21,CUST_1663,normal,BEN_4111,2018.97,PhonePe,@icici,Utilities,Ahmedabad,DEV_1991,Android,0,1,4,1330.82,1.52,0,0,0
TX_UPI_100902,2026-08-08 09:16:46,9,CUST_1796,normal,BEN_4762,1315.91,iMobile,@okaxis,Utilities,Hyderabad,DEV_2021,iOS,0,1,4,995.66,1.32,1,0,0
TX_UPI_100903,2026-08-05 09:53:40,9,CUST_1680,normal,BEN_1550,2450.73,GPay,@upi,Grocery,Bengaluru,DEV_2039,iOS,0,1,2,1447.77,1.69,0,0,0
TX_UPI_100904,2026-08-01 16:18:13,16,CUST_1457,normal,BEN_2496,1599.89,Cred,@icici,Peer_to_Peer,Hyderabad,DEV_1524,Android,0,1,1,1168.24,1.37,0,0,0
TX_UPI_100905,2026-08-08 09:25:27,9,CUST_1272,normal,BEN_1521,10.0,Cred,@paytm,Utilities,Bengaluru,DEV_2501,Android,0,1,5,1292.46,0.01,0,0,0
TX_UPI_100906,2026-08-08 01:18:26,1,CUST_1488,normal,BEN_6192,726.12,BHIM,@okaxis,Grocery,Mumbai,DEV_2617,iOS,0,1,4,1549.0,0.47,0,0,0
TX_UPI_100907,2026-08-03 14:37:17,14,CUST_1612,normal,BEN_1913,795.4,BHIM,@paytm,Peer_to_Peer,Mumbai,DEV_2763,iOS,0,1,1,1435.6,0.55,0,0,0
TX_UPI_100908,2026-08-04 01:19:36,1,CUST_1772,normal,BEN_2446,2770.07,BHIM,@icici,Travel,Pune,DEV_2292,iOS,0,1,4,1322.75,2.09,0,0,0
TX_UPI_100909,2026-08-04 00:31:58,0,CUST_1349,normal,BEN_2492,2273.18,Paytm,@sbi,Utilities,Pune,DEV_1228,iOS,0,1,2,963.53,2.36,0,0,0
TX_UPI_100910,2026-08-10 05:29:36,5,CUST_1442,normal,BEN_6225,2184.7,iMobile,@paytm,Utilities,Bengaluru,DEV_1701,iOS,0,1,7,1215.09,1.8,0,0,0
TX_UPI_100911,2026-08-07 02:09:14,2,CUST_1312,normal,BEN_3458,496.15,Paytm,@icici,Utilities,Ahmedabad,DEV_2402,Android,0,1,7,952.57,0.52,0,0,0
TX_UPI_100912,2026-08-10 12:53:02,12,CUST_1175,normal,BEN_5230,931.89,PhonePe,@icici,Travel,Delhi_NCR,DEV_2959,iOS,0,1,4,1453.0,0.64,0,0,0
TX_UPI_100913,2026-08-04 04:33:43,4,CUST_1483,normal,BEN_6953,1883.18,Paytm,@paytm,Peer_to_Peer,Delhi_NCR,DEV_1683,iOS,0,1,4,1191.19,1.58,0,0,0
TX_UPI_100914,2026-08-01 01:39:08,1,CUST_1780,normal,BEN_2146,1234.81,BHIM,@okaxis,Utilities,Kolkata,DEV_2322,iOS,0,1,5,472.91,2.61,1,0,0
TX_UPI_100915,2026-08-04 02:32:41,2,CUST_1301,normal,BEN_4132,962.71,Paytm,@okaxis,Peer_to_Peer,Chennai,DEV_2619,iOS,0,1,4,803.76,1.2,0,0,0
TX_UPI_100916,2026-08-02 07:07:04,7,CUST_1076,normal,BEN_6908,1509.06,PhonePe,@ybl,Peer_to_Peer,Chennai,DEV_2928,iOS,0,1,3,1501.31,1.01,0,0,0
TX_UPI_100917,2026-08-09 13:46:47,13,CUST_1498,normal,BEN_1459,2458.42,PhonePe,@paytm,Grocery,Kolkata,DEV_1207,Android,0,1,3,1043.8,2.36,0,0,0
TX_UPI_100918,2026-08-10 02:24:09,2,CUST_1075,normal,BEN_2232,1140.84,Paytm,@sbi,Travel,Kolkata,DEV_2789,Android,0,1,3,1126.81,1.01,0,0,0
TX_UPI_100919,2026-08-10 06:10:40,6,CUST_1676,normal,BEN_1557,593.37,Paytm,@icici,Travel,Pune,DEV_1287,Android,0,1,1,1229.45,0.48,0,0,0
TX_UPI_100920,2026-08-06 09:51:37,9,CUST_1765,normal,BEN_4774,1703.62,PhonePe,@ybl,Grocery,Chennai,DEV_1466,iOS,0,1,2,1294.89,1.32,0,0,0
TX_UPI_100921,2026-08-08 19:03:57,19,CUST_1420,normal,BEN_5328,694.74,BHIM,@upi,Grocery,Ahmedabad,DEV_2703,Android,0,1,4,1276.88,0.54,0,0,0
TX_UPI_100922,2026-08-10 16:30:55,16,CUST_1334,normal,BEN_1549,1173.11,Cred,@upi,Utilities,Pune,DEV_2299,iOS,0,1,4,956.06,1.23,0,0,0
TX_UPI_100923,2026-08-02 01:33:11,1,CUST_1587,normal,BEN_6602,1042.83,BHIM,@icici,Utilities,Hyderabad,DEV_2571,Android,0,1,3,900.82,1.16,0,0,0
TX_UPI_100924,2026-08-01 21:16:13,21,CUST_1186,normal,BEN_6673,1058.58,iMobile,@icici,Travel,Chennai,DEV_2080,iOS,0,1,1,962.12,1.1,0,0,0
TX_UPI_100925,2026-08-05 17:34:49,17,CUST_1019,mule,BEN_3120,29302.49,GPay,@ybl,Jewelry,Chennai,DEV_1308,iOS,1,1,22,30051.02,0.98,0,0,1
TX_UPI_100926,2026-08-10 08:15:27,8,CUST_1588,normal,BEN_2214,1150.59,Paytm,@sbi,Grocery,Delhi_NCR,DEV_2583,Android,0,1,4,1289.88,0.89,1,0,0
TX_UPI_100927,2026-08-07 13:18:30,13,CUST_1356,normal,BEN_2710,680.19,GPay,@paytm,Utilities,Chennai,DEV_2347,Android,0,1,1,829.91,0.82,0,0,0
TX_UPI_100928,2026-08-01 07:57:02,7,CUST_1140,normal,BEN_2708,810.24,BHIM,@okaxis,Peer_to_Peer,Kolkata,DEV_1909,Android,0,1,3,895.2,0.91,0,0,0
TX_UPI_100929,2026-08-02 12:18:24,12,CUST_1095,normal,BEN_2717,163.11,PhonePe,@icici,Travel,Bengaluru,DEV_2549,Android,0,1,3,1123.54,0.15,0,0,0
TX_UPI_100930,2026-08-03 13:15:44,13,CUST_1092,normal,BEN_1917,1676.02,Cred,@paytm,Grocery,Ahmedabad,DEV_2041,iOS,1,1,2,980.88,1.71,0,0,0
TX_UPI_100931,2026-08-04 18:17:19,18,CUST_1066,normal,BEN_1691,458.64,BHIM,@sbi,Travel,Pune,DEV_2436,Android,0,1,3,876.38,0.52,0,1,0
TX_UPI_100932,2026-08-04 22:09:34,22,CUST_1046,normal,BEN_5248,1658.5,PhonePe,@ybl,Utilities,Delhi_NCR,DEV_1262,Android,0,1,1,993.69,1.67,0,0,0
TX_UPI_100933,2026-08-09 00:30:58,0,CUST_1300,normal,BEN_2412,1440.89,Paytm,@icici,Utilities,Kolkata,DEV_1858,Android,0,1,4,1726.33,0.83,0,0,0
TX_UPI_100934,2026-08-02 07:51:45,7,CUST_1805,normal,BEN_4306,1479.84,PhonePe,@okaxis,Grocery,Ahmedabad,DEV_1626,Android,0,1,1,1057.09,1.4,0,0,0
TX_UPI_100935,2026-08-06 17:02:37,17,CUST_1035,normal,BEN_4088,10.0,iMobile,@ybl,Travel,Kolkata,DEV_2104,Android,0,1,3,880.07,0.01,0,0,0
TX_UPI_100936,2026-08-02 02:49:58,2,CUST_1429,normal,BEN_5396,1932.31,GPay,@okaxis,Peer_to_Peer,Ahmedabad,DEV_1850,iOS,0,1,2,1051.98,1.84,0,1,0
TX_UPI_100937,2026-08-04 02:48:58,2,CUST_1131,normal,BEN_5037,691.55,Paytm,@sbi,Utilities,Chennai,DEV_1978,Android,0,1,7,1002.9,0.69,0,0,0
TX_UPI_100938,2026-08-02 17:32:02,17,CUST_1230,normal,BEN_6038,2666.05,iMobile,@okaxis,Travel,Bengaluru,DEV_1578,iOS,0,1,5,1195.7,2.23,0,0,0
TX_UPI_100939,2026-08-06 14:36:38,14,CUST_1684,mule,BEN_4457,42374.66,Cred,@icici,Jewelry,Pune,DEV_1671,Android,1,2,28,19933.96,2.13,0,0,1
TX_UPI_100940,2026-08-05 16:08:53,16,CUST_1647,normal,BEN_6198,976.89,GPay,@ybl,Peer_to_Peer,Delhi_NCR,DEV_1292,Android,0,1,5,1068.26,0.91,0,0,0
TX_UPI_100941,2026-08-05 04:10:07,4,CUST_1192,normal,BEN_4712,75.85,iMobile,@icici,Travel,Kolkata,DEV_1439,iOS,0,1,3,1488.99,0.05,0,0,0
TX_UPI_100942,2026-08-03 06:16:10,6,CUST_1261,normal,BEN_3804,2197.51,Paytm,@upi,Grocery,Ahmedabad,DEV_2368,Android,0,1,3,1308.35,1.68,0,0,0
TX_UPI_100943,2026-08-02 12:45:59,12,CUST_1096,normal,BEN_6838,906.79,PhonePe,@upi,Grocery,Bengaluru,DEV_2127,Android,0,1,1,858.13,1.06,0,0,0
TX_UPI_100944,2026-08-07 03:00:41,3,CUST_1186,normal,BEN_6575,2450.31,BHIM,@icici,Utilities,Hyderabad,DEV_2720,Android,1,1,3,1021.59,2.4,0,0,0
TX_UPI_100945,2026-08-07 10:32:14,10,CUST_1537,normal,BEN_5348,960.13,GPay,@icici,Utilities,Chennai,DEV_2420,Android,0,1,7,1470.23,0.65,0,0,0
TX_UPI_100946,2026-08-10 02:46:29,2,CUST_1733,normal,BEN_1400,2975.02,PhonePe,@icici,Peer_to_Peer,Kolkata,DEV_1570,Android,0,1,3,1150.95,2.58,0,0,0
TX_UPI_100947,2026-08-06 16:18:57,16,CUST_1329,normal,BEN_3058,10.0,PhonePe,@sbi,Grocery,Pune,DEV_1153,Android,0,1,6,799.73,0.01,0,0,0
TX_UPI_100948,2026-08-05 23:31:49,23,CUST_1143,normal,BEN_2306,1373.42,PhonePe,@upi,Grocery,Delhi_NCR,DEV_1801,Android,0,1,1,938.67,1.46,0,0,0
TX_UPI_100949,2026-08-04 08:27:15,8,CUST_1143,normal,BEN_2166,530.19,BHIM,@okaxis,Travel,Delhi_NCR,DEV_1908,Android,0,1,2,950.61,0.56,1,0,0
TX_UPI_100950,2026-08-10 08:45:42,8,CUST_1643,normal,BEN_2022,761.38,Cred,@upi,Travel,Hyderabad,DEV_1611,iOS,0,1,5,814.83,0.93,0,0,0
TX_UPI_100951,2026-08-01 11:56:01,11,CUST_1390,normal,BEN_2379,1376.43,Paytm,@okaxis,Utilities,Ahmedabad,DEV_2198,iOS,0,1,6,956.83,1.44,0,0,0
TX_UPI_100952,2026-08-02 01:47:55,1,CUST_1749,normal,BEN_6446,625.66,Cred,@icici,Grocery,Chennai,DEV_2780,Android,0,1,3,1363.13,0.46,0,0,0
TX_UPI_100953,2026-08-04 09:36:54,9,CUST_1741,normal,BEN_6463,1355.29,iMobile,@paytm,Peer_to_Peer,Pune,DEV_1859,iOS,0,1,2,1196.13,1.13,0,0,0
TX_UPI_100954,2026-08-07 00:10:20,0,CUST_1226,normal,BEN_6804,318.17,Cred,@upi,Peer_to_Peer,Pune,DEV_2599,Android,0,1,5,1178.07,0.27,0,0,0
TX_UPI_100955,2026-08-02 07:23:54,7,CUST_1604,normal,BEN_2954,953.75,iMobile,@okaxis,Peer_to_Peer,Bengaluru,DEV_2979,Android,0,1,2,867.2,1.1,0,0,0
TX_UPI_100956,2026-08-01 11:36:41,11,CUST_1355,normal,BEN_4266,1627.85,iMobile,@upi,Grocery,Ahmedabad,DEV_2925,Android,0,1,6,927.05,1.76,0,0,0
TX_UPI_100957,2026-08-03 04:38:37,4,CUST_1024,normal,BEN_4376,1566.71,iMobile,@paytm,Travel,Bengaluru,DEV_2885,iOS,0,1,1,939.69,1.67,0,0,0
TX_UPI_100958,2026-08-04 00:26:21,0,CUST_1283,normal,BEN_6200,1175.15,BHIM,@okaxis,Travel,Chennai,DEV_2431,iOS,0,1,2,855.24,1.37,0,0,0
TX_UPI_100959,2026-08-10 03:25:12,3,CUST_1356,normal,BEN_6049,665.78,PhonePe,@upi,Travel,Bengaluru,DEV_1720,iOS,0,1,4,1035.04,0.64,0,0,0
TX_UPI_100960,2026-08-09 18:16:49,18,CUST_1092,normal,BEN_2525,10.0,iMobile,@upi,Travel,Chennai,DEV_2309,iOS,0,1,1,934.35,0.01,0,0,0
TX_UPI_100961,2026-08-05 09:17:01,9,CUST_1772,normal,BEN_2554,1566.15,PhonePe,@ybl,Utilities,Chennai,DEV_1228,Android,0,1,1,960.06,1.63,0,0,0
TX_UPI_100962,2026-08-09 10:37:07,10,CUST_1077,normal,BEN_3157,779.0,PhonePe,@okaxis,Peer_to_Peer,Bengaluru,DEV_2745,iOS,0,1,6,987.59,0.79,0,0,0
TX_UPI_100963,2026-08-09 22:27:28,22,CUST_1817,normal,BEN_4625,1506.39,Paytm,@icici,Grocery,Bengaluru,DEV_1460,iOS,0,1,4,568.66,2.65,0,0,0
TX_UPI_100964,2026-08-09 10:27:23,10,CUST_1224,normal,BEN_1101,1814.57,PhonePe,@ybl,Peer_to_Peer,Ahmedabad,DEV_1297,Android,0,1,4,1201.98,1.51,0,0,0
TX_UPI_100965,2026-08-07 16:33:22,16,CUST_1581,normal,BEN_5714,4340.99,PhonePe,@upi,Travel,Delhi_NCR,DEV_2284,iOS,0,1,1,1493.93,2.91,0,0,0
TX_UPI_100966,2026-08-04 04:45:59,4,CUST_1441,normal,BEN_3925,970.04,Paytm,@paytm,Utilities,Hyderabad,DEV_2106,iOS,0,1,4,1069.08,0.91,0,0,0
TX_UPI_100967,2026-08-08 00:38:01,0,CUST_1131,normal,BEN_5948,860.61,GPay,@icici,Utilities,Ahmedabad,DEV_1214,iOS,0,1,2,1159.08,0.74,0,0,0
TX_UPI_100968,2026-08-07 23:15:54,23,CUST_1054,normal,BEN_4573,10.0,BHIM,@icici,Grocery,Ahmedabad,DEV_2210,iOS,0,1,5,980.11,0.01,1,0,0
TX_UPI_100969,2026-08-06 18:49:39,18,CUST_1723,normal,BEN_6888,295.94,PhonePe,@okaxis,Peer_to_Peer,Chennai,DEV_2955,Android,0,1,3,1381.72,0.21,0,1,0
TX_UPI_100970,2026-08-10 06:38:14,6,CUST_1136,normal,BEN_6711,771.73,BHIM,@ybl,Peer_to_Peer,Ahmedabad,DEV_2102,iOS,0,1,4,904.57,0.85,0,0,0
TX_UPI_100971,2026-08-07 13:10:24,13,CUST_1697,normal,BEN_3935,1806.34,Cred,@paytm,Peer_to_Peer,Mumbai,DEV_2458,Android,0,1,5,1523.67,1.19,0,0,0
TX_UPI_100972,2026-08-09 21:22:20,21,CUST_1199,normal,BEN_6319,1059.55,PhonePe,@icici,Peer_to_Peer,Delhi_NCR,DEV_1060,Android,0,1,5,1103.54,0.96,0,0,0
TX_UPI_100973,2026-08-09 07:37:24,7,CUST_1396,normal,BEN_3812,2236.7,BHIM,@upi,Travel,Ahmedabad,DEV_2735,Android,0,1,2,1258.8,1.78,0,0,0
TX_UPI_100974,2026-08-03 05:45:31,5,CUST_1266,normal,BEN_6185,1044.24,BHIM,@ybl,Grocery,Hyderabad,DEV_2325,iOS,0,1,3,1102.02,0.95,0,0,0
TX_UPI_100975,2026-08-01 17:13:39,17,CUST_1699,normal,BEN_5334,1401.79,Paytm,@okaxis,Travel,Delhi_NCR,DEV_2973,Android,0,1,3,1131.53,1.24,0,0,0
TX_UPI_100976,2026-08-03 02:12:47,2,CUST_1193,normal,BEN_2788,2462.49,iMobile,@icici,Travel,Ahmedabad,DEV_2096,Android,1,1,5,1288.6,1.91,0,0,0
TX_UPI_100977,2026-08-06 08:21:44,8,CUST_1723,normal,BEN_6096,835.57,PhonePe,@icici,Travel,Delhi_NCR,DEV_1062,iOS,0,1,2,1309.27,0.64,0,0,0
TX_UPI_100978,2026-08-02 07:23:30,7,CUST_1357,normal,BEN_2582,1900.84,iMobile,@ybl,Peer_to_Peer,Delhi_NCR,DEV_2019,Android,0,1,6,935.04,2.03,0,0,0
TX_UPI_100979,2026-08-02 09:53:54,9,CUST_1684,mule,BEN_2158,30409.03,Cred,@okaxis,Electronics,Chennai,DEV_1748,Android,1,1,8,29145.17,1.04,1,1,1
TX_UPI_100980,2026-08-06 19:56:00,19,CUST_1830,normal,BEN_6364,1997.26,iMobile,@sbi,Peer_to_Peer,Bengaluru,DEV_2358,Android,0,1,3,1233.72,1.62,0,0,0
TX_UPI_100981,2026-08-08 19:20:42,19,CUST_1205,normal,BEN_2622,1047.6,Paytm,@paytm,Peer_to_Peer,Delhi_NCR,DEV_2563,iOS,0,1,4,804.55,1.3,0,0,0
TX_UPI_100982,2026-08-02 06:23:05,6,CUST_1329,normal,BEN_3352,1268.17,Cred,@upi,Grocery,Kolkata,DEV_2019,iOS,0,1,1,1035.14,1.23,0,1,0
TX_UPI_100983,2026-08-08 03:06:46,3,CUST_1765,normal,BEN_1392,10.0,Cred,@icici,Grocery,Delhi_NCR,DEV_2513,iOS,1,1,6,1266.58,0.01,0,0,0
TX_UPI_100984,2026-08-09 07:16:39,7,CUST_1444,normal,BEN_6727,1573.34,iMobile,@icici,Utilities,Delhi_NCR,DEV_2394,iOS,0,1,7,852.26,1.85,0,0,0
TX_UPI_100985,2026-08-01 21:15:07,21,CUST_1731,normal,BEN_4125,2597.89,PhonePe,@upi,Utilities,Hyderabad,DEV_1092,Android,0,1,5,1023.23,2.54,0,1,0
TX_UPI_100986,2026-08-05 00:20:17,0,CUST_1181,normal,BEN_2277,2108.5,BHIM,@ybl,Peer_to_Peer,Chennai,DEV_1091,iOS,0,1,1,882.12,2.39,0,0,0
TX_UPI_100987,2026-08-09 14:51:09,14,CUST_1641,normal,BEN_1083,713.13,Paytm,@ybl,Peer_to_Peer,Pune,DEV_2413,iOS,0,1,2,826.43,0.86,0,0,0
TX_UPI_100988,2026-08-01 03:02:16,3,CUST_1641,normal,BEN_6430,2178.47,iMobile,@upi,Peer_to_Peer,Mumbai,DEV_1263,iOS,1,1,3,1164.6,1.87,0,0,0
TX_UPI_100989,2026-08-07 12:23:42,12,CUST_1335,normal,BEN_5393,743.72,PhonePe,@sbi,Peer_to_Peer,Pune,DEV_1583,iOS,0,1,1,1144.81,0.65,0,0,0
TX_UPI_100990,2026-08-03 10:52:24,10,CUST_1088,normal,BEN_1292,10.0,Cred,@upi,Utilities,Hyderabad,DEV_2061,Android,1,1,3,751.6,0.01,0,0,0
TX_UPI_100991,2026-08-09 10:01:49,10,CUST_1825,normal,BEN_2169,2789.82,GPay,@ybl,Utilities,Kolkata,DEV_1897,iOS,0,1,5,1105.38,2.52,0,0,0
TX_UPI_100992,2026-08-09 19:08:43,19,CUST_1325,normal,BEN_3054,2210.97,GPay,@icici,Peer_to_Peer,Mumbai,DEV_1699,Android,0,1,2,1210.44,1.83,0,0,0
TX_UPI_100993,2026-08-04 12:59:40,12,CUST_1517,normal,BEN_6390,1359.85,GPay,@ybl,Travel,Delhi_NCR,DEV_1687,Android,1,1,4,1385.36,0.98,0,0,0
TX_UPI_100994,2026-08-02 17:45:27,17,CUST_1560,normal,BEN_5243,1785.99,Paytm,@okaxis,Travel,Bengaluru,DEV_1839,Android,0,1,4,682.83,2.62,0,0,0
TX_UPI_100995,2026-08-02 06:13:54,6,CUST_1700,normal,BEN_1478,431.96,PhonePe,@okaxis,Grocery,Kolkata,DEV_2152,Android,0,1,3,1102.41,0.39,0,0,0
TX_UPI_100996,2026-08-01 21:31:54,21,CUST_1020,normal,BEN_6046,295.84,iMobile,@upi,Travel,Kolkata,DEV_2404,iOS,0,1,8,1443.93,0.2,0,0,0
TX_UPI_100997,2026-08-08 17:27:05,17,CUST_1465,normal,BEN_2182,1681.69,BHIM,@ybl,Travel,Ahmedabad,DEV_1458,iOS,0,1,4,1029.07,1.63,0,0,0
TX_UPI_100998,2026-08-05 11:12:37,11,CUST_1757,normal,BEN_4767,438.47,GPay,@upi,Utilities,Pune,DEV_1087,Android,0,1,4,1141.86,0.38,0,0,0
TX_UPI_100999,2026-08-05 06:48:05,6,CUST_1213,normal,BEN_4705,206.59,BHIM,@upi,Peer_to_Peer,Kolkata,DEV_2502,iOS,0,1,4,1042.74,0.2,0,0,0
TX_UPI_101000,2026-08-07 10:21:18,10,CUST_1210,normal,BEN_6974,10.0,PhonePe,@ybl,Peer_to_Peer,Hyderabad,DEV_2941,Android,0,1,2,980.73,0.01,0,0,0
TX_UPI_101001,2026-08-04 17:23:26,17,CUST_1218,normal,BEN_6343,2710.15,BHIM,@ybl,Peer_to_Peer,Ahmedabad,DEV_2111,Android,0,1,5,759.48,3.57,0,0,0
TX_UPI_101002,2026-08-03 15:15:27,15,CUST_1345,normal,BEN_4628,1588.83,Cred,@ybl,Utilities,Kolkata,DEV_1369,iOS,0,1,1,1339.85,1.19,0,0,0
TX_UPI_101003,2026-08-07 23:30:03,23,CUST_1800,normal,BEN_3012,823.1,PhonePe,@ybl,Grocery,Kolkata,DEV_1959,iOS,0,1,3,1398.19,0.59,0,0,0
TX_UPI_101004,2026-08-10 13:13:09,13,CUST_1066,normal,BEN_1736,170.27,GPay,@okaxis,Utilities,Mumbai,DEV_1678,Android,0,1,1,939.94,0.18,0,0,0
TX_UPI_101005,2026-08-01 19:13:50,19,CUST_1371,normal,BEN_6763,2030.7,Cred,@paytm,Utilities,Ahmedabad,DEV_1693,iOS,0,1,1,400.28,5.07,0,0,0
TX_UPI_101006,2026-08-02 10:29:53,10,CUST_1545,normal,BEN_3303,839.07,Cred,@upi,Utilities,Delhi_NCR,DEV_2433,iOS,0,1,5,1368.06,0.61,0,0,0
TX_UPI_101007,2026-08-02 04:16:24,4,CUST_1773,normal,BEN_4906,829.47,GPay,@ybl,Peer_to_Peer,Kolkata,DEV_1776,iOS,1,1,3,1356.94,0.61,0,0,0
TX_UPI_101008,2026-08-03 04:57:46,4,CUST_1458,normal,BEN_4030,10.0,GPay,@upi,Utilities,Chennai,DEV_1174,iOS,0,1,3,1125.7,0.01,0,0,0
TX_UPI_101009,2026-08-10 14:23:09,14,CUST_1684,mule,BEN_1680,43984.37,PhonePe,@sbi,Jewelry,Chennai,DEV_2456,iOS,0,1,19,31706.65,1.39,1,0,1
TX_UPI_101010,2026-08-03 01:14:32,1,CUST_1373,normal,BEN_3609,10.0,Paytm,@ybl,Peer_to_Peer,Pune,DEV_2002,Android,1,1,2,1188.84,0.01,0,0,0
TX_UPI_101011,2026-08-05 02:18:33,2,CUST_1041,normal,BEN_5516,414.16,Paytm,@sbi,Grocery,Ahmedabad,DEV_1681,Android,0,1,4,1187.25,0.35,0,1,0
TX_UPI_101012,2026-08-03 10:09:00,10,CUST_1481,mule,BEN_4073,28149.02,BHIM,@upi,Electronics,Mumbai,DEV_2427,iOS,1,1,26,25723.6,1.09,0,0,1
TX_UPI_101013,2026-08-02 14:32:48,14,CUST_1354,normal,BEN_3184,1034.71,iMobile,@paytm,Travel,Hyderabad,DEV_1576,iOS,0,1,5,1117.67,0.93,0,0,0
TX_UPI_101014,2026-08-02 09:03:59,9,CUST_1023,normal,BEN_4058,730.77,PhonePe,@okaxis,Grocery,Hyderabad,DEV_1362,Android,0,1,4,1251.51,0.58,0,0,0
TX_UPI_101015,2026-08-01 03:55:00,3,CUST_1754,normal,BEN_6129,10.0,Paytm,@icici,Grocery,Bengaluru,DEV_2193,Android,0,1,6,999.3,0.01,0,0,0
TX_UPI_101016,2026-08-01 16:21:34,16,CUST_1721,normal,BEN_6883,1540.39,PhonePe,@ybl,Grocery,Bengaluru,DEV_1187,Android,1,1,6,750.8,2.05,0,0,0
TX_UPI_101017,2026-08-05 16:41:35,16,CUST_1328,normal,BEN_2616,632.45,iMobile,@icici,Grocery,Hyderabad,DEV_2674,iOS,0,1,3,891.9,0.71,0,0,0
TX_UPI_101018,2026-08-07 03:50:40,3,CUST_1006,normal,BEN_5440,2587.95,GPay,@ybl,Utilities,Hyderabad,DEV_1294,iOS,0,1,2,946.67,2.73,0,0,0
TX_UPI_101019,2026-08-04 21:36:58,21,CUST_1774,normal,BEN_4377,1363.51,PhonePe,@ybl,Utilities,Kolkata,DEV_2231,iOS,0,1,1,985.04,1.38,0,0,0
TX_UPI_101020,2026-08-08 22:44:11,22,CUST_1699,normal,BEN_1514,1453.96,Paytm,@paytm,Peer_to_Peer,Delhi_NCR,DEV_1126,Android,0,1,3,1057.59,1.37,0,0,0
TX_UPI_101021,2026-08-10 06:39:26,6,CUST_1733,normal,BEN_3961,776.53,BHIM,@okaxis,Travel,Bengaluru,DEV_2204,iOS,0,1,1,1157.18,0.67,0,0,0
TX_UPI_101022,2026-08-10 00:10:45,0,CUST_1830,normal,BEN_5006,2603.95,BHIM,@paytm,Grocery,Ahmedabad,DEV_2563,iOS,0,1,4,1134.06,2.3,0,0,0
TX_UPI_101023,2026-08-05 23:20:35,23,CUST_1476,normal,BEN_4804,1754.18,BHIM,@paytm,Grocery,Kolkata,DEV_2779,iOS,0,1,1,1488.6,1.18,0,0,0
TX_UPI_101024,2026-08-10 13:35:56,13,CUST_1324,suspicious,BEN_1114,31641.92,BHIM,@sbi,Jewelry,Delhi_NCR,DEV_1748,iOS,0,1,31,21241.62,1.49,0,1,1
TX_UPI_101025,2026-08-01 04:46:25,4,CUST_1400,normal,BEN_1177,2654.45,BHIM,@ybl,Travel,Pune,DEV_1405,iOS,0,1,5,1212.73,2.19,0,0,0
TX_UPI_101026,2026-08-06 21:42:48,21,CUST_1621,normal,BEN_2309,1387.22,iMobile,@upi,Travel,Kolkata,DEV_2940,iOS,0,1,3,1368.13,1.01,0,0,0
TX_UPI_101027,2026-08-08 09:02:23,9,CUST_1296,normal,BEN_5018,1312.29,PhonePe,@ybl,Peer_to_Peer,Ahmedabad,DEV_1852,Android,0,1,1,811.88,1.62,0,0,0
TX_UPI_101028,2026-08-08 06:30:18,6,CUST_1132,normal,BEN_6640,1051.32,Cred,@paytm,Peer_to_Peer,Chennai,DEV_2652,iOS,0,1,4,1066.42,0.99,0,0,0
TX_UPI_101029,2026-08-03 23:41:04,23,CUST_1214,normal,BEN_4900,2175.18,Paytm,@sbi,Utilities,Hyderabad,DEV_2298,iOS,0,1,1,1114.46,1.95,0,0,0
TX_UPI_101030,2026-08-04 21:44:26,21,CUST_1800,normal,BEN_3040,10.0,iMobile,@icici,Grocery,Hyderabad,DEV_2665,Android,0,1,5,1057.33,0.01,1,0,0
TX_UPI_101031,2026-08-02 19:12:41,19,CUST_1638,normal,BEN_6962,1535.69,Paytm,@okaxis,Travel,Ahmedabad,DEV_2234,iOS,0,1,2,1387.07,1.11,0,0,0
TX_UPI_101032,2026-08-05 09:57:33,9,CUST_1796,normal,BEN_1025,2033.38,GPay,@upi,Travel,Hyderabad,DEV_2296,Android,0,1,5,1048.92,1.94,0,0,0
TX_UPI_101033,2026-08-06 21:10:42,21,CUST_1321,normal,BEN_5895,1663.89,Cred,@icici,Travel,Hyderabad,DEV_2961,Android,0,1,2,1285.33,1.29,0,0,0
TX_UPI_101034,2026-08-05 13:31:13,13,CUST_1433,normal,BEN_2180,2519.58,iMobile,@okaxis,Travel,Pune,DEV_1418,iOS,1,1,6,904.9,2.78,0,0,0
TX_UPI_101035,2026-08-02 18:59:45,18,CUST_1457,normal,BEN_3573,1489.13,iMobile,@upi,Peer_to_Peer,Delhi_NCR,DEV_2553,iOS,0,1,1,1217.37,1.22,0,0,0
TX_UPI_101036,2026-08-08 02:49:29,2,CUST_1131,normal,BEN_3674,1560.48,Paytm,@okaxis,Grocery,Bengaluru,DEV_2777,Android,0,1,1,801.17,1.95,0,0,0
TX_UPI_101037,2026-08-08 20:15:24,20,CUST_1331,normal,BEN_3317,973.49,BHIM,@ybl,Utilities,Chennai,DEV_2318,Android,0,1,3,789.73,1.23,0,0,0
TX_UPI_101038,2026-08-01 19:46:32,19,CUST_1143,normal,BEN_3951,1511.18,PhonePe,@okaxis,Peer_to_Peer,Delhi_NCR,DEV_1188,Android,0,1,4,1033.38,1.46,0,0,0
TX_UPI_101039,2026-08-01 18:06:09,18,CUST_1537,normal,BEN_1732,595.37,BHIM,@sbi,Travel,Kolkata,DEV_2122,Android,0,1,6,1477.3,0.4,0,0,0
TX_UPI_101040,2026-08-01 16:27:39,16,CUST_1660,normal,BEN_6712,813.15,iMobile,@icici,Utilities,Mumbai,DEV_2316,Android,1,1,2,1197.89,0.68,0,0,0
TX_UPI_101041,2026-08-02 16:06:00,16,CUST_1512,normal,BEN_5179,913.58,Paytm,@paytm,Grocery,Kolkata,DEV_1039,iOS,0,1,3,1257.52,0.73,0,0,0
TX_UPI_101042,2026-08-08 03:45:12,3,CUST_1036,normal,BEN_6749,10.0,PhonePe,@ybl,Peer_to_Peer,Ahmedabad,DEV_1715,Android,0,1,6,1097.44,0.01,0,0,0
TX_UPI_101043,2026-08-07 12:11:17,12,CUST_1007,normal,BEN_4066,870.81,iMobile,@sbi,Travel,Pune,DEV_2139,iOS,0,1,3,1070.98,0.81,0,0,0
TX_UPI_101044,2026-08-04 03:49:48,3,CUST_1402,normal,BEN_4649,10.0,GPay,@sbi,Utilities,Pune,DEV_1059,iOS,0,1,6,1089.92,0.01,0,0,0
TX_UPI_101045,2026-08-05 16:51:12,16,CUST_1823,normal,BEN_5671,1554.4,GPay,@sbi,Travel,Hyderabad,DEV_2555,Android,0,1,5,834.92,1.86,0,0,0
TX_UPI_101046,2026-08-01 15:50:08,15,CUST_1663,normal,BEN_1195,1578.78,iMobile,@ybl,Peer_to_Peer,Pune,DEV_2046,Android,0,1,3,1283.22,1.23,0,0,0
TX_UPI_101047,2026-08-05 17:10:46,17,CUST_1737,normal,BEN_5027,10.0,Paytm,@upi,Utilities,Kolkata,DEV_2885,Android,0,1,3,935.32,0.01,0,0,0
TX_UPI_101048,2026-08-02 07:14:31,7,CUST_1000,normal,BEN_3246,1545.81,GPay,@icici,Utilities,Mumbai,DEV_2939,Android,0,1,4,910.17,1.7,0,0,0
TX_UPI_101049,2026-08-05 11:12:08,11,CUST_1220,normal,BEN_3293,630.26,iMobile,@ybl,Travel,Kolkata,DEV_1155,iOS,1,1,3,864.81,0.73,0,0,0
TX_UPI_101050,2026-08-06 13:05:23,13,CUST_1819,normal,BEN_1117,1873.59,PhonePe,@okaxis,Travel,Mumbai,DEV_1357,iOS,0,1,3,382.32,4.9,0,0,0
TX_UPI_101051,2026-08-09 12:43:39,12,CUST_1576,normal,BEN_4256,900.14,BHIM,@okaxis,Peer_to_Peer,Delhi_NCR,DEV_1133,Android,1,1,1,688.49,1.31,0,0,0
TX_UPI_101052,2026-08-01 03:51:53,3,CUST_1590,normal,BEN_3306,210.06,GPay,@sbi,Utilities,Bengaluru,DEV_2453,iOS,0,1,4,1398.87,0.15,0,0,0
TX_UPI_101053,2026-08-06 10:29:10,10,CUST_1829,normal,BEN_6758,1450.55,GPay,@sbi,Travel,Mumbai,DEV_2144,iOS,0,1,2,1189.42,1.22,0,1,0
TX_UPI_101054,2026-08-05 10:58:58,10,CUST_1467,normal,BEN_4041,832.73,BHIM,@icici,Peer_to_Peer,Delhi_NCR,DEV_2348,iOS,0,1,2,802.95,1.04,0,0,0
TX_UPI_101055,2026-08-05 21:01:36,21,CUST_1381,normal,BEN_6510,10.0,BHIM,@paytm,Peer_to_Peer,Pune,DEV_2667,Android,0,1,3,1117.93,0.01,0,0,0
TX_UPI_101056,2026-08-04 01:44:59,1,CUST_1140,normal,BEN_5417,1122.7,Paytm,@paytm,Utilities,Ahmedabad,DEV_2543,iOS,0,1,3,853.02,1.32,0,0,0
TX_UPI_101057,2026-08-07 13:20:52,13,CUST_1647,normal,BEN_6678,1686.6,iMobile,@ybl,Grocery,Delhi_NCR,DEV_2688,Android,0,1,1,1266.25,1.33,0,0,0
TX_UPI_101058,2026-08-07 23:36:58,23,CUST_1004,normal,BEN_6814,398.23,Paytm,@icici,Travel,Delhi_NCR,DEV_2400,Android,0,1,2,727.97,0.55,0,0,0
TX_UPI_101059,2026-08-05 19:02:26,19,CUST_1535,normal,BEN_4342,798.88,iMobile,@upi,Utilities,Hyderabad,DEV_2535,iOS,0,1,5,1203.75,0.66,0,0,0
TX_UPI_101060,2026-08-10 03:25:12,3,CUST_1192,normal,BEN_1591,1982.74,iMobile,@okaxis,Utilities,Bengaluru,DEV_1295,iOS,0,1,5,815.12,2.43,0,0,0
TX_UPI_101061,2026-08-02 04:07:59,4,CUST_1195,normal,BEN_2696,935.37,GPay,@okaxis,Grocery,Mumbai,DEV_1247,iOS,0,1,2,1399.34,0.67,0,0,0
TX_UPI_101062,2026-08-05 08:08:00,8,CUST_1677,normal,BEN_4071,242.57,BHIM,@okaxis,Grocery,Pune,DEV_1794,iOS,0,1,5,1294.31,0.19,0,0,0
TX_UPI_101063,2026-08-01 09:10:49,9,CUST_1511,normal,BEN_4879,2663.7,Paytm,@paytm,Travel,Mumbai,DEV_2434,iOS,0,1,3,1250.96,2.13,0,0,0
TX_UPI_101064,2026-08-09 07:28:35,7,CUST_1502,normal,BEN_1711,3025.32,GPay,@upi,Grocery,Mumbai,DEV_2554,iOS,0,1,2,711.59,4.25,0,0,0
TX_UPI_101065,2026-08-10 02:10:38,2,CUST_1345,normal,BEN_3537,10.0,PhonePe,@icici,Grocery,Ahmedabad,DEV_1661,Android,0,1,5,628.04,0.02,0,0,0
TX_UPI_101066,2026-08-02 13:23:40,13,CUST_1607,normal,BEN_2484,902.14,iMobile,@okaxis,Grocery,Ahmedabad,DEV_2028,Android,0,1,4,1124.44,0.8,0,0,0
TX_UPI_101067,2026-08-02 10:16:24,10,CUST_1714,normal,BEN_2333,1540.36,Cred,@upi,Grocery,Delhi_NCR,DEV_1600,iOS,0,1,4,1386.93,1.11,0,0,0
TX_UPI_101068,2026-08-06 21:37:47,21,CUST_1255,normal,BEN_3476,438.15,GPay,@upi,Utilities,Delhi_NCR,DEV_1089,iOS,0,1,2,894.56,0.49,0,0,0
TX_UPI_101069,2026-08-10 19:28:08,19,CUST_1717,normal,BEN_5957,1864.15,GPay,@okaxis,Grocery,Delhi_NCR,DEV_1270,Android,0,1,5,1188.29,1.57,0,0,0
TX_UPI_101070,2026-08-09 10:05:14,10,CUST_1377,normal,BEN_1274,2146.79,iMobile,@icici,Travel,Bengaluru,DEV_1970,iOS,0,1,1,1480.13,1.45,0,0,0
TX_UPI_101071,2026-08-09 01:36:30,1,CUST_1366,normal,BEN_1197,2418.59,BHIM,@upi,Travel,Hyderabad,DEV_1247,Android,0,1,5,1507.63,1.6,0,0,0
TX_UPI_101072,2026-08-06 19:11:33,19,CUST_1068,normal,BEN_1325,10.0,iMobile,@ybl,Grocery,Kolkata,DEV_2146,Android,0,1,2,903.53,0.01,0,0,0
TX_UPI_101073,2026-08-07 04:36:19,4,CUST_1807,normal,BEN_2122,1777.18,GPay,@okaxis,Peer_to_Peer,Pune,DEV_1621,Android,0,1,1,1261.8,1.41,0,0,0
TX_UPI_101074,2026-08-03 14:22:03,14,CUST_1101,normal,BEN_2040,2296.43,PhonePe,@upi,Grocery,Bengaluru,DEV_2366,Android,0,1,5,1148.1,2.0,0,0,0
TX_UPI_101075,2026-08-03 23:57:49,23,CUST_1641,normal,BEN_3150,409.7,BHIM,@sbi,Peer_to_Peer,Chennai,DEV_2695,Android,0,1,2,1379.91,0.3,0,0,0
TX_UPI_101076,2026-08-09 03:38:02,3,CUST_1743,normal,BEN_2043,1823.48,Paytm,@upi,Utilities,Ahmedabad,DEV_2533,Android,0,1,3,979.7,1.86,0,0,0
TX_UPI_101077,2026-08-07 07:49:39,7,CUST_1294,normal,BEN_1543,10.0,BHIM,@okaxis,Grocery,Kolkata,DEV_1854,Android,0,1,1,1538.74,0.01,0,0,0
TX_UPI_101078,2026-08-05 18:32:50,18,CUST_1287,normal,BEN_5385,175.64,BHIM,@sbi,Peer_to_Peer,Chennai,DEV_2712,iOS,0,1,4,1321.79,0.13,0,0,0
TX_UPI_101079,2026-08-09 08:31:33,8,CUST_1603,normal,BEN_1745,196.06,iMobile,@icici,Grocery,Delhi_NCR,DEV_1690,iOS,0,1,4,1305.1,0.15,0,0,0
TX_UPI_101080,2026-08-04 06:07:20,6,CUST_1277,normal,BEN_3655,1210.0,Paytm,@icici,Travel,Hyderabad,DEV_2898,iOS,0,1,9,679.54,1.78,0,0,0
TX_UPI_101081,2026-08-05 23:52:10,23,CUST_1285,normal,BEN_6022,2046.98,Paytm,@icici,Travel,Kolkata,DEV_2573,Android,0,1,3,1265.26,1.62,0,0,0
TX_UPI_101082,2026-08-07 17:02:41,17,CUST_1328,normal,BEN_6920,1553.05,PhonePe,@upi,Travel,Delhi_NCR,DEV_2483,Android,0,1,2,1134.96,1.37,0,0,0
TX_UPI_101083,2026-08-08 20:35:29,20,CUST_1829,normal,BEN_6874,10.0,BHIM,@paytm,Grocery,Hyderabad,DEV_1991,iOS,0,1,5,1151.56,0.01,0,0,0
TX_UPI_101084,2026-08-05 13:40:53,13,CUST_1832,normal,BEN_3087,1710.93,Cred,@upi,Travel,Mumbai,DEV_1386,Android,0,1,6,1168.23,1.46,0,0,0
TX_UPI_101085,2026-08-06 02:28:39,2,CUST_1203,normal,BEN_1885,1318.47,Paytm,@okaxis,Travel,Kolkata,DEV_2219,iOS,0,1,2,909.07,1.45,0,0,0
TX_UPI_101086,2026-08-01 15:52:29,15,CUST_1042,normal,BEN_1785,2149.39,GPay,@paytm,Grocery,Bengaluru,DEV_1260,iOS,0,1,6,1022.85,2.1,0,0,0
TX_UPI_101087,2026-08-05 02:20:05,2,CUST_1639,normal,BEN_2888,1236.8,iMobile,@paytm,Travel,Pune,DEV_1492,iOS,0,1,2,1361.46,0.91,0,0,0
TX_UPI_101088,2026-08-02 20:11:12,20,CUST_1023,normal,BEN_4139,1732.33,Cred,@icici,Travel,Chennai,DEV_1351,Android,0,1,7,869.2,1.99,0,0,0
TX_UPI_101089,2026-08-02 12:16:54,12,CUST_1097,normal,BEN_5993,897.59,PhonePe,@upi,Utilities,Hyderabad,DEV_1941,Android,0,1,4,1235.16,0.73,0,0,0
TX_UPI_101090,2026-08-06 06:45:33,6,CUST_1593,normal,BEN_1822,1027.47,Cred,@upi,Peer_to_Peer,Ahmedabad,DEV_1475,Android,0,1,2,1291.54,0.8,0,0,0
TX_UPI_101091,2026-08-10 02:39:19,2,CUST_1389,normal,BEN_6515,1776.91,GPay,@icici,Peer_to_Peer,Pune,DEV_2805,Android,0,1,2,1405.31,1.26,0,0,0
TX_UPI_101092,2026-08-05 16:59:03,16,CUST_1452,normal,BEN_1633,2136.16,Cred,@ybl,Utilities,Chennai,DEV_2440,Android,0,1,4,1099.1,1.94,0,0,0
TX_UPI_101093,2026-08-05 06:53:45,6,CUST_1414,normal,BEN_5918,1643.25,Paytm,@ybl,Grocery,Pune,DEV_1777,Android,0,1,2,1087.21,1.51,0,0,0
TX_UPI_101094,2026-08-10 17:02:46,17,CUST_1022,normal,BEN_1167,10.0,BHIM,@icici,Travel,Chennai,DEV_1780,iOS,0,1,5,705.24,0.01,0,0,0
TX_UPI_101095,2026-08-04 06:23:14,6,CUST_1375,normal,BEN_5796,2402.74,Paytm,@upi,Peer_to_Peer,Delhi_NCR,DEV_1448,Android,0,1,3,1029.2,2.33,0,0,0
TX_UPI_101096,2026-08-10 05:34:22,5,CUST_1234,normal,BEN_6696,697.81,GPay,@sbi,Utilities,Delhi_NCR,DEV_2260,Android,0,1,3,1420.45,0.49,0,0,0
TX_UPI_101097,2026-08-06 06:57:47,6,CUST_1285,normal,BEN_5264,10.0,PhonePe,@ybl,Utilities,Kolkata,DEV_1341,iOS,0,1,6,1161.13,0.01,0,0,0
TX_UPI_101098,2026-08-06 16:58:11,16,CUST_1433,normal,BEN_6837,234.38,PhonePe,@ybl,Grocery,Mumbai,DEV_2234,Android,0,1,1,1482.33,0.16,0,0,0
TX_UPI_101099,2026-08-07 17:12:02,17,CUST_1779,normal,BEN_2530,443.59,Paytm,@sbi,Grocery,Delhi_NCR,DEV_2092,Android,1,1,1,1352.96,0.33,0,0,0
TX_UPI_101100,2026-08-01 16:33:31,16,CUST_1403,normal,BEN_2083,1470.84,PhonePe,@ybl,Peer_to_Peer,Mumbai,DEV_1319,iOS,0,1,2,1131.99,1.3,0,0,0
TX_UPI_101101,2026-08-03 03:00:52,3,CUST_1727,normal,BEN_5964,379.4,GPay,@sbi,Peer_to_Peer,Hyderabad,DEV_2310,Android,1,1,6,1334.73,0.28,0,1,0
TX_UPI_101102,2026-08-06 22:42:36,22,CUST_1693,normal,BEN_6303,1625.6,BHIM,@icici,Peer_to_Peer,Kolkata,DEV_2970,iOS,0,1,4,1502.69,1.08,0,0,0
TX_UPI_101103,2026-08-07 08:28:18,8,CUST_1417,normal,BEN_1298,1199.75,PhonePe,@icici,Peer_to_Peer,Ahmedabad,DEV_2648,Android,0,1,1,1187.87,1.01,0,0,0
TX_UPI_101104,2026-08-04 15:14:27,15,CUST_1382,normal,BEN_1131,2868.84,GPay,@paytm,Utilities,Ahmedabad,DEV_2536,Android,0,1,1,993.25,2.89,0,0,0
TX_UPI_101105,2026-08-04 15:57:20,15,CUST_1405,normal,BEN_4596,1533.16,PhonePe,@ybl,Utilities,Mumbai,DEV_2850,Android,0,1,3,844.25,1.82,0,0,0
TX_UPI_101106,2026-08-06 01:06:37,1,CUST_1052,normal,BEN_1435,2097.49,PhonePe,@ybl,Grocery,Bengaluru,DEV_1766,iOS,0,1,8,1127.07,1.86,0,0,0
TX_UPI_101107,2026-08-05 07:20:07,7,CUST_1524,normal,BEN_3887,476.75,Cred,@upi,Grocery,Mumbai,DEV_1138,iOS,0,1,1,1141.91,0.42,0,1,0
TX_UPI_101108,2026-08-09 15:07:27,15,CUST_1575,normal,BEN_5268,2083.1,Paytm,@okaxis,Travel,Mumbai,DEV_2291,Android,0,1,4,1079.42,1.93,0,0,0
TX_UPI_101109,2026-08-04 10:59:27,10,CUST_1376,normal,BEN_4993,728.58,GPay,@icici,Grocery,Bengaluru,DEV_2553,iOS,0,1,1,1280.34,0.57,0,0,0
TX_UPI_101110,2026-08-02 20:39:38,20,CUST_1386,normal,BEN_2164,1931.02,Paytm,@sbi,Utilities,Ahmedabad,DEV_1294,iOS,0,1,1,1461.56,1.32,0,0,0
TX_UPI_101111,2026-08-04 16:13:44,16,CUST_1012,suspicious,BEN_2242,38333.28,PhonePe,@ybl,Gaming_Betting,Kolkata,DEV_1855,Android,1,1,29,17952.51,2.14,0,1,1
TX_UPI_101112,2026-08-01 10:54:40,10,CUST_1271,normal,BEN_2356,107.34,iMobile,@upi,Travel,Bengaluru,DEV_1959,Android,0,1,3,1200.67,0.09,0,0,0
TX_UPI_101113,2026-08-05 12:23:12,12,CUST_1480,normal,BEN_2274,2637.09,Paytm,@icici,Utilities,Chennai,DEV_2078,iOS,0,1,5,1021.76,2.58,0,0,0
TX_UPI_101114,2026-08-01 06:28:24,6,CUST_1444,normal,BEN_6933,378.9,BHIM,@paytm,Travel,Chennai,DEV_2021,iOS,1,1,6,848.47,0.45,0,0,0
TX_UPI_101115,2026-08-02 19:05:59,19,CUST_1568,normal,BEN_2255,2502.77,PhonePe,@ybl,Peer_to_Peer,Hyderabad,DEV_2853,iOS,0,1,3,1461.74,1.71,0,0,0
TX_UPI_101116,2026-08-05 00:28:22,0,CUST_1306,normal,BEN_6430,1743.15,GPay,@ybl,Peer_to_Peer,Delhi_NCR,DEV_2942,iOS,0,1,3,955.34,1.82,0,0,0
TX_UPI_101117,2026-08-06 17:49:19,17,CUST_1031,normal,BEN_4985,927.27,Paytm,@paytm,Peer_to_Peer,Bengaluru,DEV_1482,iOS,0,1,4,1098.52,0.84,0,0,0
TX_UPI_101118,2026-08-03 20:28:52,20,CUST_1293,normal,BEN_5898,724.95,PhonePe,@icici,Grocery,Delhi_NCR,DEV_1326,iOS,0,1,3,1098.86,0.66,0,0,0
TX_UPI_101119,2026-08-06 04:49:19,4,CUST_1504,suspicious,BEN_4860,10.0,GPay,@sbi,Electronics,Delhi_NCR,DEV_1004,Android,1,1,21,19909.51,0.0,0,1,1
TX_UPI_101120,2026-08-02 01:29:31,1,CUST_1041,normal,BEN_5774,277.33,PhonePe,@paytm,Utilities,Chennai,DEV_1079,Android,1,1,1,649.47,0.43,1,0,0
TX_UPI_101121,2026-08-06 22:49:39,22,CUST_1110,normal,BEN_6019,115.64,Paytm,@icici,Grocery,Pune,DEV_2703,Android,1,1,2,1548.78,0.07,0,0,0
TX_UPI_101122,2026-08-03 17:11:02,17,CUST_1705,normal,BEN_2333,779.3,Paytm,@okaxis,Travel,Kolkata,DEV_2361,iOS,0,1,4,1176.12,0.66,0,0,0
TX_UPI_101123,2026-08-10 21:16:49,21,CUST_1410,normal,BEN_2971,1304.85,BHIM,@ybl,Grocery,Pune,DEV_1431,iOS,0,1,3,793.13,1.65,0,0,0
TX_UPI_101124,2026-08-06 10:45:26,10,CUST_1129,normal,BEN_3725,2360.74,PhonePe,@sbi,Grocery,Bengaluru,DEV_2577,iOS,0,1,7,676.16,3.49,0,0,0
TX_UPI_101125,2026-08-09 02:38:51,2,CUST_1687,normal,BEN_4876,380.78,Cred,@sbi,Grocery,Pune,DEV_2834,Android,0,1,3,848.51,0.45,0,0,0
TX_UPI_101126,2026-08-10 18:04:24,18,CUST_1258,normal,BEN_4256,1604.77,BHIM,@ybl,Peer_to_Peer,Ahmedabad,DEV_2348,iOS,0,1,2,1599.61,1.0,0,0,0
TX_UPI_101127,2026-08-10 02:53:39,2,CUST_1580,normal,BEN_3052,2152.44,iMobile,@ybl,Utilities,Mumbai,DEV_2954,Android,0,1,4,1326.48,1.62,0,0,0
TX_UPI_101128,2026-08-08 07:54:17,7,CUST_1507,normal,BEN_1075,2084.72,Paytm,@ybl,Grocery,Delhi_NCR,DEV_1078,iOS,0,1,2,884.11,2.36,0,0,0
TX_UPI_101129,2026-08-10 08:44:07,8,CUST_1513,normal,BEN_6395,1262.51,PhonePe,@ybl,Utilities,Delhi_NCR,DEV_2393,iOS,0,1,5,1113.37,1.13,0,0,0
TX_UPI_101130,2026-08-09 20:59:53,20,CUST_1819,normal,BEN_3330,10.0,GPay,@upi,Peer_to_Peer,Pune,DEV_1091,iOS,0,1,2,1062.25,0.01,0,0,0
TX_UPI_101131,2026-08-06 01:31:53,1,CUST_1474,normal,BEN_5840,1139.47,Cred,@icici,Utilities,Hyderabad,DEV_2709,iOS,0,1,7,747.36,1.52,0,0,0
TX_UPI_101132,2026-08-08 00:48:36,0,CUST_1260,normal,BEN_2816,1604.47,BHIM,@paytm,Grocery,Mumbai,DEV_1083,Android,0,1,6,1625.15,0.99,0,0,0
TX_UPI_101133,2026-08-04 07:42:06,7,CUST_1548,normal,BEN_5917,876.48,Cred,@upi,Travel,Mumbai,DEV_2574,iOS,0,1,4,1216.74,0.72,0,0,0
TX_UPI_101134,2026-08-03 20:24:00,20,CUST_1398,normal,BEN_6374,1356.39,Cred,@sbi,Peer_to_Peer,Chennai,DEV_2116,Android,0,1,3,1184.63,1.14,0,0,0
TX_UPI_101135,2026-08-02 13:49:46,13,CUST_1767,normal,BEN_3106,10.0,iMobile,@paytm,Grocery,Delhi_NCR,DEV_2375,iOS,0,1,5,1110.28,0.01,0,0,0
TX_UPI_101136,2026-08-04 12:06:46,12,CUST_1316,normal,BEN_1994,1022.02,Cred,@sbi,Travel,Bengaluru,DEV_1318,Android,1,1,8,918.02,1.11,0,0,0
TX_UPI_101137,2026-08-02 09:01:17,9,CUST_1783,normal,BEN_2000,877.54,BHIM,@paytm,Grocery,Bengaluru,DEV_2046,iOS,0,1,7,880.31,1.0,0,0,0
TX_UPI_101138,2026-08-05 16:58:42,16,CUST_1825,normal,BEN_6081,759.91,PhonePe,@icici,Utilities,Pune,DEV_2865,Android,0,1,3,1281.78,0.59,0,0,0
TX_UPI_101139,2026-08-07 08:04:07,8,CUST_1706,normal,BEN_3786,1366.24,Cred,@ybl,Peer_to_Peer,Ahmedabad,DEV_1061,iOS,0,1,1,952.28,1.43,0,0,0
TX_UPI_101140,2026-08-03 07:23:00,7,CUST_1635,normal,BEN_6382,714.12,iMobile,@upi,Travel,Bengaluru,DEV_2709,Android,0,1,3,1182.2,0.6,0,0,0
TX_UPI_101141,2026-08-03 09:59:45,9,CUST_1042,normal,BEN_3911,1534.56,GPay,@upi,Grocery,Hyderabad,DEV_2169,Android,0,1,1,1335.35,1.15,0,0,0
TX_UPI_101142,2026-08-06 14:59:55,14,CUST_1087,normal,BEN_5049,1402.06,PhonePe,@okaxis,Grocery,Bengaluru,DEV_1969,Android,0,1,6,1186.61,1.18,0,0,0
TX_UPI_101143,2026-08-08 17:51:15,17,CUST_1324,suspicious,BEN_1873,47823.81,PhonePe,@paytm,Electronics,Kolkata,DEV_1079,iOS,1,1,21,32469.62,1.47,0,1,1
TX_UPI_101144,2026-08-02 20:34:30,20,CUST_1287,normal,BEN_5081,1617.8,Paytm,@upi,Travel,Bengaluru,DEV_1153,iOS,0,1,3,1625.38,1.0,1,0,0
TX_UPI_101145,2026-08-02 03:06:37,3,CUST_1140,normal,BEN_1779,1911.23,Cred,@icici,Utilities,Bengaluru,DEV_1232,iOS,0,1,5,773.69,2.47,0,0,0
TX_UPI_101146,2026-08-01 22:57:48,22,CUST_1237,normal,BEN_6839,169.35,GPay,@paytm,Travel,Pune,DEV_2662,Android,0,1,4,1114.93,0.15,0,0,0
TX_UPI_101147,2026-08-05 21:34:17,21,CUST_1770,normal,BEN_3730,708.7,GPay,@paytm,Grocery,Kolkata,DEV_2347,Android,1,1,4,1461.27,0.48,0,0,0
TX_UPI_101148,2026-08-06 18:55:46,18,CUST_1043,normal,BEN_2300,1756.32,BHIM,@paytm,Utilities,Kolkata,DEV_1541,Android,0,1,1,1053.24,1.67,0,0,0
TX_UPI_101149,2026-08-07 21:44:15,21,CUST_1717,normal,BEN_6969,556.03,GPay,@sbi,Utilities,Mumbai,DEV_1447,iOS,0,1,3,980.73,0.57,0,0,0
TX_UPI_101150,2026-08-01 01:32:23,1,CUST_1697,normal,BEN_2948,817.88,Cred,@paytm,Travel,Hyderabad,DEV_2121,iOS,0,1,1,1049.36,0.78,0,0,0
TX_UPI_101151,2026-08-05 21:49:30,21,CUST_1604,normal,BEN_6049,751.51,BHIM,@icici,Peer_to_Peer,Pune,DEV_1510,iOS,0,1,1,1572.71,0.48,0,0,0
TX_UPI_101152,2026-08-02 09:22:58,9,CUST_1415,suspicious,BEN_2510,47597.85,Cred,@ybl,Gaming_Betting,Pune,DEV_2180,Android,1,1,14,25301.62,1.88,0,1,1
TX_UPI_101153,2026-08-04 00:48:59,0,CUST_1762,normal,BEN_2786,262.68,GPay,@sbi,Grocery,Bengaluru,DEV_1272,iOS,1,1,7,1535.35,0.17,1,0,0
TX_UPI_101154,2026-08-01 04:00:28,4,CUST_1423,normal,BEN_2204,1325.35,GPay,@paytm,Peer_to_Peer,Hyderabad,DEV_1295,iOS,0,1,6,1122.07,1.18,0,0,0
TX_UPI_101155,2026-08-07 07:07:50,7,CUST_1696,normal,BEN_4188,130.62,Paytm,@upi,Peer_to_Peer,Hyderabad,DEV_1423,Android,0,1,3,1111.66,0.12,0,0,0
TX_UPI_101156,2026-08-04 07:46:42,7,CUST_1447,normal,BEN_2299,836.36,GPay,@paytm,Travel,Mumbai,DEV_1949,iOS,0,1,3,1058.06,0.79,0,0,0
TX_UPI_101157,2026-08-02 08:09:40,8,CUST_1294,normal,BEN_1112,1135.3,PhonePe,@paytm,Travel,Pune,DEV_1872,Android,0,1,4,825.45,1.38,0,0,0
TX_UPI_101158,2026-08-06 10:52:50,10,CUST_1205,normal,BEN_2314,626.39,iMobile,@paytm,Peer_to_Peer,Ahmedabad,DEV_1552,iOS,0,1,1,1314.68,0.48,0,0,0
TX_UPI_101159,2026-08-07 16:42:28,16,CUST_1521,normal,BEN_4037,10.0,iMobile,@ybl,Travel,Bengaluru,DEV_2477,iOS,0,1,6,1412.72,0.01,0,0,0
TX_UPI_101160,2026-08-01 05:54:45,5,CUST_1064,normal,BEN_3001,958.26,Cred,@okaxis,Utilities,Hyderabad,DEV_1516,iOS,0,1,1,993.29,0.96,0,0,0
TX_UPI_101161,2026-08-07 09:53:11,9,CUST_1003,normal,BEN_3795,1148.65,PhonePe,@okaxis,Peer_to_Peer,Chennai,DEV_2163,iOS,0,1,1,956.35,1.2,0,0,0
TX_UPI_101162,2026-08-10 18:21:17,18,CUST_1278,normal,BEN_4112,2424.16,Cred,@ybl,Travel,Kolkata,DEV_1196,iOS,0,1,5,858.1,2.83,0,1,0
TX_UPI_101163,2026-08-10 05:03:12,5,CUST_1246,normal,BEN_5607,10.0,Cred,@paytm,Peer_to_Peer,Ahmedabad,DEV_1882,Android,1,1,3,1028.77,0.01,0,0,0
TX_UPI_101164,2026-08-03 11:41:55,11,CUST_1478,normal,BEN_5493,1596.96,BHIM,@icici,Grocery,Bengaluru,DEV_2394,Android,0,1,2,1202.76,1.33,0,0,0
TX_UPI_101165,2026-08-01 03:24:26,3,CUST_1601,normal,BEN_2712,2748.12,BHIM,@okaxis,Travel,Pune,DEV_2829,iOS,0,1,5,1068.46,2.57,0,0,0
TX_UPI_101166,2026-08-07 12:22:51,12,CUST_1764,normal,BEN_3269,1053.48,iMobile,@ybl,Peer_to_Peer,Mumbai,DEV_2411,iOS,0,1,3,1363.35,0.77,0,1,0
TX_UPI_101167,2026-08-03 15:01:08,15,CUST_1814,normal,BEN_5774,698.15,BHIM,@paytm,Travel,Bengaluru,DEV_2031,Android,0,1,4,1092.29,0.64,1,0,0
TX_UPI_101168,2026-08-07 18:01:49,18,CUST_1712,normal,BEN_3254,798.57,PhonePe,@okaxis,Utilities,Bengaluru,DEV_2366,Android,0,1,1,1157.51,0.69,0,1,0
TX_UPI_101169,2026-08-03 12:53:46,12,CUST_1202,normal,BEN_4682,1151.2,PhonePe,@paytm,Utilities,Ahmedabad,DEV_2355,Android,0,1,5,951.94,1.21,0,0,0
TX_UPI_101170,2026-08-10 04:22:21,4,CUST_1779,normal,BEN_1518,2176.66,Paytm,@sbi,Grocery,Kolkata,DEV_2408,Android,0,1,2,1490.89,1.46,0,0,0
TX_UPI_101171,2026-08-09 07:21:26,7,CUST_1430,normal,BEN_2259,10.0,GPay,@okaxis,Travel,Delhi_NCR,DEV_1149,Android,0,1,4,1194.1,0.01,0,0,0
TX_UPI_101172,2026-08-02 21:50:42,21,CUST_1608,normal,BEN_2410,563.55,Cred,@sbi,Utilities,Hyderabad,DEV_1870,iOS,0,1,4,1387.08,0.41,0,0,0
TX_UPI_101173,2026-08-10 16:31:20,16,CUST_1790,normal,BEN_5386,10.0,GPay,@ybl,Utilities,Kolkata,DEV_1769,iOS,1,1,5,481.62,0.02,0,0,0
TX_UPI_101174,2026-08-03 18:54:57,18,CUST_1754,normal,BEN_6321,427.47,iMobile,@icici,Utilities,Bengaluru,DEV_1808,iOS,0,1,7,940.37,0.45,0,0,0
TX_UPI_101175,2026-08-03 22:02:44,22,CUST_1051,normal,BEN_5524,260.9,Cred,@icici,Utilities,Bengaluru,DEV_2103,Android,0,1,3,1576.3,0.17,0,0,0
TX_UPI_101176,2026-08-01 12:49:16,12,CUST_1437,normal,BEN_6212,10.0,BHIM,@ybl,Grocery,Delhi_NCR,DEV_2431,Android,0,1,1,1439.38,0.01,0,0,0
TX_UPI_101177,2026-08-04 21:44:36,21,CUST_1471,normal,BEN_1271,2686.16,PhonePe,@sbi,Grocery,Pune,DEV_1061,iOS,0,1,3,782.63,3.43,0,0,0
TX_UPI_101178,2026-08-03 00:02:15,0,CUST_1775,normal,BEN_2559,2876.67,iMobile,@sbi,Travel,Bengaluru,DEV_2408,Android,0,1,7,1242.95,2.31,0,0,0
TX_UPI_101179,2026-08-08 15:44:50,15,CUST_1766,normal,BEN_4105,550.08,Cred,@okaxis,Travel,Delhi_NCR,DEV_1640,iOS,0,1,3,1041.51,0.53,0,0,0
TX_UPI_101180,2026-08-02 00:46:11,0,CUST_1558,normal,BEN_5278,1464.68,PhonePe,@icici,Grocery,Ahmedabad,DEV_2005,iOS,1,1,6,1291.06,1.13,0,0,0
TX_UPI_101181,2026-08-06 16:34:10,16,CUST_1041,normal,BEN_5908,338.1,Cred,@upi,Travel,Ahmedabad,DEV_1090,Android,0,1,6,1155.15,0.29,0,0,0
TX_UPI_101182,2026-08-09 18:51:03,18,CUST_1528,suspicious,BEN_5612,40367.18,Paytm,@icici,Electronics,Delhi_NCR,DEV_1773,iOS,1,1,29,19197.47,2.1,0,1,1
TX_UPI_101183,2026-08-01 14:16:18,14,CUST_1374,normal,BEN_6851,1171.34,Paytm,@ybl,Peer_to_Peer,Kolkata,DEV_2131,Android,0,1,2,703.71,1.66,0,0,0
TX_UPI_101184,2026-08-10 13:05:29,13,CUST_1017,normal,BEN_1497,1477.37,Cred,@sbi,Grocery,Delhi_NCR,DEV_1132,Android,1,1,9,638.38,2.31,0,0,0
TX_UPI_101185,2026-08-07 10:10:00,10,CUST_1756,normal,BEN_4880,1174.18,GPay,@paytm,Utilities,Pune,DEV_2121,Android,0,1,5,1109.54,1.06,0,0,0
TX_UPI_101186,2026-08-01 18:41:22,18,CUST_1409,normal,BEN_6706,1109.5,Paytm,@ybl,Travel,Delhi_NCR,DEV_1289,Android,0,1,1,1135.87,0.98,0,0,0
TX_UPI_101187,2026-08-02 22:11:36,22,CUST_1021,normal,BEN_6941,594.59,PhonePe,@upi,Travel,Delhi_NCR,DEV_2479,iOS,0,1,1,1366.7,0.44,0,0,0
TX_UPI_101188,2026-08-01 11:52:39,11,CUST_1399,normal,BEN_4061,1966.71,Paytm,@sbi,Utilities,Kolkata,DEV_1726,Android,0,1,4,1134.98,1.73,0,0,0
TX_UPI_101189,2026-08-05 11:29:34,11,CUST_1348,normal,BEN_6973,2059.45,Cred,@sbi,Travel,Delhi_NCR,DEV_1392,iOS,1,1,4,1296.96,1.59,0,0,0
TX_UPI_101190,2026-08-07 05:24:58,5,CUST_1589,suspicious,BEN_1892,22645.32,Cred,@icici,Electronics,Mumbai,DEV_2496,Android,1,1,28,26932.24,0.84,1,1,1
TX_UPI_101191,2026-08-02 15:06:15,15,CUST_1476,normal,BEN_3373,1355.24,Cred,@sbi,Utilities,Mumbai,DEV_1076,iOS,1,1,1,1148.87,1.18,0,0,0
TX_UPI_101192,2026-08-10 06:50:09,6,CUST_1363,normal,BEN_6807,534.44,PhonePe,@icici,Grocery,Pune,DEV_2809,iOS,0,1,2,884.31,0.6,0,0,0
TX_UPI_101193,2026-08-08 06:43:13,6,CUST_1465,normal,BEN_2627,347.01,Cred,@upi,Utilities,Bengaluru,DEV_2242,Android,1,1,8,1399.52,0.25,0,0,0
TX_UPI_101194,2026-08-04 22:05:11,22,CUST_1231,normal,BEN_1687,2736.29,GPay,@upi,Travel,Mumbai,DEV_2958,Android,0,1,1,1097.1,2.49,0,0,0
TX_UPI_101195,2026-08-02 03:45:37,3,CUST_1472,normal,BEN_2514,165.19,Cred,@upi,Travel,Mumbai,DEV_2866,Android,1,1,2,859.65,0.19,0,0,0
TX_UPI_101196,2026-08-02 08:37:35,8,CUST_1562,normal,BEN_4090,2191.67,PhonePe,@icici,Grocery,Mumbai,DEV_2409,Android,0,1,3,1336.41,1.64,0,0,0
TX_UPI_101197,2026-08-06 01:01:34,1,CUST_1003,normal,BEN_5995,1683.3,Cred,@sbi,Grocery,Hyderabad,DEV_1753,iOS,0,1,8,724.93,2.32,0,0,0
TX_UPI_101198,2026-08-07 09:11:50,9,CUST_1654,normal,BEN_2895,2207.39,Cred,@paytm,Peer_to_Peer,Bengaluru,DEV_1462,iOS,0,1,6,846.39,2.61,0,0,0
TX_UPI_101199,2026-08-10 21:22:13,21,CUST_1740,normal,BEN_4696,2005.71,PhonePe,@ybl,Grocery,Delhi_NCR,DEV_1491,Android,0,1,4,1025.41,1.96,0,0,0
TX_UPI_101200,2026-08-09 20:50:23,20,CUST_1301,normal,BEN_4005,540.85,PhonePe,@icici,Peer_to_Peer,Kolkata,DEV_2698,Android,0,1,2,1571.95,0.34,0,0,0
TX_UPI_101201,2026-08-10 14:19:02,14,CUST_1761,normal,BEN_2055,1200.55,GPay,@icici,Grocery,Bengaluru,DEV_2528,Android,0,1,5,890.18,1.35,0,0,0
TX_UPI_101202,2026-08-03 11:10:51,11,CUST_1369,normal,BEN_2261,576.12,BHIM,@upi,Utilities,Bengaluru,DEV_1791,Android,1,1,6,756.1,0.76,0,0,0
TX_UPI_101203,2026-08-04 01:59:26,1,CUST_1348,normal,BEN_5686,867.83,Paytm,@okaxis,Utilities,Kolkata,DEV_1893,Android,0,1,4,1106.73,0.78,0,0,0
TX_UPI_101204,2026-08-07 08:46:09,8,CUST_1270,normal,BEN_3490,1056.73,Paytm,@sbi,Utilities,Mumbai,DEV_1495,Android,1,1,4,1246.29,0.85,0,0,0
TX_UPI_101205,2026-08-03 21:09:18,21,CUST_1488,normal,BEN_2736,1787.71,iMobile,@icici,Travel,Delhi_NCR,DEV_1094,iOS,0,1,2,1011.8,1.77,0,0,0
TX_UPI_101206,2026-08-09 10:07:57,10,CUST_1018,normal,BEN_3370,2155.81,Cred,@okaxis,Travel,Chennai,DEV_2645,Android,0,1,5,750.51,2.87,1,0,0
TX_UPI_101207,2026-08-03 00:14:05,0,CUST_1412,normal,BEN_6380,1481.18,Cred,@sbi,Peer_to_Peer,Kolkata,DEV_2780,iOS,0,1,1,1091.26,1.36,0,0,0
TX_UPI_101208,2026-08-07 08:06:19,8,CUST_1302,normal,BEN_5659,2718.21,PhonePe,@icici,Travel,Chennai,DEV_2304,iOS,0,1,2,879.76,3.09,0,1,0
TX_UPI_101209,2026-08-10 14:46:25,14,CUST_1199,normal,BEN_2827,1811.22,PhonePe,@ybl,Grocery,Bengaluru,DEV_2718,Android,0,1,1,928.14,1.95,0,0,0
TX_UPI_101210,2026-08-09 11:47:45,11,CUST_1023,normal,BEN_1964,1677.15,Cred,@upi,Utilities,Delhi_NCR,DEV_2311,iOS,0,1,2,1023.37,1.64,0,0,0
TX_UPI_101211,2026-08-04 18:08:56,18,CUST_1575,normal,BEN_6427,1795.35,iMobile,@ybl,Utilities,Hyderabad,DEV_2372,iOS,0,1,4,1144.04,1.57,0,0,0
TX_UPI_101212,2026-08-07 19:26:51,19,CUST_1775,normal,BEN_4338,928.7,GPay,@paytm,Peer_to_Peer,Mumbai,DEV_2966,iOS,1,1,4,1050.3,0.88,0,0,0
TX_UPI_101213,2026-08-07 15:58:52,15,CUST_1823,normal,BEN_6414,1566.24,PhonePe,@upi,Peer_to_Peer,Chennai,DEV_1889,Android,0,1,3,1036.18,1.51,0,0,0
TX_UPI_101214,2026-08-03 15:05:55,15,CUST_1015,normal,BEN_6617,408.03,Cred,@upi,Travel,Kolkata,DEV_2376,Android,0,1,3,885.36,0.46,0,0,0
TX_UPI_101215,2026-08-10 02:34:34,2,CUST_1123,normal,BEN_2220,308.76,Paytm,@ybl,Grocery,Pune,DEV_2108,iOS,0,1,4,1131.06,0.27,0,0,0
TX_UPI_101216,2026-08-02 23:50:23,23,CUST_1489,normal,BEN_4200,1826.3,PhonePe,@okaxis,Peer_to_Peer,Mumbai,DEV_2229,iOS,0,1,3,1177.93,1.55,0,0,0
TX_UPI_101217,2026-08-01 21:51:42,21,CUST_1083,normal,BEN_1542,1640.64,iMobile,@ybl,Grocery,Chennai,DEV_1098,Android,1,1,4,881.84,1.86,0,0,0
TX_UPI_101218,2026-08-04 21:36:44,21,CUST_1055,normal,BEN_5771,1319.49,BHIM,@upi,Travel,Delhi_NCR,DEV_2785,Android,0,1,4,1081.72,1.22,0,0,0
TX_UPI_101219,2026-08-04 09:29:51,9,CUST_1276,normal,BEN_3306,10.0,GPay,@upi,Peer_to_Peer,Ahmedabad,DEV_2226,iOS,1,1,4,1611.01,0.01,0,0,0
TX_UPI_101220,2026-08-05 23:54:02,23,CUST_1687,normal,BEN_5550,911.97,PhonePe,@icici,Peer_to_Peer,Delhi_NCR,DEV_1039,iOS,0,1,2,1169.6,0.78,0,0,0
TX_UPI_101221,2026-08-01 13:53:31,13,CUST_1164,normal,BEN_4254,1449.9,Cred,@sbi,Utilities,Bengaluru,DEV_1046,iOS,0,1,6,778.11,1.86,0,0,0
TX_UPI_101222,2026-08-03 19:36:28,19,CUST_1091,normal,BEN_3824,1785.1,PhonePe,@paytm,Peer_to_Peer,Chennai,DEV_1414,Android,0,1,5,1045.88,1.71,0,0,0
TX_UPI_101223,2026-08-02 23:50:52,23,CUST_1694,normal,BEN_1922,1470.95,GPay,@okaxis,Travel,Delhi_NCR,DEV_1777,Android,0,1,6,1289.36,1.14,0,0,0
TX_UPI_101224,2026-08-07 00:23:49,0,CUST_1559,normal,BEN_2787,285.58,Cred,@paytm,Grocery,Kolkata,DEV_1389,Android,0,1,5,1064.47,0.27,0,0,0
TX_UPI_101225,2026-08-03 01:08:08,1,CUST_1592,normal,BEN_5180,1258.3,Paytm,@okaxis,Grocery,Delhi_NCR,DEV_1602,iOS,0,1,4,1043.94,1.21,0,0,0
TX_UPI_101226,2026-08-03 11:40:43,11,CUST_1698,normal,BEN_1887,2153.37,Paytm,@okaxis,Utilities,Kolkata,DEV_2094,iOS,0,1,3,811.31,2.65,0,0,0
TX_UPI_101227,2026-08-01 21:53:50,21,CUST_1014,normal,BEN_5825,885.18,PhonePe,@sbi,Peer_to_Peer,Bengaluru,DEV_2831,iOS,0,1,4,1375.01,0.64,0,0,0
TX_UPI_101228,2026-08-07 15:04:13,15,CUST_1348,normal,BEN_4489,1682.48,iMobile,@upi,Grocery,Ahmedabad,DEV_2552,Android,0,1,2,1676.45,1.0,0,0,0
TX_UPI_101229,2026-08-03 03:37:05,3,CUST_1556,normal,BEN_2875,1411.82,iMobile,@paytm,Peer_to_Peer,Kolkata,DEV_1693,Android,0,1,6,1043.59,1.35,0,0,0
TX_UPI_101230,2026-08-02 10:39:35,10,CUST_1464,normal,BEN_5067,1626.69,BHIM,@sbi,Grocery,Mumbai,DEV_2763,iOS,0,1,5,1372.37,1.19,0,0,0
TX_UPI_101231,2026-08-01 00:39:20,0,CUST_1385,normal,BEN_2834,2045.89,Cred,@ybl,Travel,Bengaluru,DEV_1369,Android,0,1,5,1004.38,2.04,0,0,0
TX_UPI_101232,2026-08-05 01:35:26,1,CUST_1552,normal,BEN_2231,742.6,BHIM,@okaxis,Utilities,Pune,DEV_2166,iOS,0,1,4,1303.95,0.57,0,0,0
TX_UPI_101233,2026-08-05 19:54:20,19,CUST_1467,normal,BEN_6107,1021.82,Cred,@okaxis,Utilities,Pune,DEV_1880,Android,0,1,6,1428.63,0.72,0,1,0
TX_UPI_101234,2026-08-01 11:00:23,11,CUST_1338,normal,BEN_6891,466.94,GPay,@icici,Utilities,Hyderabad,DEV_2996,iOS,0,1,2,1046.31,0.45,0,0,0
TX_UPI_101235,2026-08-08 08:23:35,8,CUST_1345,normal,BEN_3840,1446.09,iMobile,@icici,Grocery,Bengaluru,DEV_1580,Android,0,1,2,1404.53,1.03,0,0,0
TX_UPI_101236,2026-08-06 08:34:07,8,CUST_1093,normal,BEN_4198,1539.25,Paytm,@ybl,Peer_to_Peer,Hyderabad,DEV_1916,iOS,0,1,4,735.38,2.09,0,0,0
TX_UPI_101237,2026-08-10 11:15:49,11,CUST_1079,normal,BEN_5359,147.35,Cred,@okaxis,Peer_to_Peer,Ahmedabad,DEV_2250,iOS,0,1,4,568.18,0.26,0,0,0
TX_UPI_101238,2026-08-09 17:17:23,17,CUST_1157,normal,BEN_1312,2010.11,PhonePe,@paytm,Utilities,Hyderabad,DEV_2535,iOS,0,1,3,1858.34,1.08,0,1,0
TX_UPI_101239,2026-08-10 14:48:17,14,CUST_1243,normal,BEN_3952,3046.33,Paytm,@okaxis,Peer_to_Peer,Pune,DEV_2358,Android,0,1,3,1054.48,2.89,0,0,0
TX_UPI_101240,2026-08-01 08:55:22,8,CUST_1689,normal,BEN_3806,1996.47,GPay,@ybl,Peer_to_Peer,Pune,DEV_2594,Android,0,1,7,686.87,2.91,0,0,0
TX_UPI_101241,2026-08-03 09:07:13,9,CUST_1143,normal,BEN_3020,10.0,Paytm,@icici,Travel,Pune,DEV_2307,Android,0,1,2,1219.86,0.01,0,0,0
TX_UPI_101242,2026-08-03 16:43:10,16,CUST_1199,normal,BEN_2346,1597.5,Cred,@icici,Travel,Bengaluru,DEV_1829,iOS,0,1,6,792.07,2.02,0,0,0
TX_UPI_101243,2026-08-06 20:46:19,20,CUST_1182,normal,BEN_5826,10.0,Paytm,@upi,Travel,Delhi_NCR,DEV_1826,Android,0,1,5,881.23,0.01,0,0,0
TX_UPI_101244,2026-08-07 02:56:26,2,CUST_1108,normal,BEN_1210,10.0,Cred,@sbi,Travel,Kolkata,DEV_1749,iOS,0,1,4,1270.36,0.01,0,0,0
TX_UPI_101245,2026-08-04 21:20:07,21,CUST_1774,normal,BEN_1062,1102.35,BHIM,@sbi,Grocery,Pune,DEV_1459,iOS,0,1,3,1041.75,1.06,0,0,0
TX_UPI_101246,2026-08-02 08:58:15,8,CUST_1492,normal,BEN_5272,903.53,Cred,@upi,Grocery,Delhi_NCR,DEV_1407,Android,0,1,1,908.48,0.99,0,0,0
TX_UPI_101247,2026-08-03 13:13:15,13,CUST_1403,normal,BEN_1880,1617.02,Paytm,@okaxis,Travel,Chennai,DEV_1929,iOS,0,1,4,1120.33,1.44,0,0,0
TX_UPI_101248,2026-08-03 14:28:05,14,CUST_1429,normal,BEN_4491,403.88,BHIM,@sbi,Utilities,Bengaluru,DEV_2635,Android,0,1,3,557.5,0.72,1,0,0
TX_UPI_101249,2026-08-08 19:22:41,19,CUST_1821,normal,BEN_3898,1342.78,GPay,@paytm,Peer_to_Peer,Bengaluru,DEV_2589,Android,0,1,6,726.21,1.85,0,0,0
TX_UPI_101250,2026-08-08 08:14:23,8,CUST_1750,normal,BEN_2063,731.26,PhonePe,@upi,Peer_to_Peer,Mumbai,DEV_1739,iOS,0,1,4,1380.68,0.53,0,0,0
TX_UPI_101251,2026-08-02 15:51:37,15,CUST_1338,normal,BEN_3657,841.42,Cred,@upi,Peer_to_Peer,Kolkata,DEV_2956,Android,0,1,2,607.46,1.39,0,0,0
TX_UPI_101252,2026-08-03 00:48:50,0,CUST_1141,normal,BEN_6483,1282.75,BHIM,@sbi,Travel,Chennai,DEV_2517,iOS,0,1,8,1146.57,1.12,0,0,0
TX_UPI_101253,2026-08-04 20:25:41,20,CUST_1806,normal,BEN_2055,1182.18,iMobile,@icici,Peer_to_Peer,Pune,DEV_2028,Android,0,1,4,1077.34,1.1,0,0,0
TX_UPI_101254,2026-08-01 07:23:49,7,CUST_1139,normal,BEN_3513,549.59,GPay,@okaxis,Utilities,Mumbai,DEV_2641,Android,0,1,5,1134.18,0.48,0,0,0
TX_UPI_101255,2026-08-02 09:42:35,9,CUST_1818,normal,BEN_3654,1214.09,Paytm,@paytm,Utilities,Bengaluru,DEV_1011,Android,1,1,2,1392.84,0.87,0,0,0
TX_UPI_101256,2026-08-04 10:41:40,10,CUST_1310,normal,BEN_6078,1731.76,Paytm,@icici,Utilities,Kolkata,DEV_2201,iOS,0,1,2,1320.44,1.31,0,0,0
TX_UPI_101257,2026-08-08 17:38:00,17,CUST_1807,normal,BEN_1052,801.94,BHIM,@sbi,Travel,Pune,DEV_1306,iOS,0,1,2,897.67,0.89,0,0,0
TX_UPI_101258,2026-08-01 20:16:13,20,CUST_1538,normal,BEN_1515,10.0,PhonePe,@ybl,Travel,Bengaluru,DEV_1389,Android,0,1,4,640.53,0.02,0,0,0
TX_UPI_101259,2026-08-01 17:10:49,17,CUST_1386,normal,BEN_3149,217.24,iMobile,@okaxis,Utilities,Bengaluru,DEV_1850,Android,0,1,1,1059.34,0.21,0,0,0
TX_UPI_101260,2026-08-05 21:40:51,21,CUST_1531,normal,BEN_2480,1079.74,iMobile,@okaxis,Travel,Ahmedabad,DEV_2611,Android,0,1,3,829.78,1.3,0,0,0
TX_UPI_101261,2026-08-04 05:22:13,5,CUST_1495,normal,BEN_2166,262.21,PhonePe,@upi,Peer_to_Peer,Delhi_NCR,DEV_1666,Android,0,1,4,947.87,0.28,0,0,0
TX_UPI_101262,2026-08-08 23:33:45,23,CUST_1567,normal,BEN_5500,1453.09,PhonePe,@sbi,Utilities,Bengaluru,DEV_1108,iOS,0,1,2,1123.46,1.29,0,0,0
TX_UPI_101263,2026-08-09 08:14:38,8,CUST_1220,normal,BEN_1239,2242.62,PhonePe,@upi,Utilities,Hyderabad,DEV_2959,Android,0,1,5,981.02,2.29,0,0,0
TX_UPI_101264,2026-08-03 01:51:48,1,CUST_1103,normal,BEN_3483,1405.76,iMobile,@upi,Travel,Chennai,DEV_2311,Android,0,1,3,1081.89,1.3,0,0,0
TX_UPI_101265,2026-08-03 23:13:19,23,CUST_1808,normal,BEN_3523,939.51,Cred,@icici,Peer_to_Peer,Hyderabad,DEV_2138,iOS,0,1,3,1130.9,0.83,0,0,0
TX_UPI_101266,2026-08-10 19:25:02,19,CUST_1402,normal,BEN_3079,405.31,Paytm,@ybl,Grocery,Mumbai,DEV_1534,iOS,0,1,1,746.75,0.54,0,0,0
TX_UPI_101267,2026-08-06 10:08:51,10,CUST_1618,normal,BEN_2428,10.0,Cred,@upi,Peer_to_Peer,Mumbai,DEV_2169,Android,0,1,1,1118.27,0.01,0,0,0
TX_UPI_101268,2026-08-07 00:57:57,0,CUST_1736,normal,BEN_5747,485.77,GPay,@ybl,Grocery,Ahmedabad,DEV_1283,iOS,0,1,5,1088.33,0.45,0,0,0
TX_UPI_101269,2026-08-10 03:15:14,3,CUST_1100,suspicious,BEN_2543,10.0,PhonePe,@paytm,Peer_to_Peer,Kolkata,DEV_2122,Android,0,1,23,29578.31,0.0,1,1,1
TX_UPI_101270,2026-08-07 03:21:30,3,CUST_1582,normal,BEN_5213,404.91,BHIM,@paytm,Grocery,Hyderabad,DEV_2366,iOS,0,1,4,874.44,0.46,0,0,0
TX_UPI_101271,2026-08-04 09:00:40,9,CUST_1309,normal,BEN_4770,1278.14,PhonePe,@upi,Grocery,Bengaluru,DEV_1224,iOS,0,1,1,649.65,1.97,0,0,0
TX_UPI_101272,2026-08-02 19:27:43,19,CUST_1658,normal,BEN_3480,893.75,Cred,@ybl,Grocery,Chennai,DEV_1189,Android,0,1,3,984.56,0.91,0,0,0
TX_UPI_101273,2026-08-03 09:11:09,9,CUST_1005,normal,BEN_6626,252.78,Cred,@upi,Grocery,Ahmedabad,DEV_1430,Android,1,1,3,1144.63,0.22,0,0,0
TX_UPI_101274,2026-08-09 21:08:21,21,CUST_1155,normal,BEN_6626,1164.09,GPay,@ybl,Utilities,Delhi_NCR,DEV_2775,Android,0,1,4,919.17,1.27,0,0,0
TX_UPI_101275,2026-08-08 08:27:46,8,CUST_1789,normal,BEN_4134,2137.37,iMobile,@sbi,Grocery,Bengaluru,DEV_1230,Android,0,1,1,1197.01,1.79,0,0,0
TX_UPI_101276,2026-08-09 18:35:19,18,CUST_1351,normal,BEN_6103,2145.51,iMobile,@sbi,Peer_to_Peer,Ahmedabad,DEV_1405,Android,0,1,4,1031.39,2.08,0,0,0
TX_UPI_101277,2026-08-07 12:09:52,12,CUST_1013,normal,BEN_5267,777.36,iMobile,@ybl,Travel,Ahmedabad,DEV_2590,iOS,0,1,6,738.49,1.05,0,0,0
TX_UPI_101278,2026-08-07 18:38:30,18,CUST_1699,normal,BEN_1071,423.9,BHIM,@sbi,Peer_to_Peer,Delhi_NCR,DEV_2760,iOS,0,1,3,1377.04,0.31,0,0,0
TX_UPI_101279,2026-08-10 23:47:07,23,CUST_1605,normal,BEN_4117,1503.81,PhonePe,@sbi,Utilities,Chennai,DEV_2477,iOS,1,1,2,1005.53,1.5,0,0,0
TX_UPI_101280,2026-08-07 21:41:43,21,CUST_1610,normal,BEN_1796,708.54,Paytm,@ybl,Travel,Ahmedabad,DEV_2589,Android,0,1,2,1314.93,0.54,0,0,0
TX_UPI_101281,2026-08-07 13:10:52,13,CUST_1375,normal,BEN_1221,102.61,BHIM,@paytm,Utilities,Delhi_NCR,DEV_2733,Android,1,1,7,1278.78,0.08,0,0,0
TX_UPI_101282,2026-08-01 15:40:29,15,CUST_1432,normal,BEN_5567,2072.69,GPay,@paytm,Grocery,Delhi_NCR,DEV_1472,iOS,1,1,3,1044.01,1.99,0,0,0
TX_UPI_101283,2026-08-08 04:05:11,4,CUST_1022,normal,BEN_3305,53.48,BHIM,@ybl,Utilities,Delhi_NCR,DEV_2761,Android,0,1,2,1198.48,0.04,0,0,0
TX_UPI_101284,2026-08-09 07:21:36,7,CUST_1646,normal,BEN_3045,2236.85,iMobile,@okaxis,Peer_to_Peer,Hyderabad,DEV_1066,iOS,1,1,1,992.28,2.25,0,0,0
TX_UPI_101285,2026-08-10 07:48:58,7,CUST_1655,normal,BEN_1531,1078.96,BHIM,@paytm,Travel,Kolkata,DEV_2275,iOS,0,1,1,1221.92,0.88,0,0,0
TX_UPI_101286,2026-08-03 02:14:21,2,CUST_1252,normal,BEN_3057,620.81,Paytm,@upi,Grocery,Bengaluru,DEV_2713,Android,1,1,3,971.53,0.64,0,0,0
TX_UPI_101287,2026-08-07 05:45:59,5,CUST_1125,normal,BEN_2882,568.53,GPay,@ybl,Utilities,Mumbai,DEV_2134,iOS,0,1,3,1028.25,0.55,0,0,0
TX_UPI_101288,2026-08-01 12:24:53,12,CUST_1557,normal,BEN_1879,902.51,GPay,@icici,Grocery,Bengaluru,DEV_1917,iOS,1,1,2,1156.69,0.78,0,0,0
TX_UPI_101289,2026-08-03 08:56:21,8,CUST_1520,normal,BEN_1441,2522.89,GPay,@upi,Travel,Ahmedabad,DEV_1504,Android,0,1,4,1319.07,1.91,0,1,0
TX_UPI_101290,2026-08-07 10:34:33,10,CUST_1282,normal,BEN_1935,87.82,BHIM,@paytm,Travel,Hyderabad,DEV_1358,iOS,1,1,4,816.63,0.11,0,0,0
TX_UPI_101291,2026-08-09 12:52:56,12,CUST_1439,normal,BEN_1987,18.46,Cred,@paytm,Utilities,Ahmedabad,DEV_1418,Android,0,1,2,1366.06,0.01,0,0,0
TX_UPI_101292,2026-08-02 21:36:30,21,CUST_1829,normal,BEN_2219,1960.01,BHIM,@paytm,Peer_to_Peer,Kolkata,DEV_1894,iOS,0,1,4,712.15,2.75,0,0,0
TX_UPI_101293,2026-08-01 16:46:17,16,CUST_1272,normal,BEN_3706,1042.98,BHIM,@upi,Peer_to_Peer,Kolkata,DEV_1636,Android,1,1,4,1122.13,0.93,0,0,0
TX_UPI_101294,2026-08-09 02:08:34,2,CUST_1478,normal,BEN_6366,10.0,GPay,@paytm,Travel,Mumbai,DEV_2533,Android,0,1,2,1064.62,0.01,0,0,0
TX_UPI_101295,2026-08-04 19:45:50,19,CUST_1255,normal,BEN_2410,1629.03,iMobile,@sbi,Travel,Bengaluru,DEV_2606,iOS,0,1,1,1041.09,1.56,0,0,0
TX_UPI_101296,2026-08-08 06:09:38,6,CUST_1508,normal,BEN_1533,1314.44,BHIM,@icici,Peer_to_Peer,Ahmedabad,DEV_2327,Android,0,1,5,1246.29,1.05,0,0,0
TX_UPI_101297,2026-08-10 02:25:34,2,CUST_1299,normal,BEN_2771,1666.06,GPay,@upi,Utilities,Kolkata,DEV_1304,Android,0,1,2,622.08,2.68,0,0,0
TX_UPI_101298,2026-08-03 02:44:17,2,CUST_1780,normal,BEN_6643,885.56,Paytm,@upi,Grocery,Delhi_NCR,DEV_2509,Android,0,1,6,1414.43,0.63,0,0,0
TX_UPI_101299,2026-08-06 09:55:36,9,CUST_1826,normal,BEN_4529,1768.44,GPay,@okaxis,Grocery,Pune,DEV_2809,Android,0,1,4,1171.11,1.51,0,0,0
TX_UPI_101300,2026-08-10 22:47:16,22,CUST_1553,normal,BEN_2297,755.11,PhonePe,@okaxis,Travel,Bengaluru,DEV_1112,iOS,0,1,3,1480.58,0.51,0,0,0
TX_UPI_101301,2026-08-07 14:57:37,14,CUST_1818,normal,BEN_2200,445.95,GPay,@ybl,Travel,Chennai,DEV_2844,iOS,1,1,7,1002.71,0.44,0,1,0
TX_UPI_101302,2026-08-07 04:01:44,4,CUST_1031,normal,BEN_5383,2260.35,GPay,@icici,Travel,Kolkata,DEV_1622,iOS,0,1,1,1220.62,1.85,0,0,0
TX_UPI_101303,2026-08-09 22:47:47,22,CUST_1238,normal,BEN_1094,610.58,Cred,@upi,Peer_to_Peer,Chennai,DEV_2909,iOS,1,1,1,1132.45,0.54,1,0,0
TX_UPI_101304,2026-08-06 17:51:05,17,CUST_1682,normal,BEN_1697,2007.58,GPay,@ybl,Utilities,Hyderabad,DEV_2153,iOS,0,1,2,720.24,2.79,0,0,0
TX_UPI_101305,2026-08-07 01:32:37,1,CUST_1690,normal,BEN_5134,1126.52,Cred,@paytm,Peer_to_Peer,Delhi_NCR,DEV_2146,iOS,0,1,3,1211.6,0.93,0,0,0
TX_UPI_101306,2026-08-01 14:34:15,14,CUST_1273,normal,BEN_1965,1959.68,GPay,@icici,Travel,Chennai,DEV_2461,Android,0,1,3,1525.32,1.28,0,0,0
TX_UPI_101307,2026-08-06 23:59:29,23,CUST_1565,normal,BEN_6522,1379.39,iMobile,@ybl,Peer_to_Peer,Delhi_NCR,DEV_1581,iOS,0,1,3,693.22,1.99,0,0,0
TX_UPI_101308,2026-08-10 10:54:32,10,CUST_1471,normal,BEN_6242,989.87,Cred,@sbi,Peer_to_Peer,Kolkata,DEV_1599,Android,0,1,3,1310.47,0.76,0,0,0
TX_UPI_101309,2026-08-04 00:25:33,0,CUST_1737,normal,BEN_4711,1569.99,Paytm,@icici,Travel,Kolkata,DEV_1544,Android,0,1,1,1121.34,1.4,0,0,0
TX_UPI_101310,2026-08-02 17:27:33,17,CUST_1163,normal,BEN_5445,1737.22,Paytm,@icici,Utilities,Hyderabad,DEV_1563,iOS,1,1,7,1293.0,1.34,0,0,0
TX_UPI_101311,2026-08-05 20:32:47,20,CUST_1545,normal,BEN_4570,1808.68,iMobile,@icici,Peer_to_Peer,Hyderabad,DEV_2802,Android,0,1,4,1173.19,1.54,0,0,0
TX_UPI_101312,2026-08-01 19:51:00,19,CUST_1435,normal,BEN_1605,2199.6,GPay,@icici,Utilities,Bengaluru,DEV_1614,Android,0,1,1,996.13,2.21,0,0,0
TX_UPI_101313,2026-08-10 04:03:09,4,CUST_1614,normal,BEN_2905,581.95,iMobile,@ybl,Utilities,Hyderabad,DEV_1221,iOS,0,1,4,1375.25,0.42,0,0,0
TX_UPI_101314,2026-08-04 02:07:55,2,CUST_1328,normal,BEN_6737,722.42,Cred,@icici,Travel,Bengaluru,DEV_1680,iOS,0,1,1,981.07,0.74,0,0,0
TX_UPI_101315,2026-08-04 04:21:58,4,CUST_1127,normal,BEN_1258,1930.78,Cred,@okaxis,Peer_to_Peer,Kolkata,DEV_2331,iOS,0,1,5,1182.76,1.63,0,0,0
TX_UPI_101316,2026-08-01 18:24:08,18,CUST_1481,mule,BEN_3119,29400.13,iMobile,@upi,Jewelry,Bengaluru,DEV_2433,Android,1,1,12,34591.77,0.85,1,1,1
TX_UPI_101317,2026-08-09 20:28:41,20,CUST_1002,normal,BEN_1652,532.57,BHIM,@upi,Utilities,Delhi_NCR,DEV_1556,Android,0,1,8,1216.92,0.44,0,0,0
TX_UPI_101318,2026-08-08 13:19:48,13,CUST_1189,normal,BEN_4458,735.48,BHIM,@sbi,Peer_to_Peer,Kolkata,DEV_2118,iOS,0,1,2,1057.69,0.7,0,0,0
TX_UPI_101319,2026-08-07 16:04:07,16,CUST_1450,normal,BEN_1739,1008.4,Paytm,@icici,Grocery,Kolkata,DEV_2410,iOS,0,1,6,1124.74,0.9,0,0,0
TX_UPI_101320,2026-08-08 10:45:08,10,CUST_1138,normal,BEN_6631,614.69,iMobile,@icici,Grocery,Delhi_NCR,DEV_2730,Android,0,1,7,1091.83,0.56,0,0,0
TX_UPI_101321,2026-08-01 20:30:02,20,CUST_1485,normal,BEN_5882,1815.07,GPay,@upi,Travel,Mumbai,DEV_2705,Android,0,1,2,1167.15,1.56,0,0,0
TX_UPI_101322,2026-08-09 14:36:54,14,CUST_1663,normal,BEN_5911,1448.89,PhonePe,@okaxis,Travel,Pune,DEV_1762,iOS,0,1,1,1563.67,0.93,0,0,0
TX_UPI_101323,2026-08-04 15:00:23,15,CUST_1543,suspicious,BEN_4082,51231.6,Cred,@paytm,Peer_to_Peer,Delhi_NCR,DEV_1600,Android,1,1,14,19247.74,2.66,1,0,0
TX_UPI_101324,2026-08-05 23:33:18,23,CUST_1051,normal,BEN_3545,1478.05,Paytm,@upi,Grocery,Pune,DEV_1029,Android,0,1,4,1165.36,1.27,0,0,0
TX_UPI_101325,2026-08-10 11:55:28,11,CUST_1315,normal,BEN_2071,1353.26,Paytm,@ybl,Peer_to_Peer,Hyderabad,DEV_1870,Android,0,1,5,1427.35,0.95,0,0,0
TX_UPI_101326,2026-08-08 16:31:47,16,CUST_1188,normal,BEN_4248,1654.48,BHIM,@paytm,Grocery,Pune,DEV_1222,Android,0,1,1,1407.02,1.18,0,0,0
TX_UPI_101327,2026-08-09 04:41:09,4,CUST_1435,normal,BEN_3409,2512.49,PhonePe,@ybl,Peer_to_Peer,Bengaluru,DEV_1311,Android,0,1,10,810.36,3.1,0,0,0
TX_UPI_101328,2026-08-06 18:02:50,18,CUST_1318,normal,BEN_1227,1394.31,BHIM,@ybl,Travel,Chennai,DEV_1799,Android,0,1,1,1212.76,1.15,0,0,0
TX_UPI_101329,2026-08-07 02:36:51,2,CUST_1257,normal,BEN_5397,761.44,Cred,@icici,Peer_to_Peer,Kolkata,DEV_1012,Android,0,1,7,894.09,0.85,0,0,0
TX_UPI_101330,2026-08-02 13:14:22,13,CUST_1200,normal,BEN_1111,10.0,GPay,@ybl,Travel,Chennai,DEV_2906,iOS,0,1,3,605.88,0.02,0,0,0
TX_UPI_101331,2026-08-08 18:00:14,18,CUST_1831,normal,BEN_2348,1800.88,BHIM,@okaxis,Peer_to_Peer,Delhi_NCR,DEV_2883,Android,0,1,1,1086.83,1.66,0,0,0
TX_UPI_101332,2026-08-06 05:16:15,5,CUST_1354,normal,BEN_5539,10.0,iMobile,@icici,Utilities,Kolkata,DEV_1944,Android,0,1,3,1474.41,0.01,0,0,0
TX_UPI_101333,2026-08-02 11:56:40,11,CUST_1687,normal,BEN_3074,1488.52,Cred,@sbi,Peer_to_Peer,Hyderabad,DEV_2799,iOS,0,1,2,1072.51,1.39,0,1,0
TX_UPI_101334,2026-08-08 22:08:52,22,CUST_1376,normal,BEN_2193,1214.41,Paytm,@sbi,Utilities,Ahmedabad,DEV_2515,iOS,0,1,4,751.95,1.62,0,0,0
TX_UPI_101335,2026-08-09 15:39:16,15,CUST_1458,normal,BEN_4591,1674.05,Paytm,@icici,Utilities,Ahmedabad,DEV_1923,Android,0,1,1,928.83,1.8,0,0,0
TX_UPI_101336,2026-08-01 08:56:36,8,CUST_1196,normal,BEN_1596,809.38,Cred,@icici,Grocery,Kolkata,DEV_2678,Android,0,1,5,1085.43,0.75,1,0,0
TX_UPI_101337,2026-08-05 16:43:44,16,CUST_1252,normal,BEN_4167,75.55,GPay,@paytm,Utilities,Chennai,DEV_1067,Android,0,1,2,1127.68,0.07,0,0,0
TX_UPI_101338,2026-08-03 18:49:42,18,CUST_1338,normal,BEN_6734,1136.75,PhonePe,@paytm,Peer_to_Peer,Mumbai,DEV_2756,Android,0,1,2,964.6,1.18,0,0,0
TX_UPI_101339,2026-08-07 03:08:14,3,CUST_1293,normal,BEN_3284,1756.93,Cred,@okaxis,Peer_to_Peer,Kolkata,DEV_1352,iOS,0,1,2,1058.86,1.66,0,0,0
TX_UPI_101340,2026-08-07 10:52:46,10,CUST_1215,normal,BEN_6075,2935.95,Cred,@paytm,Travel,Bengaluru,DEV_2234,iOS,0,1,1,635.56,4.62,0,1,0
TX_UPI_101341,2026-08-08 05:31:35,5,CUST_1126,suspicious,BEN_5414,42104.61,PhonePe,@icici,Jewelry,Ahmedabad,DEV_2790,iOS,0,1,12,23481.52,1.79,1,1,1
TX_UPI_101342,2026-08-10 06:37:42,6,CUST_1707,normal,BEN_5741,575.07,Cred,@okaxis,Utilities,Pune,DEV_1985,iOS,0,1,3,1463.65,0.39,0,0,0
TX_UPI_101343,2026-08-03 19:44:07,19,CUST_1037,normal,BEN_3193,1841.7,GPay,@sbi,Peer_to_Peer,Kolkata,DEV_1358,iOS,0,1,5,740.11,2.49,0,0,0
TX_UPI_101344,2026-08-03 20:35:03,20,CUST_1243,normal,BEN_6402,279.08,Cred,@okaxis,Utilities,Delhi_NCR,DEV_2323,Android,1,1,1,885.75,0.32,0,0,0
TX_UPI_101345,2026-08-07 06:36:38,6,CUST_1527,normal,BEN_1992,1965.36,GPay,@sbi,Grocery,Hyderabad,DEV_1298,Android,1,1,5,1026.84,1.91,0,0,0
TX_UPI_101346,2026-08-09 09:27:43,9,CUST_1534,normal,BEN_1371,1182.16,BHIM,@upi,Peer_to_Peer,Kolkata,DEV_1234,iOS,0,1,2,1129.14,1.05,0,0,0
TX_UPI_101347,2026-08-02 11:26:54,11,CUST_1011,normal,BEN_4143,1812.7,Cred,@okaxis,Travel,Pune,DEV_1763,Android,0,1,1,1151.92,1.57,0,0,0
TX_UPI_101348,2026-08-08 21:17:24,21,CUST_1249,normal,BEN_4449,1945.95,iMobile,@okaxis,Travel,Mumbai,DEV_1565,iOS,0,1,3,1248.17,1.56,0,0,0
TX_UPI_101349,2026-08-08 03:28:18,3,CUST_1323,normal,BEN_1138,3451.72,iMobile,@okaxis,Travel,Mumbai,DEV_1406,Android,0,1,3,1174.39,2.94,0,1,0
TX_UPI_101350,2026-08-10 00:10:47,0,CUST_1602,normal,BEN_6644,609.55,BHIM,@upi,Travel,Bengaluru,DEV_1040,iOS,0,1,4,1190.47,0.51,0,0,0
TX_UPI_101351,2026-08-01 03:47:55,3,CUST_1662,normal,BEN_1739,1355.87,BHIM,@paytm,Grocery,Pune,DEV_2451,Android,0,1,1,1129.53,1.2,0,0,0
TX_UPI_101352,2026-08-07 13:46:05,13,CUST_1331,normal,BEN_5282,2369.76,GPay,@upi,Peer_to_Peer,Pune,DEV_1085,iOS,0,1,4,1310.88,1.81,0,0,0
TX_UPI_101353,2026-08-04 13:41:32,13,CUST_1567,normal,BEN_5971,1010.39,PhonePe,@upi,Grocery,Kolkata,DEV_1795,Android,1,1,5,1147.02,0.88,0,0,0
TX_UPI_101354,2026-08-09 06:41:03,6,CUST_1676,normal,BEN_4039,439.27,iMobile,@upi,Peer_to_Peer,Bengaluru,DEV_1062,iOS,0,1,4,841.99,0.52,0,0,0
TX_UPI_101355,2026-08-01 06:48:29,6,CUST_1709,normal,BEN_1712,693.7,Cred,@ybl,Utilities,Delhi_NCR,DEV_2931,Android,0,1,4,1151.34,0.6,0,0,0
TX_UPI_101356,2026-08-04 16:10:30,16,CUST_1080,normal,BEN_1596,248.61,Cred,@okaxis,Grocery,Chennai,DEV_2926,Android,0,1,6,1217.28,0.2,0,0,0
TX_UPI_101357,2026-08-06 13:05:13,13,CUST_1297,mule,BEN_4154,20905.43,iMobile,@okaxis,Jewelry,Delhi_NCR,DEV_1607,iOS,1,1,9,30630.57,0.68,1,0,1
TX_UPI_101358,2026-08-04 09:39:08,9,CUST_1094,normal,BEN_3181,843.25,Cred,@sbi,Grocery,Kolkata,DEV_1892,Android,0,1,4,992.85,0.85,0,0,0
TX_UPI_101359,2026-08-10 20:16:05,20,CUST_1724,normal,BEN_2080,10.0,Paytm,@sbi,Grocery,Chennai,DEV_2876,iOS,0,1,3,1006.65,0.01,0,0,0
TX_UPI_101360,2026-08-10 11:02:47,11,CUST_1517,normal,BEN_4007,1706.93,PhonePe,@okaxis,Grocery,Delhi_NCR,DEV_2729,Android,1,1,2,1482.88,1.15,0,0,0
TX_UPI_101361,2026-08-05 20:18:14,20,CUST_1224,normal,BEN_1432,10.0,iMobile,@paytm,Peer_to_Peer,Kolkata,DEV_2946,iOS,0,1,6,1026.16,0.01,0,0,0
TX_UPI_101362,2026-08-07 02:32:17,2,CUST_1166,normal,BEN_1478,1887.67,Cred,@icici,Utilities,Chennai,DEV_1010,iOS,0,1,4,1353.49,1.39,0,0,0
TX_UPI_101363,2026-08-04 04:15:35,4,CUST_1734,normal,BEN_1593,890.11,BHIM,@ybl,Travel,Bengaluru,DEV_1859,Android,0,1,1,1420.92,0.63,0,0,0
TX_UPI_101364,2026-08-01 19:11:52,19,CUST_1060,normal,BEN_5705,1109.22,Paytm,@icici,Grocery,Mumbai,DEV_1237,Android,1,1,4,1376.34,0.81,0,0,0
TX_UPI_101365,2026-08-08 23:20:48,23,CUST_1088,normal,BEN_1357,374.44,Paytm,@ybl,Grocery,Kolkata,DEV_2530,Android,0,1,5,938.43,0.4,0,0,0
TX_UPI_101366,2026-08-02 15:39:38,15,CUST_1204,normal,BEN_4524,1094.26,GPay,@okaxis,Grocery,Ahmedabad,DEV_2658,Android,0,1,4,719.95,1.52,1,0,0
TX_UPI_101367,2026-08-07 23:11:25,23,CUST_1804,normal,BEN_6290,576.93,Paytm,@icici,Utilities,Chennai,DEV_1464,iOS,0,1,6,1292.69,0.45,0,0,0
TX_UPI_101368,2026-08-06 00:02:24,0,CUST_1352,normal,BEN_4868,1149.89,PhonePe,@icici,Utilities,Pune,DEV_2959,iOS,0,1,4,1009.38,1.14,0,0,0
TX_UPI_101369,2026-08-03 10:53:25,10,CUST_1824,normal,BEN_6942,2285.27,Paytm,@icici,Peer_to_Peer,Bengaluru,DEV_2846,Android,1,1,3,1135.64,2.01,0,0,0
TX_UPI_101370,2026-08-03 05:21:13,5,CUST_1070,normal,BEN_3097,2116.82,BHIM,@paytm,Utilities,Hyderabad,DEV_1896,iOS,0,1,2,1454.11,1.46,0,0,0
TX_UPI_101371,2026-08-01 17:36:53,17,CUST_1415,suspicious,BEN_4516,451.69,Paytm,@icici,Electronics,Kolkata,DEV_2526,Android,1,2,31,23187.55,0.02,1,0,1
TX_UPI_101372,2026-08-07 13:51:07,13,CUST_1515,normal,BEN_2866,1005.84,PhonePe,@icici,Travel,Pune,DEV_1651,Android,0,1,1,970.85,1.04,0,0,0
TX_UPI_101373,2026-08-02 16:09:58,16,CUST_1553,normal,BEN_4639,368.15,GPay,@paytm,Travel,Chennai,DEV_1912,Android,0,1,2,1047.05,0.35,0,0,0
TX_UPI_101374,2026-08-05 10:05:14,10,CUST_1406,normal,BEN_1278,1966.23,PhonePe,@ybl,Peer_to_Peer,Delhi_NCR,DEV_2216,Android,0,1,4,1153.84,1.7,0,0,0
TX_UPI_101375,2026-08-04 18:08:26,18,CUST_1748,normal,BEN_1682,323.58,GPay,@sbi,Grocery,Bengaluru,DEV_1204,Android,0,1,2,1511.69,0.21,0,0,0
TX_UPI_101376,2026-08-10 18:36:06,18,CUST_1302,normal,BEN_6756,611.84,iMobile,@upi,Utilities,Kolkata,DEV_2406,Android,0,1,7,1021.67,0.6,0,0,0
TX_UPI_101377,2026-08-04 06:04:30,6,CUST_1715,normal,BEN_1677,1201.83,GPay,@sbi,Travel,Delhi_NCR,DEV_2828,Android,0,1,6,1385.25,0.87,0,0,0
TX_UPI_101378,2026-08-01 17:20:12,17,CUST_1010,normal,BEN_1909,1111.35,PhonePe,@upi,Travel,Mumbai,DEV_1654,Android,0,1,3,1066.58,1.04,0,0,0
TX_UPI_101379,2026-08-08 22:41:17,22,CUST_1702,normal,BEN_6059,1470.37,iMobile,@icici,Grocery,Pune,DEV_2297,iOS,0,1,5,1081.02,1.36,0,0,0
TX_UPI_101380,2026-08-09 13:06:30,13,CUST_1195,normal,BEN_5832,1695.11,PhonePe,@upi,Grocery,Mumbai,DEV_2450,iOS,0,1,7,1171.51,1.45,0,0,0
TX_UPI_101381,2026-08-05 18:22:24,18,CUST_1294,normal,BEN_6909,1449.32,iMobile,@icici,Travel,Hyderabad,DEV_2582,iOS,0,1,1,448.62,3.23,0,1,0
TX_UPI_101382,2026-08-01 09:09:19,9,CUST_1219,normal,BEN_5446,1510.7,BHIM,@okaxis,Travel,Pune,DEV_1147,Android,0,1,3,956.45,1.58,0,0,0
TX_UPI_101383,2026-08-08 11:35:51,11,CUST_1178,normal,BEN_4062,1394.82,Cred,@paytm,Grocery,Chennai,DEV_2862,Android,0,1,3,1350.67,1.03,0,0,0
TX_UPI_101384,2026-08-06 21:49:04,21,CUST_1583,normal,BEN_4510,1268.89,Cred,@okaxis,Peer_to_Peer,Mumbai,DEV_2169,iOS,0,1,2,1317.64,0.96,0,0,0
TX_UPI_101385,2026-08-06 19:04:55,19,CUST_1269,mule,BEN_3187,30657.38,GPay,@sbi,Peer_to_Peer,Hyderabad,DEV_2025,iOS,1,1,30,28635.54,1.07,0,1,1
TX_UPI_101386,2026-08-04 12:10:13,12,CUST_1314,normal,BEN_1022,680.14,Cred,@sbi,Travel,Chennai,DEV_1042,Android,0,1,4,1083.08,0.63,0,0,0
TX_UPI_101387,2026-08-03 15:29:14,15,CUST_1164,normal,BEN_2740,1583.86,iMobile,@paytm,Travel,Mumbai,DEV_2010,Android,0,1,3,639.27,2.48,0,0,0
TX_UPI_101388,2026-08-07 12:28:55,12,CUST_1260,normal,BEN_5691,853.78,PhonePe,@icici,Grocery,Mumbai,DEV_2354,Android,0,1,5,1008.63,0.85,0,0,0
TX_UPI_101389,2026-08-09 22:44:00,22,CUST_1806,normal,BEN_6544,1002.89,GPay,@icici,Peer_to_Peer,Mumbai,DEV_2718,iOS,0,1,5,909.13,1.1,0,0,0
TX_UPI_101390,2026-08-03 22:46:18,22,CUST_1014,normal,BEN_4637,10.0,PhonePe,@okaxis,Travel,Bengaluru,DEV_1804,iOS,0,1,3,963.8,0.01,0,0,0
TX_UPI_101391,2026-08-06 12:58:35,12,CUST_1342,suspicious,BEN_5633,10607.57,Cred,@icici,Peer_to_Peer,Ahmedabad,DEV_2755,iOS,1,1,16,27854.13,0.38,1,1,0
TX_UPI_101392,2026-08-05 19:07:20,19,CUST_1047,normal,BEN_1069,1192.57,PhonePe,@ybl,Grocery,Kolkata,DEV_2632,Android,0,1,4,1515.22,0.79,0,0,0
TX_UPI_101393,2026-08-06 14:57:55,14,CUST_1025,normal,BEN_4644,925.7,iMobile,@icici,Grocery,Delhi_NCR,DEV_2858,Android,0,1,4,957.79,0.97,0,0,0
TX_UPI_101394,2026-08-06 05:40:07,5,CUST_1717,normal,BEN_5296,522.91,PhonePe,@okaxis,Travel,Delhi_NCR,DEV_1722,Android,0,1,2,965.1,0.54,0,0,0
TX_UPI_101395,2026-08-06 06:20:03,6,CUST_1108,normal,BEN_4042,1487.58,GPay,@icici,Peer_to_Peer,Kolkata,DEV_2096,Android,0,1,8,908.15,1.64,0,0,0
TX_UPI_101396,2026-08-06 17:01:37,17,CUST_1171,normal,BEN_5233,866.7,iMobile,@sbi,Utilities,Bengaluru,DEV_2138,iOS,1,1,3,1174.99,0.74,0,0,0
TX_UPI_101397,2026-08-10 06:59:37,6,CUST_1827,normal,BEN_4075,1410.84,iMobile,@icici,Utilities,Hyderabad,DEV_2121,Android,0,1,6,497.67,2.83,0,0,0
TX_UPI_101398,2026-08-04 08:25:23,8,CUST_1339,normal,BEN_6917,10.0,Paytm,@okaxis,Travel,Bengaluru,DEV_1344,Android,0,1,3,1343.35,0.01,0,0,0
TX_UPI_101399,2026-08-08 14:07:25,14,CUST_1234,normal,BEN_1726,10.0,PhonePe,@sbi,Utilities,Delhi_NCR,DEV_1516,Android,0,1,1,1217.08,0.01,0,0,0
TX_UPI_101400,2026-08-07 08:53:18,8,CUST_1765,normal,BEN_5935,1394.93,GPay,@okaxis,Grocery,Kolkata,DEV_2182,iOS,0,1,1,843.47,1.65,0,0,0
TX_UPI_101401,2026-08-08 16:40:43,16,CUST_1212,normal,BEN_2074,424.21,GPay,@paytm,Grocery,Delhi_NCR,DEV_2745,Android,0,1,4,929.68,0.46,0,0,0
TX_UPI_101402,2026-08-09 17:05:22,17,CUST_1198,normal,BEN_1385,1595.25,GPay,@ybl,Grocery,Bengaluru,DEV_1687,iOS,0,1,1,874.36,1.82,1,0,0
TX_UPI_101403,2026-08-10 14:59:30,14,CUST_1609,normal,BEN_4259,299.16,PhonePe,@upi,Grocery,Ahmedabad,DEV_1728,iOS,1,1,3,950.87,0.31,0,0,0
TX_UPI_101404,2026-08-08 21:50:21,21,CUST_1165,normal,BEN_3445,1838.28,Cred,@okaxis,Utilities,Kolkata,DEV_1961,Android,0,1,1,1090.92,1.69,0,0,0
TX_UPI_101405,2026-08-10 12:41:38,12,CUST_1029,normal,BEN_4171,1646.67,Paytm,@ybl,Grocery,Pune,DEV_2269,Android,0,1,7,964.38,1.71,0,0,0
TX_UPI_101406,2026-08-01 04:04:31,4,CUST_1513,normal,BEN_4421,1459.57,GPay,@paytm,Grocery,Kolkata,DEV_2984,iOS,0,1,1,505.93,2.88,0,0,0
TX_UPI_101407,2026-08-09 12:00:50,12,CUST_1403,normal,BEN_1495,1875.82,PhonePe,@okaxis,Grocery,Kolkata,DEV_1740,iOS,0,1,3,1362.84,1.38,0,0,0
TX_UPI_101408,2026-08-06 05:40:45,5,CUST_1400,normal,BEN_2840,101.28,PhonePe,@sbi,Utilities,Pune,DEV_2468,Android,0,1,5,1528.52,0.07,0,0,0
TX_UPI_101409,2026-08-02 13:42:45,13,CUST_1172,normal,BEN_3420,1535.76,BHIM,@ybl,Travel,Kolkata,DEV_1181,Android,0,1,4,1082.05,1.42,0,0,0
TX_UPI_101410,2026-08-07 17:35:55,17,CUST_1712,normal,BEN_5216,10.0,Paytm,@paytm,Peer_to_Peer,Delhi_NCR,DEV_2390,Android,0,1,6,933.39,0.01,0,0,0
TX_UPI_101411,2026-08-08 05:02:58,5,CUST_1703,normal,BEN_2966,1603.59,Cred,@okaxis,Peer_to_Peer,Kolkata,DEV_2309,Android,0,1,1,796.93,2.01,0,0,0
TX_UPI_101412,2026-08-03 10:32:57,10,CUST_1573,normal,BEN_4775,2348.07,Paytm,@ybl,Utilities,Delhi_NCR,DEV_2939,iOS,0,1,3,1428.79,1.64,0,0,0
TX_UPI_101413,2026-08-04 03:56:47,3,CUST_1207,normal,BEN_6786,1137.42,GPay,@sbi,Travel,Hyderabad,DEV_1161,Android,0,1,1,1294.1,0.88,0,0,0
TX_UPI_101414,2026-08-04 05:47:29,5,CUST_1378,normal,BEN_3710,728.09,BHIM,@sbi,Travel,Kolkata,DEV_2022,iOS,0,1,5,1086.05,0.67,0,0,0
TX_UPI_101415,2026-08-08 17:10:08,17,CUST_1343,normal,BEN_5622,10.0,PhonePe,@paytm,Peer_to_Peer,Hyderabad,DEV_1759,iOS,0,1,4,1607.09,0.01,0,0,0
TX_UPI_101416,2026-08-01 18:31:10,18,CUST_1441,normal,BEN_3811,1594.39,PhonePe,@paytm,Travel,Delhi_NCR,DEV_1362,Android,1,1,3,1338.08,1.19,0,1,0
TX_UPI_101417,2026-08-08 12:06:01,12,CUST_1313,normal,BEN_4269,1368.53,Cred,@okaxis,Peer_to_Peer,Chennai,DEV_2557,Android,0,1,4,818.01,1.67,0,0,0
TX_UPI_101418,2026-08-06 10:06:22,10,CUST_1186,normal,BEN_3262,1387.08,GPay,@ybl,Travel,Mumbai,DEV_2781,iOS,0,1,6,879.35,1.58,0,0,0
TX_UPI_101419,2026-08-02 11:41:32,11,CUST_1292,normal,BEN_2289,2339.6,GPay,@sbi,Travel,Pune,DEV_1507,Android,0,1,3,866.94,2.7,0,0,0
TX_UPI_101420,2026-08-10 19:48:40,19,CUST_1057,normal,BEN_4751,1998.11,BHIM,@icici,Grocery,Kolkata,DEV_2347,Android,0,1,3,1262.28,1.58,0,1,0
TX_UPI_101421,2026-08-07 10:36:55,10,CUST_1364,normal,BEN_6979,966.59,PhonePe,@ybl,Utilities,Bengaluru,DEV_1754,Android,1,1,3,1198.45,0.81,0,0,0
TX_UPI_101422,2026-08-10 21:34:26,21,CUST_1673,normal,BEN_5140,1432.72,Paytm,@sbi,Peer_to_Peer,Delhi_NCR,DEV_2821,iOS,0,1,1,810.9,1.77,0,0,0
TX_UPI_101423,2026-08-07 00:49:33,0,CUST_1198,normal,BEN_3797,1943.53,iMobile,@ybl,Peer_to_Peer,Mumbai,DEV_2631,iOS,0,1,3,954.3,2.04,0,0,0
TX_UPI_101424,2026-08-06 05:14:21,5,CUST_1409,normal,BEN_4834,113.14,iMobile,@paytm,Travel,Kolkata,DEV_1399,Android,0,1,1,594.77,0.19,0,0,0
TX_UPI_101425,2026-08-10 20:59:56,20,CUST_1449,normal,BEN_6317,1118.98,Cred,@okaxis,Peer_to_Peer,Mumbai,DEV_1666,iOS,0,1,2,848.02,1.32,0,0,0
TX_UPI_101426,2026-08-03 03:53:56,3,CUST_1746,normal,BEN_4793,1145.5,PhonePe,@okaxis,Travel,Pune,DEV_1654,Android,0,1,4,1582.37,0.72,0,1,0
TX_UPI_101427,2026-08-07 23:05:30,23,CUST_1708,normal,BEN_2347,10.0,GPay,@ybl,Travel,Kolkata,DEV_2012,Android,0,1,6,1313.54,0.01,0,0,0
TX_UPI_101428,2026-08-07 06:54:24,6,CUST_1794,normal,BEN_6949,576.73,BHIM,@ybl,Travel,Mumbai,DEV_2178,Android,0,1,4,970.17,0.59,0,0,0
TX_UPI_101429,2026-08-05 06:35:59,6,CUST_1675,normal,BEN_2235,1348.55,iMobile,@ybl,Utilities,Hyderabad,DEV_1346,Android,0,1,7,1225.35,1.1,0,0,0
TX_UPI_101430,2026-08-08 07:45:00,7,CUST_1622,normal,BEN_4880,1606.89,PhonePe,@okaxis,Travel,Pune,DEV_2746,iOS,0,1,3,723.83,2.22,0,0,0
TX_UPI_101431,2026-08-03 18:00:46,18,CUST_1433,normal,BEN_4253,1033.23,BHIM,@okaxis,Utilities,Chennai,DEV_1961,Android,1,1,6,713.48,1.45,0,1,0
TX_UPI_101432,2026-08-07 01:00:16,1,CUST_1806,normal,BEN_1316,355.93,GPay,@icici,Utilities,Delhi_NCR,DEV_1780,Android,0,1,4,843.68,0.42,0,0,0
TX_UPI_101433,2026-08-07 18:36:34,18,CUST_1694,normal,BEN_5038,565.98,Cred,@sbi,Travel,Delhi_NCR,DEV_2973,Android,0,1,3,752.25,0.75,0,0,0
TX_UPI_101434,2026-08-04 03:13:36,3,CUST_1798,normal,BEN_3151,420.7,BHIM,@upi,Utilities,Hyderabad,DEV_1906,iOS,0,1,5,766.23,0.55,0,0,0
TX_UPI_101435,2026-08-02 23:00:25,23,CUST_1729,normal,BEN_2261,10.0,Cred,@okaxis,Utilities,Bengaluru,DEV_1519,iOS,0,1,2,1255.67,0.01,0,0,0
TX_UPI_101436,2026-08-05 07:02:02,7,CUST_1414,normal,BEN_4044,1042.46,GPay,@upi,Peer_to_Peer,Delhi_NCR,DEV_1432,iOS,0,1,3,1090.65,0.96,0,0,0
TX_UPI_101437,2026-08-03 23:15:25,23,CUST_1068,normal,BEN_6600,10.0,iMobile,@okaxis,Travel,Mumbai,DEV_1812,iOS,0,1,4,1172.02,0.01,0,1,0
TX_UPI_101438,2026-08-07 18:47:19,18,CUST_1312,normal,BEN_6406,872.55,GPay,@sbi,Travel,Chennai,DEV_1027,Android,0,1,6,809.4,1.08,0,0,0
TX_UPI_101439,2026-08-03 18:46:14,18,CUST_1584,normal,BEN_3570,2102.33,iMobile,@upi,Grocery,Chennai,DEV_1129,iOS,0,1,4,999.23,2.1,0,0,0
TX_UPI_101440,2026-08-08 14:23:47,14,CUST_1675,normal,BEN_3192,1184.1,GPay,@paytm,Peer_to_Peer,Bengaluru,DEV_2475,iOS,0,1,3,1372.87,0.86,0,0,0
TX_UPI_101441,2026-08-07 21:54:03,21,CUST_1686,normal,BEN_3629,338.66,GPay,@icici,Grocery,Kolkata,DEV_2210,Android,0,1,2,1328.71,0.25,0,0,0
TX_UPI_101442,2026-08-01 05:17:22,5,CUST_1259,normal,BEN_6101,723.57,PhonePe,@upi,Utilities,Delhi_NCR,DEV_1145,Android,0,1,5,1487.86,0.49,0,0,0
TX_UPI_101443,2026-08-03 10:46:27,10,CUST_1585,normal,BEN_5357,878.56,PhonePe,@sbi,Peer_to_Peer,Kolkata,DEV_1947,iOS,0,1,5,803.11,1.09,0,0,0
TX_UPI_101444,2026-08-03 00:03:07,0,CUST_1436,normal,BEN_5931,1803.79,BHIM,@upi,Grocery,Hyderabad,DEV_2634,Android,0,1,4,1193.53,1.51,0,0,0
TX_UPI_101445,2026-08-05 02:46:31,2,CUST_1712,normal,BEN_2943,683.54,Cred,@icici,Travel,Ahmedabad,DEV_1721,iOS,0,1,1,1200.78,0.57,0,0,0
TX_UPI_101446,2026-08-08 07:31:30,7,CUST_1093,normal,BEN_1252,10.0,iMobile,@upi,Utilities,Chennai,DEV_1385,iOS,0,1,3,1305.88,0.01,0,0,0
TX_UPI_101447,2026-08-02 18:09:22,18,CUST_1046,normal,BEN_1192,1353.52,PhonePe,@okaxis,Peer_to_Peer,Bengaluru,DEV_2724,iOS,0,1,7,1326.03,1.02,0,0,0
TX_UPI_101448,2026-08-04 10:44:52,10,CUST_1491,normal,BEN_4447,676.88,GPay,@sbi,Peer_to_Peer,Mumbai,DEV_1287,Android,0,1,4,1068.63,0.63,0,0,0
TX_UPI_101449,2026-08-04 14:43:27,14,CUST_1586,normal,BEN_1729,10.0,BHIM,@icici,Grocery,Ahmedabad,DEV_2812,iOS,0,1,2,945.42,0.01,0,0,0
TX_UPI_101450,2026-08-05 00:18:06,0,CUST_1033,normal,BEN_6726,10.0,GPay,@upi,Travel,Hyderabad,DEV_1644,iOS,0,1,4,1020.22,0.01,0,0,0
TX_UPI_101451,2026-08-08 11:33:23,11,CUST_1190,normal,BEN_6201,10.0,BHIM,@upi,Travel,Bengaluru,DEV_2807,Android,0,1,4,1251.81,0.01,0,0,0
TX_UPI_101452,2026-08-09 10:21:08,10,CUST_1379,normal,BEN_3865,1381.63,Cred,@upi,Peer_to_Peer,Mumbai,DEV_1753,Android,0,1,3,1221.95,1.13,0,0,0
TX_UPI_101453,2026-08-01 22:49:29,22,CUST_1321,normal,BEN_3307,1744.18,Cred,@paytm,Travel,Chennai,DEV_1714,iOS,0,1,4,882.09,1.98,0,0,0
TX_UPI_101454,2026-08-04 13:05:51,13,CUST_1763,normal,BEN_3501,1421.28,PhonePe,@paytm,Utilities,Pune,DEV_2621,Android,0,1,6,936.81,1.52,0,0,0
TX_UPI_101455,2026-08-04 03:17:14,3,CUST_1282,normal,BEN_3208,2878.35,Cred,@upi,Utilities,Pune,DEV_2177,Android,0,1,2,1087.78,2.65,0,0,0
TX_UPI_101456,2026-08-01 13:54:23,13,CUST_1607,normal,BEN_6922,662.01,Paytm,@icici,Travel,Kolkata,DEV_2239,Android,0,1,4,661.87,1.0,0,0,0
TX_UPI_101457,2026-08-02 21:55:53,21,CUST_1106,normal,BEN_6662,763.17,GPay,@icici,Travel,Ahmedabad,DEV_1125,Android,0,1,1,1112.48,0.69,0,0,0
TX_UPI_101458,2026-08-07 07:02:42,7,CUST_1356,normal,BEN_4871,1995.56,PhonePe,@paytm,Grocery,Kolkata,DEV_1689,iOS,0,1,5,510.8,3.91,0,1,0
TX_UPI_101459,2026-08-04 09:00:48,9,CUST_1580,normal,BEN_6927,2833.66,BHIM,@paytm,Travel,Kolkata,DEV_1303,Android,0,1,4,893.64,3.17,0,0,0
TX_UPI_101460,2026-08-10 10:50:15,10,CUST_1117,normal,BEN_4223,1325.7,PhonePe,@sbi,Travel,Ahmedabad,DEV_2758,iOS,0,1,4,919.96,1.44,0,0,0
TX_UPI_101461,2026-08-06 17:17:29,17,CUST_1002,normal,BEN_1563,1358.33,Cred,@upi,Travel,Bengaluru,DEV_2934,Android,0,1,2,982.95,1.38,0,0,0
TX_UPI_101462,2026-08-03 16:27:16,16,CUST_1086,normal,BEN_2676,650.98,GPay,@ybl,Utilities,Chennai,DEV_2812,Android,0,1,1,1115.0,0.58,0,0,0
TX_UPI_101463,2026-08-04 00:25:39,0,CUST_1199,normal,BEN_4330,1668.24,Paytm,@upi,Peer_to_Peer,Pune,DEV_1542,Android,1,1,5,1276.78,1.31,0,0,0
TX_UPI_101464,2026-08-09 09:53:36,9,CUST_1690,normal,BEN_6334,1459.47,iMobile,@upi,Peer_to_Peer,Mumbai,DEV_2130,Android,0,1,2,1281.52,1.14,0,0,0
TX_UPI_101465,2026-08-01 14:35:57,14,CUST_1156,normal,BEN_3343,113.99,iMobile,@okaxis,Travel,Ahmedabad,DEV_2821,iOS,0,1,2,848.59,0.13,0,0,0
TX_UPI_101466,2026-08-03 18:31:14,18,CUST_1549,normal,BEN_5580,2064.04,Paytm,@okaxis,Travel,Delhi_NCR,DEV_2669,Android,0,1,5,1196.95,1.72,0,0,0
TX_UPI_101467,2026-08-10 03:35:12,3,CUST_1776,normal,BEN_2255,2057.54,PhonePe,@ybl,Peer_to_Peer,Hyderabad,DEV_2065,Android,0,1,2,1163.66,1.77,0,0,0
TX_UPI_101468,2026-08-02 07:24:03,7,CUST_1220,normal,BEN_2616,1099.86,PhonePe,@okaxis,Peer_to_Peer,Hyderabad,DEV_1449,Android,0,1,5,1052.35,1.05,0,0,0
TX_UPI_101469,2026-08-05 10:22:20,10,CUST_1010,normal,BEN_5996,892.05,BHIM,@upi,Utilities,Delhi_NCR,DEV_2248,iOS,0,1,5,1290.28,0.69,0,0,0
TX_UPI_101470,2026-08-05 11:49:37,11,CUST_1215,normal,BEN_5765,665.32,GPay,@okaxis,Utilities,Delhi_NCR,DEV_2504,Android,0,1,3,825.97,0.81,0,0,0
TX_UPI_101471,2026-08-10 14:48:15,14,CUST_1134,normal,BEN_5763,10.0,GPay,@ybl,Peer_to_Peer,Pune,DEV_1139,iOS,0,1,4,1226.14,0.01,0,1,0
TX_UPI_101472,2026-08-02 23:35:44,23,CUST_1677,normal,BEN_4599,1409.65,PhonePe,@paytm,Peer_to_Peer,Mumbai,DEV_1119,iOS,0,1,1,995.8,1.42,0,0,0
TX_UPI_101473,2026-08-02 05:35:25,5,CUST_1487,normal,BEN_3133,10.0,iMobile,@sbi,Utilities,Ahmedabad,DEV_2689,iOS,0,1,6,819.35,0.01,0,0,0
TX_UPI_101474,2026-08-01 14:34:37,14,CUST_1395,normal,BEN_6551,2204.32,Paytm,@sbi,Utilities,Hyderabad,DEV_1315,iOS,0,1,5,863.86,2.55,0,0,0
TX_UPI_101475,2026-08-08 06:24:44,6,CUST_1041,normal,BEN_5372,293.77,Cred,@sbi,Utilities,Chennai,DEV_1807,iOS,0,1,4,877.36,0.33,0,0,0
TX_UPI_101476,2026-08-08 14:41:07,14,CUST_1192,normal,BEN_2064,1281.99,BHIM,@icici,Grocery,Bengaluru,DEV_1204,Android,0,1,3,652.52,1.96,0,0,0
TX_UPI_101477,2026-08-05 04:58:14,4,CUST_1704,normal,BEN_1405,10.0,Cred,@upi,Utilities,Mumbai,DEV_1930,Android,0,1,4,945.23,0.01,0,0,0
TX_UPI_101478,2026-08-05 06:40:45,6,CUST_1106,normal,BEN_5900,757.53,Cred,@icici,Utilities,Pune,DEV_1364,iOS,0,1,5,1361.63,0.56,0,0,0
TX_UPI_101479,2026-08-06 23:22:20,23,CUST_1397,normal,BEN_4722,981.96,iMobile,@paytm,Grocery,Hyderabad,DEV_2141,Android,1,1,3,1200.03,0.82,0,0,0
TX_UPI_101480,2026-08-05 13:46:31,13,CUST_1695,normal,BEN_2575,114.45,Paytm,@sbi,Utilities,Pune,DEV_2740,iOS,0,1,4,1212.45,0.09,1,0,0
TX_UPI_101481,2026-08-04 12:26:18,12,CUST_1301,normal,BEN_5248,1744.18,Paytm,@upi,Peer_to_Peer,Mumbai,DEV_2028,iOS,0,1,1,897.27,1.94,0,1,0
TX_UPI_101482,2026-08-03 00:24:43,0,CUST_1010,normal,BEN_6014,497.39,Paytm,@icici,Travel,Kolkata,DEV_1146,iOS,0,1,4,1195.38,0.42,0,0,0
TX_UPI_101483,2026-08-03 04:54:43,4,CUST_1406,normal,BEN_5896,2397.37,BHIM,@sbi,Peer_to_Peer,Hyderabad,DEV_2940,Android,0,1,3,960.58,2.5,0,0,0
TX_UPI_101484,2026-08-10 15:29:58,15,CUST_1174,normal,BEN_1659,2119.74,PhonePe,@paytm,Utilities,Delhi_NCR,DEV_1856,Android,0,1,4,1384.24,1.53,0,0,0
TX_UPI_101485,2026-08-05 11:26:44,11,CUST_1586,normal,BEN_1584,1430.98,iMobile,@ybl,Grocery,Delhi_NCR,DEV_1239,iOS,0,1,1,760.05,1.88,0,0,0
TX_UPI_101486,2026-08-04 20:33:00,20,CUST_1323,normal,BEN_3001,10.0,iMobile,@sbi,Travel,Kolkata,DEV_1892,Android,0,1,5,1365.26,0.01,0,0,0
TX_UPI_101487,2026-08-03 04:23:43,4,CUST_1043,normal,BEN_3123,2679.49,BHIM,@upi,Utilities,Bengaluru,DEV_2358,iOS,1,1,5,1359.08,1.97,0,0,0
TX_UPI_101488,2026-08-02 07:09:25,7,CUST_1228,normal,BEN_5701,735.99,iMobile,@icici,Grocery,Mumbai,DEV_1558,Android,0,1,1,1284.02,0.57,0,0,0
TX_UPI_101489,2026-08-02 20:13:35,20,CUST_1096,normal,BEN_6429,1534.14,PhonePe,@okaxis,Peer_to_Peer,Chennai,DEV_2047,iOS,1,1,4,1172.97,1.31,0,0,0
TX_UPI_101490,2026-08-07 12:03:31,12,CUST_1511,normal,BEN_5774,1458.55,BHIM,@paytm,Travel,Mumbai,DEV_2563,Android,0,1,6,1390.8,1.05,0,0,0
TX_UPI_101491,2026-08-10 02:28:32,2,CUST_1136,normal,BEN_5669,1635.38,iMobile,@okaxis,Peer_to_Peer,Mumbai,DEV_1363,iOS,0,1,5,1203.38,1.36,0,0,0
TX_UPI_101492,2026-08-04 19:21:55,19,CUST_1533,normal,BEN_4271,831.06,Paytm,@sbi,Utilities,Kolkata,DEV_1577,iOS,0,1,5,745.32,1.12,0,0,0
TX_UPI_101493,2026-08-08 23:48:11,23,CUST_1184,normal,BEN_2186,2043.11,GPay,@icici,Grocery,Delhi_NCR,DEV_2656,iOS,0,1,1,1148.59,1.78,1,0,0
TX_UPI_101494,2026-08-08 10:10:49,10,CUST_1259,normal,BEN_4978,523.88,Cred,@ybl,Grocery,Bengaluru,DEV_2500,iOS,0,1,5,1071.86,0.49,0,0,0
TX_UPI_101495,2026-08-08 11:07:51,11,CUST_1457,normal,BEN_2317,10.0,PhonePe,@upi,Utilities,Pune,DEV_2334,Android,0,1,4,941.3,0.01,0,1,0
TX_UPI_101496,2026-08-06 02:59:19,2,CUST_1419,normal,BEN_1044,1904.92,GPay,@sbi,Peer_to_Peer,Delhi_NCR,DEV_1127,Android,0,1,4,1174.9,1.62,0,0,0
TX_UPI_101497,2026-08-02 04:04:02,4,CUST_1003,normal,BEN_2470,433.94,Paytm,@sbi,Grocery,Mumbai,DEV_2658,iOS,0,1,2,969.93,0.45,0,0,0
TX_UPI_101498,2026-08-07 17:07:00,17,CUST_1705,normal,BEN_4695,1885.36,PhonePe,@upi,Peer_to_Peer,Delhi_NCR,DEV_1122,Android,0,1,7,886.76,2.13,0,0,0
TX_UPI_101499,2026-08-03 18:09:31,18,CUST_1181,normal,BEN_4962,2061.48,Cred,@ybl,Peer_to_Peer,Kolkata,DEV_1439,Android,0,1,1,793.39,2.6,0,0,0
TX_UPI_101500,2026-08-06 12:29:31,12,CUST_1107,normal,BEN_1609,432.98,PhonePe,@upi,Utilities,Pune,DEV_1001,Android,0,1,1,699.94,0.62,0,0,0
TX_UPI_101501,2026-08-02 20:22:35,20,CUST_1101,normal,BEN_2530,1530.4,iMobile,@icici,Travel,Hyderabad,DEV_2838,iOS,0,1,3,1171.06,1.31,0,0,0
TX_UPI_101502,2026-08-10 06:36:18,6,CUST_1753,normal,BEN_4159,1752.38,iMobile,@okaxis,Utilities,Kolkata,DEV_2009,iOS,1,1,4,1237.86,1.42,0,0,0
TX_UPI_101503,2026-08-07 12:46:11,12,CUST_1535,normal,BEN_1614,1144.37,GPay,@sbi,Peer_to_Peer,Pune,DEV_2577,Android,0,1,1,1333.88,0.86,0,0,0
TX_UPI_101504,2026-08-09 10:22:23,10,CUST_1113,normal,BEN_6675,728.71,Paytm,@icici,Utilities,Kolkata,DEV_2108,Android,0,1,2,1037.3,0.7,0,0,0
TX_UPI_101505,2026-08-05 13:46:17,13,CUST_1377,normal,BEN_3899,469.75,iMobile,@upi,Utilities,Kolkata,DEV_2252,Android,1,1,3,1162.57,0.4,0,0,0
TX_UPI_101506,2026-08-03 17:06:13,17,CUST_1616,normal,BEN_4640,1478.67,Paytm,@sbi,Peer_to_Peer,Kolkata,DEV_2564,Android,0,1,2,962.95,1.54,0,0,0
TX_UPI_101507,2026-08-06 18:24:21,18,CUST_1146,normal,BEN_4587,2059.47,Cred,@upi,Peer_to_Peer,Kolkata,DEV_1128,iOS,0,1,4,1578.02,1.31,1,1,0
TX_UPI_101508,2026-08-09 05:58:53,5,CUST_1509,normal,BEN_3259,2144.1,Paytm,@icici,Travel,Chennai,DEV_1830,iOS,0,1,6,746.91,2.87,0,0,0
TX_UPI_101509,2026-08-06 14:34:47,14,CUST_1248,normal,BEN_5763,1811.09,Paytm,@upi,Grocery,Chennai,DEV_1816,Android,0,1,3,947.76,1.91,0,0,0
TX_UPI_101510,2026-08-04 20:03:08,20,CUST_1010,normal,BEN_2400,1334.41,Cred,@ybl,Peer_to_Peer,Kolkata,DEV_1669,Android,0,1,5,1200.2,1.11,0,0,0
TX_UPI_101511,2026-08-05 20:34:15,20,CUST_1296,normal,BEN_5459,497.22,Cred,@icici,Utilities,Mumbai,DEV_2720,Android,0,1,5,926.98,0.54,0,0,0
TX_UPI_101512,2026-08-07 13:10:36,13,CUST_1586,normal,BEN_3499,1373.35,Cred,@ybl,Peer_to_Peer,Mumbai,DEV_1988,iOS,0,1,3,1027.47,1.34,0,0,0
TX_UPI_101513,2026-08-10 00:33:49,0,CUST_1108,normal,BEN_2223,1812.99,Cred,@paytm,Grocery,Kolkata,DEV_1029,Android,0,1,1,1546.85,1.17,0,1,0
TX_UPI_101514,2026-08-09 05:57:52,5,CUST_1353,normal,BEN_5886,10.0,iMobile,@upi,Peer_to_Peer,Kolkata,DEV_2212,Android,0,1,2,1168.85,0.01,0,0,0
TX_UPI_101515,2026-08-07 18:31:01,18,CUST_1267,normal,BEN_4676,1667.45,Cred,@ybl,Grocery,Ahmedabad,DEV_1884,iOS,0,1,3,1066.23,1.56,0,0,0
TX_UPI_101516,2026-08-07 10:36:44,10,CUST_1483,normal,BEN_6169,1528.44,PhonePe,@upi,Utilities,Mumbai,DEV_1231,Android,0,1,3,1414.36,1.08,0,0,0
TX_UPI_101517,2026-08-04 14:06:26,14,CUST_1310,normal,BEN_3246,1871.48,Paytm,@ybl,Travel,Mumbai,DEV_1991,iOS,0,1,5,848.12,2.21,0,0,0
TX_UPI_101518,2026-08-01 11:14:55,11,CUST_1386,normal,BEN_3819,1136.49,PhonePe,@ybl,Peer_to_Peer,Bengaluru,DEV_2864,iOS,0,1,3,838.66,1.36,0,0,0
TX_UPI_101519,2026-08-03 05:39:46,5,CUST_1185,normal,BEN_2765,1488.13,GPay,@icici,Travel,Mumbai,DEV_1483,iOS,0,1,2,1237.3,1.2,0,0,0
TX_UPI_101520,2026-08-06 19:55:36,19,CUST_1398,normal,BEN_5892,343.85,Paytm,@icici,Utilities,Pune,DEV_1762,iOS,0,1,7,864.88,0.4,0,0,0
TX_UPI_101521,2026-08-04 19:02:01,19,CUST_1006,normal,BEN_6969,1375.44,BHIM,@okaxis,Grocery,Delhi_NCR,DEV_1682,iOS,1,1,5,943.05,1.46,0,0,0
TX_UPI_101522,2026-08-04 00:33:58,0,CUST_1403,normal,BEN_1556,1881.97,PhonePe,@sbi,Utilities,Delhi_NCR,DEV_2905,Android,0,1,1,1428.51,1.32,0,0,0
TX_UPI_101523,2026-08-06 14:57:00,14,CUST_1506,normal,BEN_3838,1211.32,PhonePe,@upi,Utilities,Pune,DEV_2264,Android,0,1,2,1008.2,1.2,0,0,0
TX_UPI_101524,2026-08-04 16:55:02,16,CUST_1174,normal,BEN_4326,1847.14,iMobile,@paytm,Peer_to_Peer,Delhi_NCR,DEV_1207,iOS,0,1,2,900.15,2.05,0,0,0
TX_UPI_101525,2026-08-05 01:51:49,1,CUST_1053,normal,BEN_5909,1022.77,Cred,@sbi,Travel,Mumbai,DEV_1631,iOS,0,1,1,1516.93,0.67,0,0,0
TX_UPI_101526,2026-08-05 07:52:25,7,CUST_1790,normal,BEN_4778,746.88,PhonePe,@paytm,Peer_to_Peer,Ahmedabad,DEV_1229,iOS,0,1,5,1130.27,0.66,0,0,0
TX_UPI_101527,2026-08-04 12:17:22,12,CUST_1617,normal,BEN_5182,412.37,PhonePe,@okaxis,Grocery,Chennai,DEV_2000,Android,0,1,3,1268.16,0.33,0,0,0
TX_UPI_101528,2026-08-01 19:59:42,19,CUST_1704,normal,BEN_1306,1049.39,PhonePe,@ybl,Grocery,Delhi_NCR,DEV_2917,iOS,0,1,6,1325.16,0.79,0,0,0
TX_UPI_101529,2026-08-03 02:42:24,2,CUST_1491,normal,BEN_5545,1935.13,Cred,@upi,Peer_to_Peer,Hyderabad,DEV_1584,Android,0,1,3,820.84,2.36,0,0,0
TX_UPI_101530,2026-08-05 23:00:41,23,CUST_1334,normal,BEN_5193,709.13,iMobile,@ybl,Peer_to_Peer,Chennai,DEV_1988,Android,0,1,4,1210.99,0.59,0,0,0
TX_UPI_101531,2026-08-04 09:19:39,9,CUST_1390,normal,BEN_4103,10.0,BHIM,@okaxis,Travel,Ahmedabad,DEV_2520,iOS,0,1,3,1117.94,0.01,0,0,0
TX_UPI_101532,2026-08-10 20:59:15,20,CUST_1405,normal,BEN_4522,977.96,PhonePe,@icici,Grocery,Pune,DEV_2288,iOS,0,1,6,1181.23,0.83,0,0,0
TX_UPI_101533,2026-08-02 08:40:14,8,CUST_1049,normal,BEN_5730,2248.15,Cred,@icici,Travel,Chennai,DEV_1466,iOS,0,1,3,1304.99,1.72,0,0,0
TX_UPI_101534,2026-08-09 13:08:02,13,CUST_1087,normal,BEN_3355,2508.05,Cred,@icici,Travel,Kolkata,DEV_2852,iOS,0,1,6,817.89,3.07,0,0,0
TX_UPI_101535,2026-08-09 03:08:57,3,CUST_1629,normal,BEN_5596,997.06,iMobile,@upi,Travel,Chennai,DEV_1349,iOS,0,1,3,1197.42,0.83,0,0,0
TX_UPI_101536,2026-08-02 12:49:19,12,CUST_1530,normal,BEN_1585,1749.08,iMobile,@okaxis,Grocery,Mumbai,DEV_1293,Android,0,1,2,1096.28,1.6,0,0,0
TX_UPI_101537,2026-08-04 15:09:35,15,CUST_1541,normal,BEN_1117,10.0,Cred,@ybl,Travel,Ahmedabad,DEV_1946,Android,0,1,6,957.03,0.01,0,0,0
TX_UPI_101538,2026-08-10 20:11:14,20,CUST_1101,normal,BEN_2309,1244.69,Paytm,@ybl,Utilities,Kolkata,DEV_2557,iOS,0,1,3,1355.05,0.92,0,0,0
TX_UPI_101539,2026-08-03 13:08:37,13,CUST_1540,normal,BEN_1671,10.0,Cred,@paytm,Grocery,Kolkata,DEV_2587,Android,0,1,3,1054.6,0.01,0,0,0
TX_UPI_101540,2026-08-05 02:01:48,2,CUST_1590,normal,BEN_4833,837.09,GPay,@okaxis,Peer_to_Peer,Delhi_NCR,DEV_1911,Android,0,1,7,867.04,0.97,0,0,0
TX_UPI_101541,2026-08-03 16:22:26,16,CUST_1808,normal,BEN_6913,1817.44,Paytm,@okaxis,Utilities,Chennai,DEV_2545,Android,0,1,4,1382.76,1.31,0,0,0
TX_UPI_101542,2026-08-05 18:55:30,18,CUST_1020,normal,BEN_2975,666.25,iMobile,@sbi,Utilities,Bengaluru,DEV_2178,Android,1,1,2,1343.06,0.5,0,0,0
TX_UPI_101543,2026-08-06 18:09:10,18,CUST_1314,normal,BEN_2993,1540.26,PhonePe,@sbi,Grocery,Chennai,DEV_1248,iOS,1,1,1,950.57,1.62,0,0,0
TX_UPI_101544,2026-08-09 16:53:36,16,CUST_1125,normal,BEN_2111,1509.11,GPay,@paytm,Travel,Chennai,DEV_2800,Android,0,1,5,916.98,1.65,0,0,0
TX_UPI_101545,2026-08-10 15:34:56,15,CUST_1805,normal,BEN_4293,10.0,Cred,@upi,Peer_to_Peer,Hyderabad,DEV_2551,iOS,0,1,5,787.12,0.01,0,0,0
TX_UPI_101546,2026-08-03 12:52:17,12,CUST_1361,normal,BEN_3735,10.0,PhonePe,@icici,Peer_to_Peer,Mumbai,DEV_2283,Android,0,1,1,1275.36,0.01,0,0,0
TX_UPI_101547,2026-08-08 16:20:11,16,CUST_1298,normal,BEN_3738,1302.89,BHIM,@sbi,Utilities,Hyderabad,DEV_2332,Android,0,1,3,1413.37,0.92,0,0,0
TX_UPI_101548,2026-08-10 14:03:41,14,CUST_1118,normal,BEN_6561,1709.86,GPay,@upi,Peer_to_Peer,Pune,DEV_1804,Android,0,1,7,745.74,2.29,0,0,0
TX_UPI_101549,2026-08-06 13:05:31,13,CUST_1028,normal,BEN_1038,1172.36,PhonePe,@icici,Travel,Kolkata,DEV_1839,iOS,0,1,1,1024.95,1.14,0,0,0
TX_UPI_101550,2026-08-10 21:58:06,21,CUST_1721,normal,BEN_1858,1001.11,iMobile,@upi,Utilities,Bengaluru,DEV_2829,Android,0,1,5,1090.94,0.92,0,0,0
TX_UPI_101551,2026-08-10 22:17:57,22,CUST_1650,normal,BEN_4058,1698.73,Paytm,@upi,Utilities,Pune,DEV_2997,Android,1,1,5,1597.18,1.06,0,0,0
TX_UPI_101552,2026-08-03 14:19:48,14,CUST_1008,normal,BEN_4458,947.76,Paytm,@ybl,Travel,Ahmedabad,DEV_1427,iOS,0,1,2,1139.06,0.83,0,0,0
TX_UPI_101553,2026-08-06 12:01:46,12,CUST_1118,normal,BEN_2731,558.18,Cred,@icici,Peer_to_Peer,Hyderabad,DEV_2626,iOS,0,1,6,1012.03,0.55,0,1,0
TX_UPI_101554,2026-08-09 10:29:01,10,CUST_1774,normal,BEN_5142,747.54,iMobile,@icici,Travel,Mumbai,DEV_1354,Android,0,1,3,1252.42,0.6,0,0,0
TX_UPI_101555,2026-08-10 03:44:04,3,CUST_1359,normal,BEN_4716,1073.8,GPay,@sbi,Grocery,Hyderabad,DEV_2101,iOS,0,1,2,1479.68,0.73,0,0,0
TX_UPI_101556,2026-08-06 03:44:14,3,CUST_1825,normal,BEN_4143,515.06,Cred,@icici,Grocery,Bengaluru,DEV_2551,Android,0,1,4,1236.55,0.42,0,0,0
TX_UPI_101557,2026-08-03 12:39:41,12,CUST_1604,normal,BEN_5492,10.0,Cred,@icici,Utilities,Bengaluru,DEV_1420,iOS,0,1,4,826.77,0.01,0,0,0
TX_UPI_101558,2026-08-04 10:42:38,10,CUST_1779,normal,BEN_2905,1858.23,BHIM,@upi,Travel,Mumbai,DEV_1193,iOS,0,1,2,1246.26,1.49,0,0,0
TX_UPI_101559,2026-08-08 17:30:54,17,CUST_1429,normal,BEN_3856,2084.67,GPay,@ybl,Utilities,Delhi_NCR,DEV_1272,iOS,0,1,5,1140.32,1.83,0,0,0
TX_UPI_101560,2026-08-03 19:45:44,19,CUST_1087,normal,BEN_2097,1014.96,Cred,@okaxis,Peer_to_Peer,Chennai,DEV_1945,iOS,0,1,2,1433.05,0.71,0,0,0
TX_UPI_101561,2026-08-09 13:05:59,13,CUST_1278,normal,BEN_4041,640.4,GPay,@icici,Peer_to_Peer,Hyderabad,DEV_1554,Android,0,1,1,1239.69,0.52,0,0,0
TX_UPI_101562,2026-08-04 18:10:03,18,CUST_1101,normal,BEN_4814,563.09,iMobile,@ybl,Peer_to_Peer,Delhi_NCR,DEV_2114,iOS,0,1,2,733.53,0.77,0,0,0
TX_UPI_101563,2026-08-07 23:17:15,23,CUST_1416,normal,BEN_5063,813.67,PhonePe,@ybl,Utilities,Delhi_NCR,DEV_1160,iOS,0,1,3,1138.34,0.71,0,1,0
TX_UPI_101564,2026-08-02 05:02:00,5,CUST_1110,normal,BEN_3502,1961.04,Cred,@icici,Peer_to_Peer,Mumbai,DEV_1394,Android,0,1,5,1034.19,1.9,0,0,0
TX_UPI_101565,2026-08-07 15:04:45,15,CUST_1408,normal,BEN_2240,1041.44,BHIM,@sbi,Peer_to_Peer,Delhi_NCR,DEV_2913,Android,1,1,5,1385.42,0.75,0,0,0
TX_UPI_101566,2026-08-06 00:37:00,0,CUST_1738,normal,BEN_5454,1301.05,PhonePe,@okaxis,Grocery,Chennai,DEV_1838,Android,1,1,3,841.71,1.55,0,0,0
TX_UPI_101567,2026-08-07 00:09:34,0,CUST_1249,normal,BEN_4779,43.84,PhonePe,@paytm,Peer_to_Peer,Mumbai,DEV_2635,Android,0,1,5,1218.71,0.04,0,0,0
TX_UPI_101568,2026-08-02 03:14:27,3,CUST_1111,normal,BEN_5172,1661.89,PhonePe,@icici,Grocery,Kolkata,DEV_2522,Android,1,1,3,1417.66,1.17,0,0,0
TX_UPI_101569,2026-08-10 23:53:55,23,CUST_1259,normal,BEN_1916,812.71,Paytm,@sbi,Grocery,Pune,DEV_2622,iOS,1,1,5,1070.7,0.76,0,0,0
TX_UPI_101570,2026-08-01 01:49:54,1,CUST_1465,normal,BEN_2185,713.32,Paytm,@paytm,Utilities,Hyderabad,DEV_1110,iOS,0,1,5,1178.31,0.61,0,0,0
TX_UPI_101571,2026-08-02 18:00:30,18,CUST_1095,normal,BEN_2483,1485.58,iMobile,@upi,Grocery,Mumbai,DEV_1701,Android,0,1,4,1070.91,1.39,0,0,0
TX_UPI_101572,2026-08-04 16:51:51,16,CUST_1759,normal,BEN_1185,3110.7,BHIM,@upi,Grocery,Delhi_NCR,DEV_2263,iOS,0,1,6,1253.48,2.48,0,0,0
TX_UPI_101573,2026-08-02 14:01:31,14,CUST_1481,mule,BEN_5564,37235.98,BHIM,@okaxis,Jewelry,Ahmedabad,DEV_2474,iOS,0,1,35,34607.97,1.08,1,0,1
TX_UPI_101574,2026-08-07 13:18:03,13,CUST_1359,normal,BEN_1870,1220.96,GPay,@upi,Grocery,Mumbai,DEV_1216,Android,1,1,3,1060.58,1.15,0,0,0
TX_UPI_101575,2026-08-06 05:12:28,5,CUST_1553,normal,BEN_4923,10.0,BHIM,@sbi,Peer_to_Peer,Pune,DEV_1522,iOS,0,1,4,962.77,0.01,0,0,0
TX_UPI_101576,2026-08-06 15:02:09,15,CUST_1388,normal,BEN_3120,2474.14,GPay,@okaxis,Grocery,Pune,DEV_1934,iOS,0,1,4,794.65,3.11,0,0,0
TX_UPI_101577,2026-08-02 07:54:16,7,CUST_1585,normal,BEN_4581,1160.1,GPay,@upi,Utilities,Pune,DEV_1175,Android,1,1,1,1193.62,0.97,0,0,0
TX_UPI_101578,2026-08-09 20:44:00,20,CUST_1640,normal,BEN_5426,1432.76,PhonePe,@ybl,Utilities,Chennai,DEV_1570,Android,0,1,5,890.19,1.61,0,0,0
TX_UPI_101579,2026-08-07 23:12:50,23,CUST_1540,normal,BEN_2212,1227.21,BHIM,@paytm,Peer_to_Peer,Pune,DEV_1383,iOS,1,1,1,1248.36,0.98,0,0,0
TX_UPI_101580,2026-08-10 00:16:53,0,CUST_1151,normal,BEN_2705,1615.1,GPay,@paytm,Peer_to_Peer,Chennai,DEV_2799,Android,1,1,4,1080.39,1.49,1,0,0
TX_UPI_101581,2026-08-04 12:57:39,12,CUST_1761,normal,BEN_1911,1531.82,iMobile,@upi,Grocery,Ahmedabad,DEV_2215,Android,1,1,7,1011.58,1.51,0,0,0
TX_UPI_101582,2026-08-02 10:41:36,10,CUST_1415,suspicious,BEN_6142,30495.61,GPay,@okaxis,Peer_to_Peer,Bengaluru,DEV_2162,iOS,1,1,9,20511.39,1.49,0,1,1
TX_UPI_101583,2026-08-08 01:30:42,1,CUST_1689,normal,BEN_1072,1278.25,Cred,@icici,Grocery,Ahmedabad,DEV_1795,Android,0,1,6,1018.49,1.26,0,0,0
TX_UPI_101584,2026-08-07 15:30:14,15,CUST_1435,normal,BEN_1415,1011.27,BHIM,@paytm,Travel,Kolkata,DEV_1083,Android,0,1,3,951.66,1.06,0,0,0
TX_UPI_101585,2026-08-04 00:32:18,0,CUST_1444,normal,BEN_1787,1435.98,GPay,@okaxis,Travel,Hyderabad,DEV_1168,iOS,1,1,1,1387.43,1.03,0,0,0
TX_UPI_101586,2026-08-05 00:02:22,0,CUST_1513,normal,BEN_1148,667.66,PhonePe,@icici,Travel,Pune,DEV_2992,Android,0,1,5,775.2,0.86,0,1,0
TX_UPI_101587,2026-08-10 06:08:05,6,CUST_1244,normal,BEN_3634,1735.07,Paytm,@upi,Travel,Kolkata,DEV_1914,Android,0,1,5,1172.21,1.48,0,0,0
TX_UPI_101588,2026-08-06 05:48:44,5,CUST_1452,normal,BEN_5509,404.46,PhonePe,@sbi,Grocery,Mumbai,DEV_1119,Android,0,1,4,796.07,0.51,0,0,0
TX_UPI_101589,2026-08-02 20:20:01,20,CUST_1141,normal,BEN_1009,997.79,iMobile,@ybl,Grocery,Ahmedabad,DEV_2982,iOS,0,1,6,1271.21,0.78,0,0,0
TX_UPI_101590,2026-08-09 08:38:07,8,CUST_1332,normal,BEN_2578,1212.15,PhonePe,@upi,Peer_to_Peer,Hyderabad,DEV_2304,iOS,0,1,2,1234.94,0.98,0,0,0
TX_UPI_101591,2026-08-04 13:49:32,13,CUST_1089,normal,BEN_6744,1215.5,PhonePe,@icici,Utilities,Bengaluru,DEV_2129,Android,0,1,1,1267.83,0.96,0,0,0
TX_UPI_101592,2026-08-04 23:21:06,23,CUST_1354,normal,BEN_1259,1180.61,Cred,@okaxis,Peer_to_Peer,Pune,DEV_1234,iOS,0,1,6,817.14,1.44,0,0,0
TX_UPI_101593,2026-08-02 00:49:54,0,CUST_1130,normal,BEN_1242,10.0,Cred,@ybl,Utilities,Delhi_NCR,DEV_1177,iOS,0,1,4,1149.98,0.01,0,0,0
TX_UPI_101594,2026-08-08 14:40:10,14,CUST_1437,normal,BEN_6364,10.0,GPay,@paytm,Peer_to_Peer,Bengaluru,DEV_1060,Android,0,1,2,1741.25,0.01,0,1,0
TX_UPI_101595,2026-08-04 22:41:34,22,CUST_1229,normal,BEN_1376,955.51,iMobile,@paytm,Peer_to_Peer,Pune,DEV_2485,iOS,0,1,5,923.84,1.03,0,0,0
TX_UPI_101596,2026-08-03 15:43:09,15,CUST_1649,normal,BEN_1721,10.0,Paytm,@upi,Utilities,Mumbai,DEV_2273,Android,1,1,3,1016.25,0.01,0,0,0
TX_UPI_101597,2026-08-04 18:02:23,18,CUST_1503,normal,BEN_4455,880.1,PhonePe,@paytm,Travel,Hyderabad,DEV_2143,iOS,0,1,3,1143.42,0.77,0,0,0
TX_UPI_101598,2026-08-10 02:17:38,2,CUST_1695,normal,BEN_1031,1079.91,PhonePe,@upi,Travel,Delhi_NCR,DEV_1927,iOS,0,1,1,1196.68,0.9,0,0,0
TX_UPI_101599,2026-08-10 12:06:55,12,CUST_1409,normal,BEN_6090,10.0,PhonePe,@ybl,Travel,Pune,DEV_2958,Android,0,1,1,1257.4,0.01,0,0,0
TX_UPI_101600,2026-08-04 13:28:26,13,CUST_1484,normal,BEN_2701,1605.62,BHIM,@okaxis,Travel,Delhi_NCR,DEV_2308,Android,1,1,3,745.09,2.15,0,0,0
TX_UPI_101601,2026-08-06 20:47:32,20,CUST_1308,normal,BEN_3227,633.67,PhonePe,@ybl,Peer_to_Peer,Hyderabad,DEV_2769,iOS,0,1,3,696.99,0.91,0,0,0
TX_UPI_101602,2026-08-02 08:10:28,8,CUST_1154,normal,BEN_3918,608.78,GPay,@paytm,Peer_to_Peer,Kolkata,DEV_2238,iOS,0,1,5,1422.55,0.43,0,1,0
TX_UPI_101603,2026-08-04 08:30:39,8,CUST_1820,normal,BEN_6493,864.45,Paytm,@sbi,Utilities,Bengaluru,DEV_1207,Android,0,1,5,620.63,1.39,0,0,0
TX_UPI_101604,2026-08-01 00:44:03,0,CUST_1684,mule,BEN_6547,48189.02,BHIM,@ybl,Peer_to_Peer,Pune,DEV_1690,Android,1,1,16,33344.07,1.45,0,0,1
TX_UPI_101605,2026-08-07 09:51:34,9,CUST_1529,normal,BEN_4319,1001.8,Paytm,@icici,Grocery,Kolkata,DEV_1829,Android,0,1,6,870.14,1.15,0,0,0
TX_UPI_101606,2026-08-03 04:56:13,4,CUST_1093,normal,BEN_3285,1702.09,PhonePe,@paytm,Peer_to_Peer,Pune,DEV_2344,Android,0,1,3,1042.01,1.63,0,1,0
TX_UPI_101607,2026-08-08 10:03:15,10,CUST_1761,normal,BEN_2165,1052.92,Cred,@upi,Grocery,Mumbai,DEV_2017,Android,0,1,2,1076.62,0.98,0,0,0
TX_UPI_101608,2026-08-01 18:11:57,18,CUST_1715,normal,BEN_1732,1149.88,PhonePe,@okaxis,Peer_to_Peer,Ahmedabad,DEV_1164,Android,1,1,4,1100.28,1.05,1,0,0
TX_UPI_101609,2026-08-03 22:06:34,22,CUST_1109,normal,BEN_6343,1838.4,iMobile,@upi,Peer_to_Peer,Bengaluru,DEV_2560,iOS,1,1,5,827.85,2.22,0,0,0
TX_UPI_101610,2026-08-02 21:19:05,21,CUST_1778,normal,BEN_5766,1895.02,Paytm,@sbi,Travel,Mumbai,DEV_1201,iOS,0,1,1,1221.09,1.55,0,0,0
TX_UPI_101611,2026-08-01 02:44:43,2,CUST_1643,normal,BEN_2830,1695.79,GPay,@okaxis,Utilities,Hyderabad,DEV_1697,iOS,0,1,1,1102.32,1.54,0,0,0
TX_UPI_101612,2026-08-09 04:53:52,4,CUST_1454,normal,BEN_4833,825.2,Cred,@sbi,Peer_to_Peer,Mumbai,DEV_1281,iOS,1,1,2,1404.2,0.59,0,0,0
TX_UPI_101613,2026-08-01 08:00:25,8,CUST_1565,normal,BEN_2266,677.06,iMobile,@icici,Peer_to_Peer,Bengaluru,DEV_2998,iOS,0,1,2,1098.17,0.62,0,0,0
TX_UPI_101614,2026-08-06 22:50:32,22,CUST_1793,normal,BEN_2857,1748.47,GPay,@icici,Grocery,Hyderabad,DEV_1693,iOS,0,1,3,1359.93,1.29,0,0,0
TX_UPI_101615,2026-08-04 11:32:07,11,CUST_1560,normal,BEN_5100,1624.78,GPay,@sbi,Utilities,Chennai,DEV_1953,iOS,0,1,1,952.93,1.71,0,0,0
TX_UPI_101616,2026-08-02 15:18:28,15,CUST_1218,normal,BEN_5792,750.53,BHIM,@ybl,Travel,Delhi_NCR,DEV_1800,Android,0,1,4,450.04,1.67,0,0,0
TX_UPI_101617,2026-08-04 03:36:31,3,CUST_1407,normal,BEN_4624,3239.21,iMobile,@upi,Utilities,Mumbai,DEV_2640,iOS,0,1,5,1115.73,2.9,0,0,0
TX_UPI_101618,2026-08-05 10:13:11,10,CUST_1713,normal,BEN_1945,2145.25,iMobile,@ybl,Grocery,Bengaluru,DEV_1112,iOS,0,1,8,1288.98,1.66,0,0,0
TX_UPI_101619,2026-08-01 02:48:34,2,CUST_1222,normal,BEN_2282,1959.05,PhonePe,@paytm,Utilities,Mumbai,DEV_2828,iOS,0,1,4,1046.03,1.87,0,0,0
TX_UPI_101620,2026-08-04 12:02:55,12,CUST_1554,normal,BEN_1083,819.36,Paytm,@icici,Grocery,Bengaluru,DEV_1048,Android,1,1,2,915.12,0.9,0,0,0
TX_UPI_101621,2026-08-04 20:09:21,20,CUST_1234,normal,BEN_1583,119.56,GPay,@ybl,Peer_to_Peer,Bengaluru,DEV_2866,iOS,0,1,3,675.68,0.18,0,0,0
TX_UPI_101622,2026-08-05 21:45:18,21,CUST_1730,normal,BEN_5505,1352.73,PhonePe,@ybl,Travel,Chennai,DEV_1634,Android,1,1,3,1115.26,1.21,1,0,0
TX_UPI_101623,2026-08-06 02:30:42,2,CUST_1265,normal,BEN_4870,782.29,PhonePe,@upi,Grocery,Kolkata,DEV_1655,Android,0,1,10,1406.43,0.56,0,0,0
TX_UPI_101624,2026-08-10 08:24:12,8,CUST_1078,normal,BEN_2918,204.37,BHIM,@upi,Travel,Chennai,DEV_1274,Android,0,1,4,934.08,0.22,0,0,0
TX_UPI_101625,2026-08-05 13:37:43,13,CUST_1654,normal,BEN_4140,388.42,GPay,@sbi,Travel,Ahmedabad,DEV_1465,Android,0,1,1,1183.73,0.33,0,0,0
TX_UPI_101626,2026-08-06 03:09:51,3,CUST_1791,normal,BEN_1529,654.9,BHIM,@upi,Peer_to_Peer,Delhi_NCR,DEV_1733,Android,1,1,5,1318.51,0.5,0,0,0
TX_UPI_101627,2026-08-05 15:55:40,15,CUST_1824,normal,BEN_6444,2299.13,Paytm,@sbi,Utilities,Ahmedabad,DEV_1985,Android,0,1,2,1194.09,1.93,0,0,0
TX_UPI_101628,2026-08-10 10:07:07,10,CUST_1190,normal,BEN_3656,1705.96,BHIM,@paytm,Utilities,Bengaluru,DEV_2030,iOS,0,1,3,894.77,1.91,0,0,0
TX_UPI_101629,2026-08-10 08:26:49,8,CUST_1769,normal,BEN_4693,2487.62,BHIM,@sbi,Peer_to_Peer,Kolkata,DEV_2829,Android,0,1,4,1232.63,2.02,0,1,0
TX_UPI_101630,2026-08-02 15:38:38,15,CUST_1010,normal,BEN_4917,542.34,BHIM,@sbi,Utilities,Kolkata,DEV_1294,Android,0,1,1,943.33,0.57,0,0,0
TX_UPI_101631,2026-08-05 20:46:00,20,CUST_1487,normal,BEN_2027,1100.78,BHIM,@sbi,Grocery,Delhi_NCR,DEV_2236,iOS,0,1,1,1077.64,1.02,0,0,0
TX_UPI_101632,2026-08-09 03:40:56,3,CUST_1710,normal,BEN_1471,10.0,GPay,@paytm,Travel,Kolkata,DEV_1361,Android,0,1,1,1241.02,0.01,0,0,0
TX_UPI_101633,2026-08-09 08:11:30,8,CUST_1537,normal,BEN_4425,1683.03,Cred,@ybl,Peer_to_Peer,Ahmedabad,DEV_2183,Android,0,1,3,835.74,2.01,0,0,0
TX_UPI_101634,2026-08-10 10:10:31,10,CUST_1009,suspicious,BEN_1473,9506.74,Paytm,@ybl,Electronics,Chennai,DEV_1922,iOS,1,1,15,28680.4,0.33,0,1,1
TX_UPI_101635,2026-08-02 22:14:58,22,CUST_1446,normal,BEN_5316,1942.6,GPay,@icici,Utilities,Mumbai,DEV_2702,Android,0,1,3,803.16,2.42,0,0,0
TX_UPI_101636,2026-08-03 12:04:20,12,CUST_1184,normal,BEN_6271,1414.27,GPay,@sbi,Travel,Delhi_NCR,DEV_2932,Android,1,1,2,955.62,1.48,0,0,0
TX_UPI_101637,2026-08-06 22:45:02,22,CUST_1436,normal,BEN_2346,2260.22,Cred,@okaxis,Grocery,Ahmedabad,DEV_1866,Android,0,1,5,1117.91,2.02,0,0,0
TX_UPI_101638,2026-08-07 16:55:24,16,CUST_1413,normal,BEN_2439,182.46,Cred,@icici,Utilities,Hyderabad,DEV_1767,Android,0,1,4,1335.04,0.14,0,1,0
TX_UPI_101639,2026-08-03 04:28:55,4,CUST_1764,normal,BEN_3180,899.49,BHIM,@icici,Peer_to_Peer,Mumbai,DEV_2823,Android,0,1,6,1390.26,0.65,0,0,0
TX_UPI_101640,2026-08-01 20:48:43,20,CUST_1461,normal,BEN_2589,2530.99,BHIM,@okaxis,Grocery,Hyderabad,DEV_1819,Android,0,1,4,1220.97,2.07,0,0,0
TX_UPI_101641,2026-08-03 09:45:16,9,CUST_1213,normal,BEN_3290,2331.35,PhonePe,@upi,Utilities,Ahmedabad,DEV_1519,Android,0,1,4,959.7,2.43,0,0,0
TX_UPI_101642,2026-08-10 11:55:31,11,CUST_1454,normal,BEN_5610,841.17,BHIM,@ybl,Utilities,Mumbai,DEV_2961,Android,0,1,4,770.27,1.09,0,0,0
TX_UPI_101643,2026-08-08 11:21:34,11,CUST_1746,normal,BEN_5944,1085.39,Cred,@icici,Peer_to_Peer,Chennai,DEV_2431,Android,0,1,6,554.1,1.96,0,0,0
TX_UPI_101644,2026-08-02 01:20:33,1,CUST_1163,normal,BEN_6342,2427.59,Cred,@okaxis,Utilities,Kolkata,DEV_1712,Android,0,1,6,969.66,2.5,0,0,0
TX_UPI_101645,2026-08-09 17:17:09,17,CUST_1429,normal,BEN_2361,1634.71,BHIM,@upi,Travel,Chennai,DEV_1929,Android,0,1,4,1375.2,1.19,0,0,0
TX_UPI_101646,2026-08-08 14:30:39,14,CUST_1600,normal,BEN_5473,1986.15,Paytm,@okaxis,Travel,Ahmedabad,DEV_2035,Android,0,1,1,1220.94,1.63,0,0,0
TX_UPI_101647,2026-08-01 06:19:14,6,CUST_1173,normal,BEN_2407,1035.5,GPay,@icici,Travel,Mumbai,DEV_2157,Android,0,1,4,905.24,1.14,0,0,0
TX_UPI_101648,2026-08-03 21:22:47,21,CUST_1634,normal,BEN_2844,2598.51,GPay,@paytm,Utilities,Pune,DEV_2197,Android,0,1,6,902.45,2.88,0,0,0
TX_UPI_101649,2026-08-03 00:52:02,0,CUST_1250,normal,BEN_4065,132.31,Paytm,@okaxis,Grocery,Mumbai,DEV_2658,Android,0,1,3,1184.28,0.11,0,0,0
TX_UPI_101650,2026-08-09 20:26:56,20,CUST_1231,normal,BEN_4316,1392.16,Paytm,@paytm,Utilities,Chennai,DEV_1462,Android,0,1,6,1269.58,1.1,0,0,0
TX_UPI_101651,2026-08-10 03:55:30,3,CUST_1794,normal,BEN_3017,1975.66,PhonePe,@ybl,Grocery,Delhi_NCR,DEV_2740,iOS,0,1,4,746.57,2.65,0,1,0
TX_UPI_101652,2026-08-10 01:28:08,1,CUST_1758,normal,BEN_3207,1043.44,Cred,@sbi,Travel,Hyderabad,DEV_1258,Android,1,1,6,1067.63,0.98,0,0,0
TX_UPI_101653,2026-08-05 18:25:03,18,CUST_1320,normal,BEN_2168,1602.47,Cred,@icici,Travel,Delhi_NCR,DEV_1241,Android,0,1,3,832.85,1.92,0,0,0
TX_UPI_101654,2026-08-04 08:55:52,8,CUST_1163,normal,BEN_3197,1101.32,GPay,@okaxis,Grocery,Kolkata,DEV_2219,Android,0,1,4,922.63,1.19,0,0,0
TX_UPI_101655,2026-08-03 04:39:54,4,CUST_1405,normal,BEN_4050,1011.43,BHIM,@okaxis,Travel,Hyderabad,DEV_1986,Android,0,1,2,1348.62,0.75,0,0,0
TX_UPI_101656,2026-08-02 20:01:26,20,CUST_1683,normal,BEN_1842,964.44,Cred,@sbi,Grocery,Kolkata,DEV_1784,iOS,0,1,6,1446.9,0.67,1,0,0
TX_UPI_101657,2026-08-10 07:14:43,7,CUST_1234,normal,BEN_2125,1135.16,GPay,@okaxis,Utilities,Delhi_NCR,DEV_1645,iOS,0,1,1,579.38,1.96,0,0,0
TX_UPI_101658,2026-08-05 07:17:32,7,CUST_1010,normal,BEN_2143,22.37,Paytm,@okaxis,Grocery,Pune,DEV_2474,Android,0,1,1,1410.83,0.02,0,0,0
TX_UPI_101659,2026-08-06 08:37:48,8,CUST_1496,normal,BEN_5959,1292.66,Cred,@upi,Utilities,Delhi_NCR,DEV_1954,iOS,0,1,4,547.1,2.36,0,0,0
TX_UPI_101660,2026-08-07 02:08:09,2,CUST_1558,normal,BEN_5421,241.63,PhonePe,@sbi,Travel,Pune,DEV_2434,iOS,0,1,5,1148.83,0.21,0,0,0
TX_UPI_101661,2026-08-06 20:42:49,20,CUST_1504,suspicious,BEN_5706,25350.3,GPay,@upi,Peer_to_Peer,Ahmedabad,DEV_2698,iOS,1,1,22,34033.31,0.74,1,1,1
TX_UPI_101662,2026-08-05 08:15:57,8,CUST_1632,normal,BEN_5447,1023.17,GPay,@ybl,Travel,Chennai,DEV_2467,iOS,0,1,4,1126.22,0.91,0,0,0
TX_UPI_101663,2026-08-10 12:49:31,12,CUST_1803,normal,BEN_3626,3113.69,Paytm,@sbi,Utilities,Hyderabad,DEV_2992,Android,0,1,1,1243.97,2.5,0,0,0
TX_UPI_101664,2026-08-07 03:56:27,3,CUST_1272,normal,BEN_3499,1108.16,BHIM,@upi,Travel,Delhi_NCR,DEV_1742,Android,0,1,5,922.23,1.2,0,0,0
TX_UPI_101665,2026-08-08 02:34:08,2,CUST_1401,normal,BEN_3870,1160.83,PhonePe,@icici,Peer_to_Peer,Delhi_NCR,DEV_1375,Android,1,1,5,1827.1,0.64,0,0,0
TX_UPI_101666,2026-08-04 15:20:42,15,CUST_1457,normal,BEN_3063,1846.43,PhonePe,@icici,Utilities,Kolkata,DEV_2206,Android,0,1,2,978.3,1.89,0,0,0
TX_UPI_101667,2026-08-04 07:40:13,7,CUST_1089,normal,BEN_1110,837.27,Paytm,@icici,Peer_to_Peer,Delhi_NCR,DEV_2613,Android,0,1,1,1000.78,0.84,0,0,0
TX_UPI_101668,2026-08-05 23:23:41,23,CUST_1408,normal,BEN_5757,1786.26,GPay,@paytm,Grocery,Chennai,DEV_2971,Android,0,1,1,1331.64,1.34,0,0,0
TX_UPI_101669,2026-08-03 19:27:29,19,CUST_1629,normal,BEN_4037,1590.22,GPay,@okaxis,Peer_to_Peer,Bengaluru,DEV_1503,Android,0,1,2,1046.03,1.52,0,0,0
TX_UPI_101670,2026-08-08 04:23:57,4,CUST_1227,normal,BEN_1174,2478.66,BHIM,@okaxis,Peer_to_Peer,Mumbai,DEV_2976,iOS,0,1,5,1082.11,2.29,0,1,0
TX_UPI_101671,2026-08-02 08:18:04,8,CUST_1701,normal,BEN_4571,1009.85,iMobile,@upi,Travel,Mumbai,DEV_2998,iOS,0,1,4,957.18,1.06,0,0,0
TX_UPI_101672,2026-08-07 22:44:09,22,CUST_1333,normal,BEN_4470,10.0,PhonePe,@upi,Grocery,Delhi_NCR,DEV_1555,Android,0,1,8,1117.28,0.01,0,0,0
TX_UPI_101673,2026-08-03 09:44:16,9,CUST_1805,normal,BEN_6837,1518.52,BHIM,@okaxis,Grocery,Mumbai,DEV_1579,iOS,0,1,3,903.57,1.68,0,0,0
TX_UPI_101674,2026-08-04 08:23:49,8,CUST_1294,normal,BEN_4800,1051.26,GPay,@sbi,Peer_to_Peer,Hyderabad,DEV_1365,iOS,0,1,1,1626.5,0.65,0,0,0
TX_UPI_101675,2026-08-10 03:03:03,3,CUST_1032,normal,BEN_3394,212.39,BHIM,@sbi,Grocery,Hyderabad,DEV_2237,iOS,0,1,1,974.34,0.22,0,0,0
TX_UPI_101676,2026-08-05 03:05:05,3,CUST_1102,normal,BEN_5050,2230.46,Cred,@icici,Grocery,Ahmedabad,DEV_1177,Android,0,1,4,783.33,2.85,0,0,0
TX_UPI_101677,2026-08-04 11:36:13,11,CUST_1573,normal,BEN_3189,2203.47,PhonePe,@upi,Travel,Pune,DEV_2580,iOS,0,1,5,1209.22,1.82,0,0,0
TX_UPI_101678,2026-08-07 01:55:18,1,CUST_1398,normal,BEN_3940,1772.59,Cred,@paytm,Utilities,Ahmedabad,DEV_1338,Android,0,1,8,1604.42,1.1,0,0,0
TX_UPI_101679,2026-08-07 21:23:22,21,CUST_1042,normal,BEN_5224,650.63,Paytm,@sbi,Grocery,Ahmedabad,DEV_1405,Android,0,1,7,1171.96,0.56,0,1,0
TX_UPI_101680,2026-08-03 18:09:29,18,CUST_1512,normal,BEN_3194,1599.28,Paytm,@sbi,Grocery,Chennai,DEV_2519,iOS,0,1,1,1039.11,1.54,0,0,0
TX_UPI_101681,2026-08-01 09:28:00,9,CUST_1595,normal,BEN_4500,549.74,PhonePe,@upi,Grocery,Bengaluru,DEV_2376,iOS,0,1,5,1337.06,0.41,0,0,0
TX_UPI_101682,2026-08-06 12:42:22,12,CUST_1517,normal,BEN_1419,10.0,Cred,@paytm,Travel,Pune,DEV_1936,Android,0,1,3,1349.25,0.01,0,0,0
TX_UPI_101683,2026-08-04 02:41:02,2,CUST_1424,normal,BEN_5533,1050.66,BHIM,@ybl,Travel,Kolkata,DEV_1827,Android,0,1,5,1164.28,0.9,0,0,0
TX_UPI_101684,2026-08-02 01:22:40,1,CUST_1531,normal,BEN_4709,1473.33,Paytm,@icici,Travel,Mumbai,DEV_1305,Android,0,1,3,788.02,1.87,0,0,0
TX_UPI_101685,2026-08-09 11:09:46,11,CUST_1465,normal,BEN_2934,302.78,iMobile,@icici,Grocery,Kolkata,DEV_1594,Android,0,1,5,1084.67,0.28,0,0,0
TX_UPI_101686,2026-08-04 00:13:44,0,CUST_1454,normal,BEN_4246,1089.19,Paytm,@upi,Peer_to_Peer,Hyderabad,DEV_1055,Android,0,1,3,1006.75,1.08,0,0,0
TX_UPI_101687,2026-08-02 11:01:23,11,CUST_1561,normal,BEN_4894,2037.53,PhonePe,@ybl,Peer_to_Peer,Delhi_NCR,DEV_1840,iOS,0,1,3,758.14,2.69,0,0,0
TX_UPI_101688,2026-08-07 03:41:37,3,CUST_1441,normal,BEN_4856,1794.92,Paytm,@ybl,Utilities,Chennai,DEV_1793,Android,0,1,3,1087.54,1.65,0,0,0
TX_UPI_101689,2026-08-09 10:01:31,10,CUST_1632,normal,BEN_3579,2486.06,Cred,@upi,Travel,Kolkata,DEV_2519,Android,0,1,3,1149.4,2.16,0,0,0
TX_UPI_101690,2026-08-02 16:29:10,16,CUST_1120,normal,BEN_5595,256.86,iMobile,@upi,Peer_to_Peer,Mumbai,DEV_2326,iOS,0,1,3,1226.29,0.21,0,0,0
TX_UPI_101691,2026-08-05 17:48:55,17,CUST_1210,normal,BEN_2334,10.0,PhonePe,@okaxis,Utilities,Bengaluru,DEV_2562,iOS,0,1,4,1104.19,0.01,0,1,0
TX_UPI_101692,2026-08-08 01:00:01,1,CUST_1595,normal,BEN_1983,1233.03,PhonePe,@icici,Utilities,Bengaluru,DEV_2004,Android,0,1,6,1160.27,1.06,0,0,0
TX_UPI_101693,2026-08-03 19:58:37,19,CUST_1474,normal,BEN_3522,2382.46,GPay,@upi,Utilities,Mumbai,DEV_2684,iOS,0,1,2,1112.62,2.14,0,0,0
TX_UPI_101694,2026-08-08 04:14:44,4,CUST_1548,normal,BEN_2944,1267.57,iMobile,@sbi,Grocery,Hyderabad,DEV_2381,Android,0,1,1,1309.51,0.97,0,0,0
TX_UPI_101695,2026-08-05 08:30:21,8,CUST_1793,normal,BEN_4116,3059.74,Cred,@icici,Utilities,Kolkata,DEV_1054,iOS,1,1,3,1201.21,2.55,0,0,0
TX_UPI_101696,2026-08-04 03:16:58,3,CUST_1621,normal,BEN_5199,1267.61,Cred,@ybl,Utilities,Pune,DEV_2149,Android,0,1,2,643.02,1.97,0,0,0
TX_UPI_101697,2026-08-09 10:03:56,10,CUST_1694,normal,BEN_4862,635.38,iMobile,@okaxis,Travel,Ahmedabad,DEV_1848,Android,0,1,1,1488.98,0.43,0,0,0
TX_UPI_101698,2026-08-09 05:25:25,5,CUST_1116,normal,BEN_6328,1107.91,Paytm,@sbi,Utilities,Mumbai,DEV_1777,Android,0,1,3,1293.4,0.86,0,0,0
TX_UPI_101699,2026-08-08 22:30:20,22,CUST_1523,normal,BEN_4676,302.6,GPay,@paytm,Utilities,Mumbai,DEV_2924,Android,1,1,2,1096.34,0.28,0,0,0
TX_UPI_101700,2026-08-04 14:53:56,14,CUST_1043,normal,BEN_6153,2023.02,BHIM,@okaxis,Grocery,Hyderabad,DEV_2050,Android,0,1,5,1139.6,1.78,0,0,0
TX_UPI_101701,2026-08-05 21:07:24,21,CUST_1153,normal,BEN_3424,1262.49,Cred,@ybl,Grocery,Kolkata,DEV_2333,Android,0,1,4,1128.4,1.12,0,0,0
TX_UPI_101702,2026-08-07 06:23:41,6,CUST_1519,normal,BEN_6298,376.02,iMobile,@icici,Peer_to_Peer,Chennai,DEV_2313,Android,0,1,4,822.31,0.46,0,0,0
TX_UPI_101703,2026-08-09 07:38:38,7,CUST_1115,normal,BEN_4868,1264.87,iMobile,@icici,Grocery,Kolkata,DEV_1351,Android,0,1,3,1689.45,0.75,0,0,0
TX_UPI_101704,2026-08-02 10:57:58,10,CUST_1467,normal,BEN_6509,1168.08,GPay,@sbi,Peer_to_Peer,Delhi_NCR,DEV_1398,iOS,0,1,1,1047.8,1.11,0,0,0
TX_UPI_101705,2026-08-03 05:33:32,5,CUST_1657,normal,BEN_2463,1615.49,Paytm,@paytm,Utilities,Ahmedabad,DEV_1166,Android,0,1,7,938.53,1.72,0,0,0
TX_UPI_101706,2026-08-08 23:32:54,23,CUST_1382,normal,BEN_2279,10.0,PhonePe,@upi,Travel,Mumbai,DEV_2922,Android,0,1,5,748.66,0.01,0,0,0
TX_UPI_101707,2026-08-05 21:59:05,21,CUST_1721,normal,BEN_2080,851.08,GPay,@ybl,Travel,Kolkata,DEV_1001,iOS,0,1,3,1063.29,0.8,0,0,0
TX_UPI_101708,2026-08-05 07:21:37,7,CUST_1227,normal,BEN_5364,1751.33,iMobile,@upi,Grocery,Pune,DEV_2433,Android,0,1,2,1014.3,1.73,0,0,0
TX_UPI_101709,2026-08-05 20:32:23,20,CUST_1718,normal,BEN_6872,1188.58,Paytm,@icici,Peer_to_Peer,Delhi_NCR,DEV_1721,Android,0,1,4,1103.48,1.08,0,0,0
TX_UPI_101710,2026-08-03 09:33:03,9,CUST_1130,normal,BEN_4797,1548.8,PhonePe,@upi,Grocery,Mumbai,DEV_1825,iOS,0,1,5,1174.23,1.32,0,0,0
TX_UPI_101711,2026-08-08 01:22:02,1,CUST_1317,normal,BEN_1413,1562.87,Cred,@upi,Peer_to_Peer,Delhi_NCR,DEV_2532,Android,0,1,1,1092.05,1.43,0,0,0
TX_UPI_101712,2026-08-02 13:31:07,13,CUST_1011,normal,BEN_4716,1583.61,BHIM,@upi,Travel,Kolkata,DEV_2979,Android,0,1,5,913.84,1.73,0,0,0
TX_UPI_101713,2026-08-08 03:51:08,3,CUST_1615,normal,BEN_5528,672.77,iMobile,@ybl,Peer_to_Peer,Hyderabad,DEV_1656,Android,0,1,2,1208.74,0.56,0,0,0
TX_UPI_101714,2026-08-03 06:33:08,6,CUST_1381,normal,BEN_3087,2027.1,BHIM,@okaxis,Utilities,Pune,DEV_1505,Android,1,1,3,1297.91,1.56,0,0,0
TX_UPI_101715,2026-08-03 10:17:44,10,CUST_1617,normal,BEN_2032,1298.78,Cred,@sbi,Grocery,Hyderabad,DEV_1316,Android,1,1,3,1029.27,1.26,0,0,0
TX_UPI_101716,2026-08-08 23:43:18,23,CUST_1715,normal,BEN_3498,1797.29,BHIM,@upi,Grocery,Delhi_NCR,DEV_2959,Android,0,1,4,1626.2,1.11,0,0,0
TX_UPI_101717,2026-08-02 10:25:50,10,CUST_1017,normal,BEN_6206,518.22,PhonePe,@icici,Peer_to_Peer,Ahmedabad,DEV_1311,iOS,0,1,5,952.99,0.54,0,0,0
TX_UPI_101718,2026-08-09 03:32:53,3,CUST_1392,normal,BEN_1093,504.57,Paytm,@ybl,Utilities,Delhi_NCR,DEV_2860,iOS,0,1,3,1112.96,0.45,0,0,0
TX_UPI_101719,2026-08-03 19:36:43,19,CUST_1031,normal,BEN_1838,3534.54,Cred,@upi,Grocery,Kolkata,DEV_2246,iOS,0,1,3,808.76,4.37,0,0,0
TX_UPI_101720,2026-08-05 11:46:35,11,CUST_1411,normal,BEN_6397,1418.41,Cred,@ybl,Peer_to_Peer,Mumbai,DEV_1970,Android,0,1,1,1057.93,1.34,1,0,0
TX_UPI_101721,2026-08-07 09:15:52,9,CUST_1440,normal,BEN_6338,1212.82,Cred,@paytm,Grocery,Ahmedabad,DEV_2551,Android,0,1,5,1313.67,0.92,0,0,0
TX_UPI_101722,2026-08-10 15:40:40,15,CUST_1314,normal,BEN_2847,797.14,BHIM,@paytm,Peer_to_Peer,Bengaluru,DEV_1651,Android,0,1,3,896.13,0.89,0,0,0
TX_UPI_101723,2026-08-01 15:05:47,15,CUST_1508,normal,BEN_5065,297.55,BHIM,@upi,Utilities,Hyderabad,DEV_1150,Android,0,1,4,774.34,0.38,0,0,0
TX_UPI_101724,2026-08-02 18:42:14,18,CUST_1711,normal,BEN_4967,868.3,Paytm,@icici,Travel,Bengaluru,DEV_2056,Android,0,1,2,1211.92,0.72,0,0,0
TX_UPI_101725,2026-08-04 18:26:32,18,CUST_1281,normal,BEN_4532,2641.14,BHIM,@paytm,Utilities,Mumbai,DEV_2010,iOS,0,1,1,635.28,4.16,0,0,0
TX_UPI_101726,2026-08-01 19:07:59,19,CUST_1005,normal,BEN_5983,1100.09,iMobile,@upi,Travel,Kolkata,DEV_1156,iOS,0,1,4,1132.48,0.97,0,0,0
TX_UPI_101727,2026-08-09 10:27:20,10,CUST_1244,normal,BEN_3880,842.94,iMobile,@ybl,Travel,Chennai,DEV_1548,Android,0,1,3,1168.2,0.72,0,0,0
TX_UPI_101728,2026-08-05 04:17:18,4,CUST_1354,normal,BEN_4701,2032.34,Cred,@sbi,Utilities,Bengaluru,DEV_1657,Android,0,1,1,991.45,2.05,0,0,0
TX_UPI_101729,2026-08-02 10:04:15,10,CUST_1407,normal,BEN_1414,1371.05,GPay,@sbi,Travel,Ahmedabad,DEV_1005,iOS,0,1,2,1495.48,0.92,0,0,0
TX_UPI_101730,2026-08-04 18:48:22,18,CUST_1120,normal,BEN_6831,691.67,Cred,@paytm,Utilities,Mumbai,DEV_2237,Android,0,1,3,1213.45,0.57,0,1,0
TX_UPI_101731,2026-08-05 18:39:38,18,CUST_1787,normal,BEN_4045,726.97,PhonePe,@sbi,Grocery,Mumbai,DEV_2052,Android,0,1,1,977.12,0.74,0,0,0
TX_UPI_101732,2026-08-07 11:35:26,11,CUST_1553,normal,BEN_5981,2023.55,GPay,@ybl,Peer_to_Peer,Kolkata,DEV_1322,iOS,1,1,3,876.86,2.31,0,0,0
TX_UPI_101733,2026-08-03 12:11:24,12,CUST_1208,normal,BEN_2639,1940.54,iMobile,@ybl,Grocery,Chennai,DEV_1270,iOS,0,1,3,957.56,2.03,0,0,0
TX_UPI_101734,2026-08-07 03:44:27,3,CUST_1054,normal,BEN_1348,1319.56,BHIM,@upi,Grocery,Mumbai,DEV_2984,iOS,1,1,5,1651.61,0.8,0,0,0
TX_UPI_101735,2026-08-09 18:33:20,18,CUST_1709,normal,BEN_2635,1861.79,iMobile,@paytm,Grocery,Hyderabad,DEV_1188,Android,0,1,6,958.57,1.94,0,0,0
TX_UPI_101736,2026-08-04 08:17:48,8,CUST_1566,normal,BEN_4271,379.31,Paytm,@icici,Grocery,Mumbai,DEV_1333,iOS,0,1,4,1105.72,0.34,0,0,0
TX_UPI_101737,2026-08-06 12:28:35,12,CUST_1817,normal,BEN_3568,337.19,iMobile,@sbi,Travel,Delhi_NCR,DEV_1037,Android,0,1,3,1175.84,0.29,0,0,0
TX_UPI_101738,2026-08-04 09:07:25,9,CUST_1303,normal,BEN_6247,1488.31,BHIM,@sbi,Grocery,Mumbai,DEV_2881,Android,1,1,5,1149.83,1.29,0,0,0
TX_UPI_101739,2026-08-07 22:41:34,22,CUST_1347,normal,BEN_4980,794.39,iMobile,@ybl,Utilities,Pune,DEV_2794,iOS,0,1,2,792.25,1.0,0,0,0
TX_UPI_101740,2026-08-10 05:03:30,5,CUST_1590,normal,BEN_1111,2627.82,BHIM,@okaxis,Utilities,Chennai,DEV_2999,Android,0,1,4,1026.04,2.56,0,0,0
TX_UPI_101741,2026-08-10 20:47:24,20,CUST_1568,normal,BEN_4287,456.97,BHIM,@okaxis,Peer_to_Peer,Hyderabad,DEV_2058,iOS,0,1,9,822.4,0.56,0,0,0
TX_UPI_101742,2026-08-06 06:24:13,6,CUST_1008,normal,BEN_6187,856.92,Paytm,@okaxis,Grocery,Delhi_NCR,DEV_2325,Android,0,1,4,1224.05,0.7,0,0,0
TX_UPI_101743,2026-08-08 02:52:18,2,CUST_1044,normal,BEN_2943,1966.35,Cred,@okaxis,Travel,Delhi_NCR,DEV_2649,Android,0,1,7,1201.48,1.64,0,0,0
TX_UPI_101744,2026-08-03 10:15:47,10,CUST_1785,normal,BEN_1918,355.18,BHIM,@paytm,Peer_to_Peer,Ahmedabad,DEV_1473,iOS,0,1,3,1153.88,0.31,0,1,0
TX_UPI_101745,2026-08-06 14:59:41,14,CUST_1357,normal,BEN_3239,2854.58,BHIM,@paytm,Travel,Chennai,DEV_2661,iOS,0,1,1,1368.62,2.09,0,0,0
TX_UPI_101746,2026-08-04 23:56:17,23,CUST_1230,normal,BEN_5596,1343.93,Cred,@okaxis,Utilities,Bengaluru,DEV_2291,Android,0,1,5,1055.52,1.27,0,0,0
TX_UPI_101747,2026-08-04 10:25:36,10,CUST_1780,normal,BEN_2375,526.05,Paytm,@upi,Peer_to_Peer,Kolkata,DEV_2775,Android,0,1,5,1237.06,0.43,0,0,0
TX_UPI_101748,2026-08-09 11:43:05,11,CUST_1417,normal,BEN_4440,1977.65,BHIM,@okaxis,Travel,Hyderabad,DEV_1210,iOS,0,1,3,936.04,2.11,0,0,0
TX_UPI_101749,2026-08-08 18:30:52,18,CUST_1157,normal,BEN_3894,10.0,BHIM,@upi,Travel,Mumbai,DEV_1402,Android,1,1,5,1181.73,0.01,0,1,0
TX_UPI_101750,2026-08-09 06:19:30,6,CUST_1004,normal,BEN_5071,427.37,GPay,@upi,Grocery,Hyderabad,DEV_1866,Android,0,1,2,967.98,0.44,0,0,0
TX_UPI_101751,2026-08-03 04:12:29,4,CUST_1261,normal,BEN_3673,13.61,Paytm,@okaxis,Travel,Hyderabad,DEV_2209,Android,0,1,2,807.88,0.02,0,0,0
TX_UPI_101752,2026-08-05 10:25:14,10,CUST_1218,normal,BEN_1445,870.02,GPay,@sbi,Peer_to_Peer,Chennai,DEV_2195,iOS,0,1,2,689.52,1.26,0,0,0
TX_UPI_101753,2026-08-10 00:35:15,0,CUST_1307,normal,BEN_4181,2818.07,iMobile,@upi,Peer_to_Peer,Hyderabad,DEV_1676,iOS,0,1,6,893.04,3.16,0,0,0
TX_UPI_101754,2026-08-09 03:18:45,3,CUST_1572,normal,BEN_4839,1417.94,BHIM,@upi,Peer_to_Peer,Mumbai,DEV_2406,iOS,0,1,4,1365.86,1.04,0,0,0
TX_UPI_101755,2026-08-10 17:23:32,17,CUST_1748,normal,BEN_1048,545.12,GPay,@icici,Travel,Pune,DEV_2752,Android,1,1,6,948.5,0.57,0,1,0
TX_UPI_101756,2026-08-03 22:27:25,22,CUST_1222,normal,BEN_6591,131.31,PhonePe,@ybl,Grocery,Ahmedabad,DEV_2610,Android,0,1,5,1389.78,0.09,0,0,0
TX_UPI_101757,2026-08-07 19:18:26,19,CUST_1136,normal,BEN_4769,3270.33,Paytm,@ybl,Peer_to_Peer,Delhi_NCR,DEV_2914,iOS,0,1,1,1247.74,2.62,0,0,0
TX_UPI_101758,2026-08-03 20:57:37,20,CUST_1636,normal,BEN_2152,872.16,iMobile,@ybl,Travel,Hyderabad,DEV_2334,iOS,0,1,5,727.08,1.2,0,0,0
TX_UPI_101759,2026-08-01 00:02:19,0,CUST_1066,normal,BEN_2435,189.78,BHIM,@icici,Grocery,Hyderabad,DEV_2558,Android,0,1,2,1098.95,0.17,0,0,0
TX_UPI_101760,2026-08-07 08:59:46,8,CUST_1152,normal,BEN_3630,687.13,Cred,@okaxis,Peer_to_Peer,Ahmedabad,DEV_2679,iOS,0,1,5,1326.45,0.52,0,0,0
TX_UPI_101761,2026-08-06 08:54:23,8,CUST_1331,normal,BEN_2811,1679.66,BHIM,@icici,Utilities,Bengaluru,DEV_2128,Android,1,1,7,1179.8,1.42,0,0,0
TX_UPI_101762,2026-08-02 21:04:01,21,CUST_1188,normal,BEN_4681,226.48,BHIM,@sbi,Grocery,Delhi_NCR,DEV_2009,Android,0,1,6,934.76,0.24,0,0,0
TX_UPI_101763,2026-08-05 21:02:07,21,CUST_1305,normal,BEN_2698,1928.33,iMobile,@upi,Travel,Mumbai,DEV_1007,iOS,1,1,7,1189.61,1.62,0,1,0
TX_UPI_101764,2026-08-07 02:37:57,2,CUST_1815,normal,BEN_1307,10.0,Paytm,@ybl,Peer_to_Peer,Pune,DEV_2490,Android,0,1,2,1397.46,0.01,0,0,0
TX_UPI_101765,2026-08-09 04:43:25,4,CUST_1663,normal,BEN_4714,1064.7,BHIM,@upi,Peer_to_Peer,Chennai,DEV_1876,Android,0,1,4,1262.12,0.84,0,0,0
TX_UPI_101766,2026-08-01 04:01:03,4,CUST_1040,normal,BEN_5164,1757.06,PhonePe,@sbi,Peer_to_Peer,Kolkata,DEV_2648,Android,0,1,4,1029.92,1.71,0,0,0
TX_UPI_101767,2026-08-10 15:41:43,15,CUST_1268,normal,BEN_4668,949.87,BHIM,@sbi,Utilities,Bengaluru,DEV_2174,iOS,0,1,5,1212.86,0.78,0,0,0
TX_UPI_101768,2026-08-09 11:35:36,11,CUST_1788,normal,BEN_5900,994.16,Cred,@sbi,Grocery,Ahmedabad,DEV_2724,iOS,0,1,6,1049.03,0.95,0,0,0
TX_UPI_101769,2026-08-08 12:39:08,12,CUST_1322,normal,BEN_4415,518.67,Paytm,@okaxis,Utilities,Pune,DEV_1292,Android,0,1,2,845.1,0.61,0,0,0
TX_UPI_101770,2026-08-04 02:55:56,2,CUST_1390,normal,BEN_5489,982.07,GPay,@ybl,Grocery,Bengaluru,DEV_2471,Android,0,1,6,886.78,1.11,0,0,0
TX_UPI_101771,2026-08-04 11:58:41,11,CUST_1575,normal,BEN_6732,1350.78,Paytm,@ybl,Utilities,Pune,DEV_1008,Android,0,1,2,1017.53,1.33,0,0,0
TX_UPI_101772,2026-08-03 08:14:48,8,CUST_1605,normal,BEN_2414,10.0,Cred,@sbi,Peer_to_Peer,Pune,DEV_1614,iOS,0,1,3,1033.51,0.01,0,0,0
TX_UPI_101773,2026-08-09 10:44:56,10,CUST_1503,normal,BEN_4688,1632.23,GPay,@icici,Travel,Delhi_NCR,DEV_1419,Android,0,1,4,792.39,2.06,0,0,0
TX_UPI_101774,2026-08-07 08:05:20,8,CUST_1050,normal,BEN_6925,2067.36,BHIM,@sbi,Travel,Bengaluru,DEV_2429,Android,0,1,4,1127.61,1.83,0,0,0
TX_UPI_101775,2026-08-10 03:20:17,3,CUST_1695,normal,BEN_3206,1192.65,Paytm,@icici,Utilities,Kolkata,DEV_2276,iOS,0,1,2,1132.27,1.05,0,0,0
TX_UPI_101776,2026-08-08 12:50:56,12,CUST_1455,normal,BEN_5448,1580.47,PhonePe,@ybl,Utilities,Kolkata,DEV_1103,Android,0,1,1,950.7,1.66,0,0,0
TX_UPI_101777,2026-08-06 01:57:13,1,CUST_1330,normal,BEN_3275,996.04,Paytm,@paytm,Travel,Ahmedabad,DEV_2947,iOS,0,1,4,1366.39,0.73,0,0,0
TX_UPI_101778,2026-08-05 08:24:47,8,CUST_1505,normal,BEN_4530,582.61,Paytm,@okaxis,Peer_to_Peer,Delhi_NCR,DEV_1963,iOS,1,1,3,956.99,0.61,0,0,0
TX_UPI_101779,2026-08-02 14:40:42,14,CUST_1298,normal,BEN_4134,558.78,iMobile,@okaxis,Travel,Chennai,DEV_1849,Android,0,1,3,1264.99,0.44,0,0,0
TX_UPI_101780,2026-08-10 08:13:55,8,CUST_1524,normal,BEN_2177,356.93,Cred,@icici,Peer_to_Peer,Ahmedabad,DEV_1010,iOS,0,1,4,671.54,0.53,0,0,0
TX_UPI_101781,2026-08-10 09:53:23,9,CUST_1238,normal,BEN_1162,750.93,Paytm,@upi,Travel,Mumbai,DEV_1926,Android,0,1,3,1481.97,0.51,0,0,0
TX_UPI_101782,2026-08-03 13:47:46,13,CUST_1524,normal,BEN_6682,980.16,iMobile,@upi,Grocery,Mumbai,DEV_1092,Android,1,1,1,600.27,1.63,0,0,0
TX_UPI_101783,2026-08-10 10:16:35,10,CUST_1284,normal,BEN_5738,1227.22,iMobile,@okaxis,Peer_to_Peer,Hyderabad,DEV_2368,iOS,0,1,5,1170.11,1.05,0,0,0
TX_UPI_101784,2026-08-10 23:12:43,23,CUST_1589,suspicious,BEN_5548,31016.26,BHIM,@ybl,Gaming_Betting,Pune,DEV_1313,iOS,1,1,27,22286.21,1.39,1,1,1
TX_UPI_101785,2026-08-01 12:18:09,12,CUST_1475,normal,BEN_5173,1915.93,PhonePe,@paytm,Utilities,Kolkata,DEV_1612,iOS,1,1,1,862.81,2.22,0,0,0
TX_UPI_101786,2026-08-09 05:08:28,5,CUST_1019,mule,BEN_4540,10.0,Paytm,@icici,Peer_to_Peer,Mumbai,DEV_2347,Android,1,1,22,31222.43,0.0,1,1,1
TX_UPI_101787,2026-08-02 02:13:16,2,CUST_1362,normal,BEN_3296,1291.28,Cred,@icici,Utilities,Delhi_NCR,DEV_2066,iOS,0,1,4,857.39,1.51,0,0,0
TX_UPI_101788,2026-08-02 04:04:10,4,CUST_1577,normal,BEN_5362,1047.81,iMobile,@upi,Travel,Ahmedabad,DEV_1585,iOS,0,1,1,1407.17,0.74,0,0,0
TX_UPI_101789,2026-08-06 03:53:43,3,CUST_1755,normal,BEN_5103,957.1,Paytm,@sbi,Peer_to_Peer,Delhi_NCR,DEV_1007,Android,0,1,3,1461.35,0.65,0,0,0
TX_UPI_101790,2026-08-10 18:45:32,18,CUST_1283,normal,BEN_6297,206.2,GPay,@icici,Travel,Kolkata,DEV_1501,Android,0,1,1,816.91,0.25,0,1,0
TX_UPI_101791,2026-08-05 13:44:04,13,CUST_1733,normal,BEN_4936,1145.7,Cred,@paytm,Utilities,Delhi_NCR,DEV_1860,iOS,0,1,4,1257.52,0.91,0,0,0
TX_UPI_101792,2026-08-05 15:49:59,15,CUST_1412,normal,BEN_1755,3257.6,PhonePe,@icici,Peer_to_Peer,Hyderabad,DEV_1760,Android,0,1,1,1226.1,2.66,0,0,0
TX_UPI_101793,2026-08-02 19:34:07,19,CUST_1301,normal,BEN_3559,754.3,PhonePe,@upi,Utilities,Chennai,DEV_2153,iOS,0,1,2,931.25,0.81,0,0,0
TX_UPI_101794,2026-08-06 14:02:01,14,CUST_1742,normal,BEN_6117,472.98,PhonePe,@ybl,Utilities,Ahmedabad,DEV_1922,Android,0,1,7,1282.15,0.37,0,0,0
TX_UPI_101795,2026-08-07 22:57:33,22,CUST_1057,normal,BEN_3234,1218.56,GPay,@sbi,Travel,Kolkata,DEV_2687,iOS,0,1,6,716.99,1.7,0,0,0
TX_UPI_101796,2026-08-06 10:05:23,10,CUST_1594,normal,BEN_4646,135.44,Paytm,@sbi,Grocery,Pune,DEV_2284,Android,0,1,1,912.14,0.15,0,0,0
TX_UPI_101797,2026-08-10 02:08:47,2,CUST_1215,normal,BEN_1530,1329.36,BHIM,@icici,Peer_to_Peer,Bengaluru,DEV_2194,iOS,0,1,4,1115.84,1.19,0,0,0
TX_UPI_101798,2026-08-07 16:10:41,16,CUST_1215,normal,BEN_5301,71.15,Cred,@paytm,Grocery,Ahmedabad,DEV_1420,iOS,0,1,5,1137.51,0.06,1,0,0
TX_UPI_101799,2026-08-08 04:55:16,4,CUST_1408,normal,BEN_6174,1786.44,iMobile,@okaxis,Grocery,Delhi_NCR,DEV_2916,Android,0,1,1,1154.76,1.55,0,0,0
TX_UPI_101800,2026-08-10 19:08:14,19,CUST_1559,normal,BEN_2096,249.79,GPay,@ybl,Peer_to_Peer,Kolkata,DEV_2046,Android,1,1,3,1208.25,0.21,0,1,0
TX_UPI_101801,2026-08-10 05:29:23,5,CUST_1610,normal,BEN_2080,1272.87,GPay,@okaxis,Utilities,Mumbai,DEV_2200,iOS,0,1,2,1081.51,1.18,0,0,0
TX_UPI_101802,2026-08-09 13:45:56,13,CUST_1523,normal,BEN_1378,10.0,iMobile,@upi,Peer_to_Peer,Pune,DEV_2886,iOS,0,1,6,1030.73,0.01,0,0,0
TX_UPI_101803,2026-08-10 12:02:52,12,CUST_1747,normal,BEN_4654,2094.84,PhonePe,@ybl,Utilities,Chennai,DEV_2414,iOS,0,1,2,954.34,2.2,0,0,0
TX_UPI_101804,2026-08-08 23:42:52,23,CUST_1223,normal,BEN_1349,588.65,GPay,@paytm,Travel,Chennai,DEV_2294,iOS,0,1,5,909.74,0.65,0,0,0
TX_UPI_101805,2026-08-02 03:16:01,3,CUST_1537,normal,BEN_3295,1715.68,BHIM,@icici,Grocery,Hyderabad,DEV_2455,iOS,0,1,3,605.77,2.83,0,0,0
TX_UPI_101806,2026-08-04 18:41:28,18,CUST_1065,normal,BEN_2248,743.75,Paytm,@upi,Utilities,Mumbai,DEV_2541,Android,0,1,1,1088.14,0.68,0,0,0
TX_UPI_101807,2026-08-06 09:18:55,9,CUST_1116,normal,BEN_1306,247.67,Paytm,@sbi,Grocery,Kolkata,DEV_2523,Android,0,1,5,1058.14,0.23,0,0,0
TX_UPI_101808,2026-08-02 17:23:47,17,CUST_1237,normal,BEN_5197,1057.92,iMobile,@paytm,Grocery,Pune,DEV_1873,iOS,0,1,5,1311.34,0.81,0,0,0
TX_UPI_101809,2026-08-03 19:32:47,19,CUST_1790,normal,BEN_1177,1183.92,BHIM,@sbi,Utilities,Kolkata,DEV_2667,iOS,0,1,2,654.25,1.81,0,0,0
TX_UPI_101810,2026-08-07 03:23:32,3,CUST_1677,normal,BEN_4711,651.16,PhonePe,@okaxis,Peer_to_Peer,Chennai,DEV_1749,iOS,0,1,2,1105.69,0.59,0,0,0
TX_UPI_101811,2026-08-07 04:16:11,4,CUST_1402,normal,BEN_5627,923.88,Cred,@sbi,Travel,Hyderabad,DEV_1279,Android,0,1,5,932.88,0.99,0,0,0
TX_UPI_101812,2026-08-10 23:19:17,23,CUST_1232,normal,BEN_4054,1154.37,PhonePe,@ybl,Peer_to_Peer,Pune,DEV_1769,Android,0,1,6,1162.04,0.99,0,0,0
TX_UPI_101813,2026-08-01 06:58:50,6,CUST_1477,normal,BEN_4857,1151.97,PhonePe,@paytm,Travel,Pune,DEV_2733,iOS,0,1,2,928.02,1.24,0,0,0
TX_UPI_101814,2026-08-08 21:24:50,21,CUST_1084,normal,BEN_1521,519.51,iMobile,@upi,Grocery,Pune,DEV_1869,Android,0,1,2,1261.36,0.41,0,0,0
TX_UPI_101815,2026-08-02 03:23:31,3,CUST_1414,normal,BEN_1810,1022.49,Cred,@icici,Peer_to_Peer,Bengaluru,DEV_2825,iOS,0,1,1,1504.36,0.68,0,0,0
TX_UPI_101816,2026-08-01 17:03:38,17,CUST_1722,normal,BEN_4684,1455.97,Cred,@paytm,Utilities,Hyderabad,DEV_2660,iOS,0,1,1,973.96,1.49,0,0,0
TX_UPI_101817,2026-08-04 12:03:55,12,CUST_1680,normal,BEN_2241,1288.71,iMobile,@ybl,Grocery,Hyderabad,DEV_2662,Android,0,1,7,814.05,1.58,0,0,0
TX_UPI_101818,2026-08-08 20:06:20,20,CUST_1599,normal,BEN_2545,1980.83,BHIM,@sbi,Peer_to_Peer,Delhi_NCR,DEV_2142,Android,0,1,6,929.12,2.13,0,0,0
TX_UPI_101819,2026-08-01 22:42:26,22,CUST_1001,suspicious,BEN_2424,23004.75,PhonePe,@paytm,Jewelry,Kolkata,DEV_1569,Android,0,1,9,24101.31,0.95,1,0,1
TX_UPI_101820,2026-08-09 11:35:00,11,CUST_1225,normal,BEN_2710,1170.73,Paytm,@icici,Peer_to_Peer,Mumbai,DEV_2842,Android,0,1,5,1341.64,0.87,0,0,0
TX_UPI_101821,2026-08-09 23:38:53,23,CUST_1016,normal,BEN_2226,601.52,GPay,@upi,Grocery,Ahmedabad,DEV_1670,Android,0,1,1,1074.9,0.56,0,0,0
TX_UPI_101822,2026-08-03 13:32:32,13,CUST_1251,normal,BEN_4239,1434.83,Paytm,@okaxis,Peer_to_Peer,Ahmedabad,DEV_2743,iOS,0,1,4,1001.6,1.43,0,0,0
TX_UPI_101823,2026-08-02 08:03:09,8,CUST_1562,normal,BEN_2787,1299.8,BHIM,@ybl,Peer_to_Peer,Ahmedabad,DEV_1777,Android,0,1,7,1171.62,1.11,0,0,0
TX_UPI_101824,2026-08-08 16:34:48,16,CUST_1342,suspicious,BEN_6614,21279.37,Paytm,@icici,Gaming_Betting,Delhi_NCR,DEV_1995,Android,0,1,13,24282.8,0.88,1,1,1
TX_UPI_101825,2026-08-10 14:55:24,14,CUST_1560,normal,BEN_1520,2509.39,Paytm,@okaxis,Travel,Delhi_NCR,DEV_1703,iOS,0,1,3,1075.25,2.33,0,0,0
TX_UPI_101826,2026-08-09 07:02:20,7,CUST_1261,normal,BEN_5369,814.15,Cred,@upi,Utilities,Ahmedabad,DEV_1369,Android,0,1,6,1550.36,0.53,1,0,0
TX_UPI_101827,2026-08-01 19:15:15,19,CUST_1258,normal,BEN_6624,1560.49,Paytm,@paytm,Grocery,Kolkata,DEV_1765,Android,0,1,4,1088.83,1.43,0,0,0
TX_UPI_101828,2026-08-10 11:40:37,11,CUST_1602,normal,BEN_1520,10.0,BHIM,@icici,Travel,Ahmedabad,DEV_1437,iOS,0,1,5,1112.2,0.01,0,0,0
TX_UPI_101829,2026-08-07 00:20:18,0,CUST_1666,normal,BEN_6721,1542.67,BHIM,@upi,Peer_to_Peer,Bengaluru,DEV_1106,Android,0,1,2,987.73,1.56,0,0,0
TX_UPI_101830,2026-08-02 00:59:00,0,CUST_1319,normal,BEN_1531,871.18,PhonePe,@icici,Grocery,Bengaluru,DEV_1188,iOS,0,1,6,989.1,0.88,0,0,0
TX_UPI_101831,2026-08-01 04:18:20,4,CUST_1497,normal,BEN_6039,2866.13,Cred,@okaxis,Travel,Ahmedabad,DEV_1092,Android,0,1,4,773.84,3.7,0,0,0
TX_UPI_101832,2026-08-01 15:24:07,15,CUST_1416,normal,BEN_4504,1097.16,iMobile,@icici,Grocery,Mumbai,DEV_2768,Android,0,1,2,553.35,1.98,0,0,0
TX_UPI_101833,2026-08-04 04:41:06,4,CUST_1183,normal,BEN_1272,2479.58,iMobile,@sbi,Travel,Hyderabad,DEV_1827,Android,0,1,5,1207.97,2.05,0,0,0
TX_UPI_101834,2026-08-09 09:22:47,9,CUST_1343,normal,BEN_3361,1332.32,iMobile,@okaxis,Peer_to_Peer,Chennai,DEV_1344,Android,1,1,1,963.93,1.38,0,1,0
TX_UPI_101835,2026-08-02 06:01:44,6,CUST_1322,normal,BEN_1781,1873.42,GPay,@paytm,Utilities,Chennai,DEV_1039,Android,0,1,1,472.38,3.97,0,0,0
TX_UPI_101836,2026-08-02 15:47:47,15,CUST_1284,normal,BEN_5809,1018.32,GPay,@okaxis,Grocery,Chennai,DEV_2779,Android,0,1,3,1112.54,0.92,0,0,0
TX_UPI_101837,2026-08-09 01:11:13,1,CUST_1756,normal,BEN_2701,1782.81,Cred,@okaxis,Utilities,Bengaluru,DEV_2552,Android,0,1,5,1142.1,1.56,0,0,0
TX_UPI_101838,2026-08-05 09:54:40,9,CUST_1185,normal,BEN_2992,2156.43,Cred,@upi,Travel,Bengaluru,DEV_1324,Android,0,1,1,1201.1,1.8,0,0,0
TX_UPI_101839,2026-08-03 15:04:58,15,CUST_1311,normal,BEN_3440,1701.23,PhonePe,@icici,Peer_to_Peer,Kolkata,DEV_2582,iOS,0,1,1,719.31,2.37,1,0,0
TX_UPI_101840,2026-08-04 05:57:02,5,CUST_1178,normal,BEN_4717,603.25,iMobile,@okaxis,Travel,Chennai,DEV_1895,Android,0,1,2,1260.82,0.48,0,0,0
TX_UPI_101841,2026-08-07 16:14:30,16,CUST_1652,normal,BEN_2900,708.37,iMobile,@paytm,Peer_to_Peer,Delhi_NCR,DEV_2700,iOS,0,1,2,933.21,0.76,0,0,0
TX_UPI_101842,2026-08-05 21:45:22,21,CUST_1379,normal,BEN_4195,2094.91,Paytm,@icici,Grocery,Bengaluru,DEV_1999,iOS,0,1,4,1036.98,2.02,0,0,0
TX_UPI_101843,2026-08-06 01:19:50,1,CUST_1426,normal,BEN_4026,1112.0,Paytm,@okaxis,Travel,Pune,DEV_2603,iOS,0,1,6,900.2,1.24,0,0,0
TX_UPI_101844,2026-08-10 10:27:00,10,CUST_1277,normal,BEN_2707,2252.41,BHIM,@upi,Travel,Chennai,DEV_1692,Android,0,1,4,1041.5,2.16,0,0,0
TX_UPI_101845,2026-08-02 20:53:01,20,CUST_1296,normal,BEN_5852,3200.72,PhonePe,@sbi,Peer_to_Peer,Kolkata,DEV_2891,iOS,1,1,1,995.12,3.22,0,0,0
TX_UPI_101846,2026-08-09 11:15:40,11,CUST_1428,normal,BEN_2740,214.06,PhonePe,@sbi,Peer_to_Peer,Hyderabad,DEV_1555,iOS,0,1,5,1485.41,0.14,0,0,0
TX_UPI_101847,2026-08-08 00:16:55,0,CUST_1026,normal,BEN_5632,2535.94,BHIM,@okaxis,Grocery,Kolkata,DEV_1606,Android,0,1,6,1032.57,2.46,0,0,0
TX_UPI_101848,2026-08-05 07:15:04,7,CUST_1229,normal,BEN_5221,907.81,iMobile,@icici,Peer_to_Peer,Bengaluru,DEV_1806,Android,0,1,1,1568.61,0.58,0,0,0
TX_UPI_101849,2026-08-06 18:03:28,18,CUST_1133,normal,BEN_1033,1575.18,BHIM,@okaxis,Grocery,Ahmedabad,DEV_2587,Android,0,1,3,1398.73,1.13,0,0,0
TX_UPI_101850,2026-08-02 16:45:35,16,CUST_1395,normal,BEN_2003,421.79,iMobile,@paytm,Peer_to_Peer,Hyderabad,DEV_1269,Android,0,1,4,1038.57,0.41,0,0,0
TX_UPI_101851,2026-08-04 22:10:20,22,CUST_1657,normal,BEN_6755,1710.94,Paytm,@ybl,Grocery,Delhi_NCR,DEV_2725,iOS,0,1,3,731.78,2.34,0,0,0
TX_UPI_101852,2026-08-10 01:53:08,1,CUST_1599,normal,BEN_4239,1260.46,Cred,@sbi,Grocery,Pune,DEV_1440,Android,0,1,6,1072.99,1.17,0,0,0
TX_UPI_101853,2026-08-06 00:28:23,0,CUST_1719,normal,BEN_6082,1820.09,BHIM,@sbi,Utilities,Pune,DEV_1181,iOS,0,1,1,1073.7,1.7,1,0,0
TX_UPI_101854,2026-08-03 16:16:33,16,CUST_1614,normal,BEN_2391,700.39,GPay,@okaxis,Utilities,Bengaluru,DEV_1220,iOS,0,1,5,1087.56,0.64,1,0,0
TX_UPI_101855,2026-08-04 07:15:26,7,CUST_1748,normal,BEN_2897,1752.06,Cred,@okaxis,Peer_to_Peer,Bengaluru,DEV_1463,Android,0,1,6,1245.99,1.41,0,0,0
TX_UPI_101856,2026-08-03 11:44:42,11,CUST_1702,normal,BEN_5614,1418.49,Paytm,@icici,Grocery,Bengaluru,DEV_1093,iOS,0,1,2,1079.33,1.31,0,0,0
TX_UPI_101857,2026-08-06 23:46:42,23,CUST_1614,normal,BEN_5459,773.53,PhonePe,@okaxis,Grocery,Bengaluru,DEV_2861,iOS,0,1,3,990.11,0.78,0,0,0
TX_UPI_101858,2026-08-01 13:51:10,13,CUST_1319,normal,BEN_5602,416.06,iMobile,@ybl,Grocery,Mumbai,DEV_2084,Android,0,1,1,919.65,0.45,0,0,0
TX_UPI_101859,2026-08-01 21:04:28,21,CUST_1635,normal,BEN_1999,1354.7,Cred,@okaxis,Travel,Hyderabad,DEV_1295,iOS,0,1,1,1083.76,1.25,0,0,0
TX_UPI_101860,2026-08-04 04:03:37,4,CUST_1159,normal,BEN_4485,2720.21,GPay,@ybl,Grocery,Chennai,DEV_1152,Android,0,1,6,1474.45,1.84,0,0,0
TX_UPI_101861,2026-08-07 14:19:08,14,CUST_1391,normal,BEN_6749,1512.9,GPay,@okaxis,Grocery,Chennai,DEV_1202,iOS,0,1,6,906.25,1.67,0,0,0
TX_UPI_101862,2026-08-04 18:07:48,18,CUST_1016,normal,BEN_5266,684.53,PhonePe,@paytm,Peer_to_Peer,Ahmedabad,DEV_1330,Android,0,1,1,1364.67,0.5,0,0,0
TX_UPI_101863,2026-08-04 15:06:41,15,CUST_1324,suspicious,BEN_4572,55725.83,PhonePe,@upi,Peer_to_Peer,Bengaluru,DEV_2986,Android,1,1,13,23828.66,2.34,1,1,1
TX_UPI_101864,2026-08-01 20:53:52,20,CUST_1244,normal,BEN_6035,596.91,Cred,@okaxis,Travel,Mumbai,DEV_1617,iOS,0,1,4,1349.98,0.44,0,0,0
TX_UPI_101865,2026-08-08 18:49:32,18,CUST_1155,normal,BEN_6816,10.0,GPay,@paytm,Peer_to_Peer,Pune,DEV_1155,Android,0,1,4,1013.6,0.01,0,0,0
TX_UPI_101866,2026-08-03 06:02:39,6,CUST_1397,normal,BEN_2369,1290.72,GPay,@upi,Grocery,Pune,DEV_1690,iOS,0,1,4,1034.83,1.25,0,0,0
TX_UPI_101867,2026-08-08 16:22:25,16,CUST_1372,normal,BEN_5446,1117.13,Paytm,@upi,Travel,Bengaluru,DEV_2195,iOS,0,1,3,1312.88,0.85,0,0,0
TX_UPI_101868,2026-08-08 08:04:33,8,CUST_1289,normal,BEN_4024,1535.01,Cred,@icici,Peer_to_Peer,Hyderabad,DEV_1062,Android,0,1,4,774.97,1.98,0,0,0
TX_UPI_101869,2026-08-09 01:13:53,1,CUST_1411,normal,BEN_2193,897.14,PhonePe,@paytm,Utilities,Chennai,DEV_2815,iOS,0,1,5,1089.05,0.82,0,0,0
TX_UPI_101870,2026-08-02 14:49:02,14,CUST_1778,normal,BEN_3121,1727.63,iMobile,@paytm,Travel,Kolkata,DEV_1053,iOS,1,1,7,1329.27,1.3,1,1,0
TX_UPI_101871,2026-08-08 22:27:53,22,CUST_1281,normal,BEN_6310,1274.53,GPay,@ybl,Peer_to_Peer,Mumbai,DEV_2042,iOS,0,1,2,467.15,2.73,0,1,0
TX_UPI_101872,2026-08-02 05:53:11,5,CUST_1005,normal,BEN_5911,1065.29,GPay,@sbi,Peer_to_Peer,Kolkata,DEV_2108,iOS,0,1,3,1173.69,0.91,0,0,0
TX_UPI_101873,2026-08-02 16:59:14,16,CUST_1007,normal,BEN_6899,1076.88,BHIM,@upi,Utilities,Delhi_NCR,DEV_2027,Android,0,1,3,652.94,1.65,0,0,0
TX_UPI_101874,2026-08-02 19:07:56,19,CUST_1185,normal,BEN_5391,448.03,PhonePe,@icici,Travel,Delhi_NCR,DEV_1026,iOS,0,1,4,1491.82,0.3,0,0,0
TX_UPI_101875,2026-08-04 07:29:36,7,CUST_1094,normal,BEN_1948,1121.98,GPay,@sbi,Utilities,Pune,DEV_2239,iOS,0,1,4,1308.59,0.86,0,0,0
TX_UPI_101876,2026-08-01 08:39:04,8,CUST_1792,normal,BEN_2192,551.28,Paytm,@ybl,Grocery,Chennai,DEV_2899,iOS,0,1,4,902.28,0.61,0,0,0
TX_UPI_101877,2026-08-06 07:11:32,7,CUST_1296,normal,BEN_1335,1891.86,GPay,@sbi,Grocery,Chennai,DEV_2139,iOS,0,1,4,1151.63,1.64,0,0,0
TX_UPI_101878,2026-08-01 06:54:42,6,CUST_1307,normal,BEN_3468,573.92,GPay,@icici,Grocery,Pune,DEV_1496,iOS,0,1,5,1580.33,0.36,0,0,0
TX_UPI_101879,2026-08-04 04:29:54,4,CUST_1294,normal,BEN_6151,393.67,BHIM,@icici,Utilities,Kolkata,DEV_1589,iOS,1,1,3,1135.59,0.35,0,0,0
TX_UPI_101880,2026-08-03 16:39:57,16,CUST_1774,normal,BEN_5573,1829.12,Paytm,@upi,Peer_to_Peer,Mumbai,DEV_1951,Android,1,1,2,400.07,4.57,0,0,0
TX_UPI_101881,2026-08-03 21:46:27,21,CUST_1737,normal,BEN_3719,2287.35,BHIM,@icici,Travel,Mumbai,DEV_2667,iOS,0,1,5,661.69,3.46,0,0,0
TX_UPI_101882,2026-08-01 06:04:28,6,CUST_1557,normal,BEN_4521,713.94,Paytm,@ybl,Peer_to_Peer,Mumbai,DEV_2234,iOS,1,1,7,1427.47,0.5,0,0,0
TX_UPI_101883,2026-08-01 19:25:16,19,CUST_1745,normal,BEN_2970,1950.91,GPay,@upi,Grocery,Chennai,DEV_1941,iOS,0,1,3,1099.92,1.77,0,0,0
TX_UPI_101884,2026-08-02 17:54:51,17,CUST_1454,normal,BEN_5588,1095.26,BHIM,@okaxis,Utilities,Hyderabad,DEV_2359,iOS,0,1,6,869.8,1.26,0,0,0
TX_UPI_101885,2026-08-07 05:08:20,5,CUST_1287,normal,BEN_6020,555.36,PhonePe,@upi,Peer_to_Peer,Kolkata,DEV_2311,Android,0,1,6,1069.35,0.52,0,0,0
TX_UPI_101886,2026-08-03 04:31:50,4,CUST_1330,normal,BEN_2153,2302.77,GPay,@icici,Grocery,Pune,DEV_1492,Android,0,1,2,1066.85,2.16,0,1,0
TX_UPI_101887,2026-08-06 12:20:40,12,CUST_1726,normal,BEN_3020,462.07,PhonePe,@paytm,Travel,Bengaluru,DEV_1700,iOS,0,1,4,725.15,0.64,0,0,0
TX_UPI_101888,2026-08-08 02:22:54,2,CUST_1029,normal,BEN_2328,809.89,BHIM,@ybl,Utilities,Ahmedabad,DEV_1030,iOS,0,1,1,1246.54,0.65,0,0,0
TX_UPI_101889,2026-08-02 18:03:33,18,CUST_1635,normal,BEN_2820,1773.27,Paytm,@sbi,Peer_to_Peer,Pune,DEV_1371,iOS,0,1,1,1400.13,1.27,0,0,0
TX_UPI_101890,2026-08-04 09:25:12,9,CUST_1020,normal,BEN_6653,3197.93,PhonePe,@icici,Utilities,Kolkata,DEV_1376,iOS,1,1,4,926.13,3.45,0,0,0
TX_UPI_101891,2026-08-02 14:09:46,14,CUST_1027,normal,BEN_2448,3459.46,Paytm,@okaxis,Peer_to_Peer,Kolkata,DEV_2109,iOS,0,1,1,1084.83,3.19,0,0,0
TX_UPI_101892,2026-08-03 13:08:32,13,CUST_1486,normal,BEN_3907,1343.7,GPay,@upi,Utilities,Hyderabad,DEV_2678,Android,0,1,6,1166.34,1.15,0,0,0
TX_UPI_101893,2026-08-04 15:59:03,15,CUST_1544,normal,BEN_4424,801.09,Paytm,@okaxis,Utilities,Delhi_NCR,DEV_1092,Android,0,1,2,997.96,0.8,0,0,0
TX_UPI_101894,2026-08-08 12:17:43,12,CUST_1231,normal,BEN_1506,394.46,BHIM,@icici,Travel,Ahmedabad,DEV_2236,Android,0,1,4,944.59,0.42,0,0,0
TX_UPI_101895,2026-08-05 13:44:45,13,CUST_1149,normal,BEN_5032,10.0,PhonePe,@paytm,Grocery,Kolkata,DEV_2433,iOS,0,1,6,960.56,0.01,0,0,0
TX_UPI_101896,2026-08-08 00:45:10,0,CUST_1636,normal,BEN_3819,185.49,PhonePe,@ybl,Peer_to_Peer,Mumbai,DEV_2625,iOS,0,1,3,1096.41,0.17,0,0,0
TX_UPI_101897,2026-08-06 16:31:31,16,CUST_1476,normal,BEN_3372,10.0,Cred,@okaxis,Grocery,Pune,DEV_1771,iOS,0,1,4,828.68,0.01,0,1,0
TX_UPI_101898,2026-08-10 04:28:25,4,CUST_1361,normal,BEN_4697,2568.82,PhonePe,@sbi,Grocery,Bengaluru,DEV_2372,Android,0,1,5,984.02,2.61,0,0,0
TX_UPI_101899,2026-08-08 23:53:56,23,CUST_1482,normal,BEN_5714,603.87,iMobile,@upi,Grocery,Bengaluru,DEV_1054,Android,1,1,3,1227.07,0.49,0,0,0
TX_UPI_101900,2026-08-01 21:36:22,21,CUST_1816,normal,BEN_3014,1179.6,iMobile,@icici,Peer_to_Peer,Mumbai,DEV_1270,Android,1,1,3,1094.01,1.08,0,0,0
TX_UPI_101901,2026-08-08 15:16:03,15,CUST_1489,normal,BEN_2109,716.91,iMobile,@upi,Utilities,Hyderabad,DEV_1503,iOS,0,1,3,579.41,1.24,0,0,0
TX_UPI_101902,2026-08-02 16:12:45,16,CUST_1387,normal,BEN_2807,1978.98,iMobile,@icici,Travel,Pune,DEV_1848,iOS,1,1,4,894.37,2.21,0,0,0
TX_UPI_101903,2026-08-01 11:39:47,11,CUST_1029,normal,BEN_3012,2718.99,iMobile,@ybl,Utilities,Ahmedabad,DEV_2582,iOS,0,1,4,831.33,3.27,0,0,0
TX_UPI_101904,2026-08-01 21:18:22,21,CUST_1212,normal,BEN_6396,1885.39,PhonePe,@paytm,Peer_to_Peer,Kolkata,DEV_2227,iOS,0,1,4,1174.7,1.6,0,0,0
TX_UPI_101905,2026-08-07 11:56:18,11,CUST_1730,normal,BEN_6595,859.4,Paytm,@okaxis,Utilities,Ahmedabad,DEV_2641,Android,0,1,4,1017.18,0.84,0,0,0
TX_UPI_101906,2026-08-02 16:37:15,16,CUST_1042,normal,BEN_4177,1644.75,GPay,@okaxis,Peer_to_Peer,Pune,DEV_2668,Android,0,1,1,975.87,1.69,0,0,0
TX_UPI_101907,2026-08-10 14:58:57,14,CUST_1225,normal,BEN_3290,2577.72,Paytm,@okaxis,Peer_to_Peer,Delhi_NCR,DEV_1374,iOS,0,1,2,935.08,2.76,0,0,0
TX_UPI_101908,2026-08-05 10:26:22,10,CUST_1688,normal,BEN_3131,841.63,BHIM,@paytm,Travel,Kolkata,DEV_1841,iOS,0,1,1,550.01,1.53,0,0,0
TX_UPI_101909,2026-08-08 00:17:01,0,CUST_1294,normal,BEN_4332,1015.53,iMobile,@paytm,Peer_to_Peer,Bengaluru,DEV_1628,Android,0,1,4,1067.4,0.95,0,0,0
TX_UPI_101910,2026-08-07 11:29:23,11,CUST_1341,normal,BEN_2035,1084.1,GPay,@ybl,Utilities,Mumbai,DEV_2568,iOS,0,1,4,1325.48,0.82,0,0,0
TX_UPI_101911,2026-08-09 12:31:01,12,CUST_1022,normal,BEN_3206,1047.64,Cred,@upi,Travel,Hyderabad,DEV_2402,iOS,1,1,2,1012.53,1.03,0,0,0
TX_UPI_101912,2026-08-03 06:11:23,6,CUST_1150,normal,BEN_6648,1663.48,PhonePe,@paytm,Travel,Ahmedabad,DEV_2126,iOS,0,1,6,929.25,1.79,0,1,0
TX_UPI_101913,2026-08-09 18:36:01,18,CUST_1580,normal,BEN_5257,1279.15,BHIM,@ybl,Utilities,Chennai,DEV_2769,Android,0,1,4,841.78,1.52,0,0,0
TX_UPI_101914,2026-08-06 11:52:57,11,CUST_1568,normal,BEN_6284,1216.33,iMobile,@ybl,Travel,Hyderabad,DEV_1910,Android,0,1,1,655.43,1.86,0,0,0
TX_UPI_101915,2026-08-09 17:03:54,17,CUST_1404,normal,BEN_2614,1493.4,BHIM,@upi,Peer_to_Peer,Ahmedabad,DEV_1809,Android,0,1,3,1128.55,1.32,0,0,0
TX_UPI_101916,2026-08-02 08:51:44,8,CUST_1068,normal,BEN_6898,1185.68,PhonePe,@ybl,Travel,Mumbai,DEV_2825,Android,0,1,2,1069.14,1.11,0,0,0
TX_UPI_101917,2026-08-07 14:12:00,14,CUST_1208,normal,BEN_5720,213.52,PhonePe,@ybl,Peer_to_Peer,Kolkata,DEV_2383,iOS,0,1,6,754.57,0.28,0,0,0
TX_UPI_101918,2026-08-09 23:33:35,23,CUST_1653,normal,BEN_3748,1043.37,GPay,@sbi,Utilities,Hyderabad,DEV_1017,iOS,0,1,1,1216.9,0.86,0,0,0
TX_UPI_101919,2026-08-05 11:54:27,11,CUST_1429,normal,BEN_2538,934.85,Paytm,@icici,Utilities,Mumbai,DEV_2775,Android,0,1,2,1284.77,0.73,0,0,0
TX_UPI_101920,2026-08-08 22:13:28,22,CUST_1000,normal,BEN_1898,1223.54,GPay,@okaxis,Grocery,Chennai,DEV_1801,iOS,0,1,5,844.48,1.45,0,0,0
TX_UPI_101921,2026-08-01 14:12:37,14,CUST_1221,normal,BEN_6226,76.15,Cred,@sbi,Peer_to_Peer,Mumbai,DEV_1522,iOS,0,1,4,1003.48,0.08,0,0,0
TX_UPI_101922,2026-08-07 04:14:54,4,CUST_1348,normal,BEN_5279,1701.15,GPay,@sbi,Travel,Hyderabad,DEV_1391,iOS,1,1,3,1129.22,1.51,0,0,0
TX_UPI_101923,2026-08-05 06:36:15,6,CUST_1517,normal,BEN_4303,10.0,GPay,@ybl,Peer_to_Peer,Mumbai,DEV_1211,Android,0,1,7,1040.58,0.01,0,0,0
TX_UPI_101924,2026-08-01 10:30:44,10,CUST_1093,normal,BEN_6382,1758.07,Cred,@okaxis,Utilities,Delhi_NCR,DEV_2618,iOS,0,1,2,1153.92,1.52,0,0,0
TX_UPI_101925,2026-08-02 05:57:05,5,CUST_1446,normal,BEN_5238,157.72,GPay,@okaxis,Peer_to_Peer,Chennai,DEV_1868,iOS,1,1,4,994.57,0.16,0,0,0
TX_UPI_101926,2026-08-08 00:41:14,0,CUST_1753,normal,BEN_4390,1223.35,iMobile,@icici,Travel,Hyderabad,DEV_1327,Android,0,1,5,784.19,1.56,0,0,0
TX_UPI_101927,2026-08-07 12:12:41,12,CUST_1212,normal,BEN_5416,652.41,Paytm,@ybl,Travel,Pune,DEV_2318,iOS,0,1,4,1583.57,0.41,0,0,0
TX_UPI_101928,2026-08-03 21:44:05,21,CUST_1253,normal,BEN_4177,1089.53,Cred,@sbi,Peer_to_Peer,Delhi_NCR,DEV_1326,iOS,0,1,5,1054.33,1.03,0,0,0
TX_UPI_101929,2026-08-01 12:36:58,12,CUST_1068,normal,BEN_5489,2753.8,iMobile,@paytm,Utilities,Pune,DEV_1876,iOS,0,1,1,1102.71,2.5,1,0,0
TX_UPI_101930,2026-08-10 13:43:24,13,CUST_1527,normal,BEN_4923,10.0,Paytm,@ybl,Travel,Delhi_NCR,DEV_1366,iOS,0,1,1,1151.39,0.01,0,0,0
TX_UPI_101931,2026-08-08 17:49:21,17,CUST_1379,normal,BEN_2030,1311.6,iMobile,@sbi,Utilities,Mumbai,DEV_1655,Android,0,1,3,1054.51,1.24,0,0,0
TX_UPI_101932,2026-08-07 14:33:31,14,CUST_1478,normal,BEN_6915,3678.64,PhonePe,@okaxis,Utilities,Ahmedabad,DEV_2814,Android,0,1,3,1202.43,3.06,0,0,0
TX_UPI_101933,2026-08-10 15:04:56,15,CUST_1486,normal,BEN_5106,680.51,BHIM,@upi,Peer_to_Peer,Bengaluru,DEV_2799,Android,0,1,4,1022.82,0.67,0,0,0
TX_UPI_101934,2026-08-10 11:15:33,11,CUST_1617,normal,BEN_1599,871.59,GPay,@okaxis,Travel,Ahmedabad,DEV_1299,Android,0,1,7,1362.52,0.64,0,0,0
TX_UPI_101935,2026-08-06 22:23:26,22,CUST_1221,normal,BEN_6666,1309.4,iMobile,@okaxis,Peer_to_Peer,Chennai,DEV_2738,iOS,0,1,1,993.36,1.32,0,0,0
TX_UPI_101936,2026-08-09 05:26:23,5,CUST_1593,normal,BEN_3988,3362.42,Cred,@sbi,Peer_to_Peer,Ahmedabad,DEV_1770,Android,0,1,3,1344.77,2.5,0,0,0
TX_UPI_101937,2026-08-01 11:51:08,11,CUST_1621,normal,BEN_3355,2353.55,Cred,@sbi,Utilities,Kolkata,DEV_1398,Android,1,1,4,877.96,2.68,0,0,0
TX_UPI_101938,2026-08-04 10:00:25,10,CUST_1141,normal,BEN_4759,10.0,iMobile,@upi,Grocery,Chennai,DEV_2598,Android,0,1,5,884.46,0.01,0,0,0
TX_UPI_101939,2026-08-03 23:02:03,23,CUST_1638,normal,BEN_6679,1340.92,iMobile,@okaxis,Travel,Ahmedabad,DEV_1741,Android,0,1,1,1016.34,1.32,0,0,0
TX_UPI_101940,2026-08-08 18:34:14,18,CUST_1600,normal,BEN_6751,1226.98,GPay,@okaxis,Peer_to_Peer,Chennai,DEV_2526,Android,1,1,4,812.44,1.51,0,0,0
TX_UPI_101941,2026-08-07 02:46:37,2,CUST_1033,normal,BEN_3143,2157.53,PhonePe,@upi,Utilities,Chennai,DEV_2370,Android,0,1,2,678.13,3.18,0,0,0
TX_UPI_101942,2026-08-04 12:11:01,12,CUST_1519,normal,BEN_1731,1112.78,Cred,@sbi,Grocery,Hyderabad,DEV_2007,iOS,1,1,4,1118.54,0.99,0,0,0
TX_UPI_101943,2026-08-05 15:57:56,15,CUST_1248,normal,BEN_3323,2289.71,iMobile,@icici,Grocery,Kolkata,DEV_2747,iOS,0,1,3,1051.29,2.18,0,0,0
TX_UPI_101944,2026-08-07 00:08:13,0,CUST_1709,normal,BEN_2198,317.45,PhonePe,@sbi,Utilities,Kolkata,DEV_1747,iOS,0,1,5,1124.23,0.28,0,0,0
TX_UPI_101945,2026-08-07 01:04:13,1,CUST_1685,normal,BEN_1281,863.98,PhonePe,@paytm,Peer_to_Peer,Mumbai,DEV_2660,Android,0,1,1,1426.66,0.61,0,1,0
TX_UPI_101946,2026-08-02 01:09:15,1,CUST_1311,normal,BEN_1704,217.86,iMobile,@sbi,Utilities,Kolkata,DEV_1654,Android,0,1,2,1166.0,0.19,0,0,0
TX_UPI_101947,2026-08-02 09:21:45,9,CUST_1410,normal,BEN_3623,242.75,iMobile,@ybl,Utilities,Mumbai,DEV_1480,Android,0,1,1,570.25,0.43,0,0,0
TX_UPI_101948,2026-08-02 02:02:32,2,CUST_1059,normal,BEN_5875,1776.8,GPay,@sbi,Grocery,Mumbai,DEV_2077,Android,1,1,2,1782.54,1.0,0,0,0
TX_UPI_101949,2026-08-04 18:12:47,18,CUST_1544,normal,BEN_3282,404.52,GPay,@ybl,Grocery,Hyderabad,DEV_2431,iOS,0,1,2,944.31,0.43,0,0,0
TX_UPI_101950,2026-08-03 19:01:33,19,CUST_1050,normal,BEN_4479,1394.51,Paytm,@sbi,Grocery,Hyderabad,DEV_1854,iOS,0,1,3,1226.96,1.14,0,0,0
TX_UPI_101951,2026-08-10 20:09:18,20,CUST_1084,normal,BEN_5686,417.13,PhonePe,@ybl,Peer_to_Peer,Kolkata,DEV_1714,Android,0,1,1,648.43,0.64,0,0,0
TX_UPI_101952,2026-08-05 05:12:41,5,CUST_1735,normal,BEN_6577,10.0,PhonePe,@okaxis,Peer_to_Peer,Bengaluru,DEV_1714,Android,0,1,2,1007.76,0.01,0,0,0
TX_UPI_101953,2026-08-03 11:04:14,11,CUST_1619,normal,BEN_5568,694.85,BHIM,@icici,Utilities,Pune,DEV_1193,Android,0,1,6,1374.73,0.51,0,0,0
TX_UPI_101954,2026-08-05 22:53:40,22,CUST_1751,normal,BEN_4979,932.16,Paytm,@sbi,Peer_to_Peer,Mumbai,DEV_1830,Android,0,1,1,943.99,0.99,0,0,0
TX_UPI_101955,2026-08-02 12:29:10,12,CUST_1673,normal,BEN_2934,720.14,Cred,@icici,Grocery,Hyderabad,DEV_2898,iOS,0,1,2,912.55,0.79,0,0,0
TX_UPI_101956,2026-08-05 19:29:33,19,CUST_1794,normal,BEN_5850,677.23,iMobile,@ybl,Grocery,Ahmedabad,DEV_1352,iOS,0,1,3,927.47,0.73,0,0,0
TX_UPI_101957,2026-08-09 08:19:56,8,CUST_1199,normal,BEN_4237,1366.66,BHIM,@sbi,Grocery,Kolkata,DEV_2944,Android,0,1,4,861.45,1.59,0,0,0
TX_UPI_101958,2026-08-08 01:09:52,1,CUST_1597,normal,BEN_3796,2216.85,PhonePe,@paytm,Peer_to_Peer,Bengaluru,DEV_1662,Android,0,1,2,691.73,3.2,0,0,0
TX_UPI_101959,2026-08-01 07:15:48,7,CUST_1562,normal,BEN_1240,1504.62,PhonePe,@icici,Peer_to_Peer,Chennai,DEV_1649,Android,0,1,2,1157.11,1.3,0,0,0
TX_UPI_101960,2026-08-10 11:23:52,11,CUST_1396,normal,BEN_2139,10.0,Paytm,@upi,Grocery,Hyderabad,DEV_2952,Android,0,1,6,1241.35,0.01,0,0,0
TX_UPI_101961,2026-08-06 08:34:02,8,CUST_1082,normal,BEN_1459,10.0,iMobile,@okaxis,Utilities,Pune,DEV_1080,iOS,0,1,1,1481.34,0.01,0,0,0
TX_UPI_101962,2026-08-08 05:07:17,5,CUST_1720,normal,BEN_6238,610.1,iMobile,@ybl,Utilities,Ahmedabad,DEV_1715,iOS,1,1,2,536.15,1.14,0,1,0
TX_UPI_101963,2026-08-01 05:14:53,5,CUST_1126,suspicious,BEN_1108,21685.99,GPay,@sbi,Electronics,Delhi_NCR,DEV_2297,iOS,1,1,16,29063.66,0.75,0,1,1
TX_UPI_101964,2026-08-10 03:41:13,3,CUST_1023,normal,BEN_2327,80.74,BHIM,@sbi,Grocery,Chennai,DEV_1371,Android,0,1,1,1188.23,0.07,0,0,0
TX_UPI_101965,2026-08-01 12:11:20,12,CUST_1013,normal,BEN_2114,2005.38,BHIM,@sbi,Peer_to_Peer,Hyderabad,DEV_2925,Android,0,1,1,1339.56,1.5,0,0,0
TX_UPI_101966,2026-08-09 12:23:57,12,CUST_1824,normal,BEN_6202,1230.03,Cred,@upi,Grocery,Chennai,DEV_1961,Android,1,1,6,1063.15,1.16,0,0,0
TX_UPI_101967,2026-08-10 06:08:06,6,CUST_1283,normal,BEN_5063,10.0,Paytm,@upi,Utilities,Chennai,DEV_2389,iOS,0,1,3,1334.43,0.01,0,0,0
TX_UPI_101968,2026-08-04 16:31:32,16,CUST_1259,normal,BEN_1537,485.0,Paytm,@ybl,Peer_to_Peer,Pune,DEV_2483,iOS,0,1,3,1037.73,0.47,0,0,0
TX_UPI_101969,2026-08-07 05:44:46,5,CUST_1203,normal,BEN_3430,10.0,iMobile,@sbi,Peer_to_Peer,Pune,DEV_2610,Android,0,1,7,863.67,0.01,0,0,0
TX_UPI_101970,2026-08-06 01:18:42,1,CUST_1506,normal,BEN_3565,1604.59,PhonePe,@upi,Travel,Kolkata,DEV_2060,iOS,1,1,3,1381.83,1.16,0,0,0
TX_UPI_101971,2026-08-01 01:19:57,1,CUST_1520,normal,BEN_6328,1524.84,Cred,@paytm,Travel,Hyderabad,DEV_2583,Android,0,1,3,865.56,1.76,0,0,0
TX_UPI_101972,2026-08-09 20:16:42,20,CUST_1440,normal,BEN_1194,1838.28,Cred,@sbi,Grocery,Chennai,DEV_1729,Android,0,1,1,1235.01,1.49,0,0,0
TX_UPI_101973,2026-08-07 10:57:34,10,CUST_1275,normal,BEN_4750,320.76,BHIM,@upi,Utilities,Delhi_NCR,DEV_1104,Android,0,1,6,1118.71,0.29,0,0,0
TX_UPI_101974,2026-08-09 10:59:57,10,CUST_1478,normal,BEN_5835,1715.3,BHIM,@ybl,Grocery,Ahmedabad,DEV_2729,Android,0,1,4,659.43,2.6,0,0,0
TX_UPI_101975,2026-08-01 08:19:25,8,CUST_1064,normal,BEN_3902,511.42,BHIM,@ybl,Travel,Chennai,DEV_1225,iOS,0,1,5,1120.0,0.46,0,1,0
TX_UPI_101976,2026-08-03 05:52:57,5,CUST_1575,normal,BEN_1530,2144.79,GPay,@paytm,Utilities,Hyderabad,DEV_1464,iOS,0,1,4,847.99,2.53,0,0,0
TX_UPI_101977,2026-08-10 02:37:37,2,CUST_1503,normal,BEN_6910,563.15,Cred,@paytm,Grocery,Hyderabad,DEV_2633,Android,1,1,4,524.63,1.07,0,0,0
TX_UPI_101978,2026-08-03 00:36:15,0,CUST_1410,normal,BEN_5516,2538.75,Paytm,@ybl,Travel,Ahmedabad,DEV_1305,iOS,0,1,4,1374.49,1.85,0,0,0
TX_UPI_101979,2026-08-01 14:53:15,14,CUST_1536,normal,BEN_6856,10.0,Paytm,@upi,Peer_to_Peer,Hyderabad,DEV_2134,Android,0,1,6,1615.56,0.01,0,0,0
TX_UPI_101980,2026-08-10 16:29:19,16,CUST_1618,normal,BEN_1642,143.3,iMobile,@okaxis,Travel,Hyderabad,DEV_1192,iOS,0,1,5,1080.27,0.13,0,0,0
TX_UPI_101981,2026-08-03 16:03:22,16,CUST_1705,normal,BEN_4882,10.0,BHIM,@sbi,Peer_to_Peer,Mumbai,DEV_1277,iOS,0,1,4,1280.06,0.01,0,0,0
TX_UPI_101982,2026-08-02 03:48:25,3,CUST_1143,normal,BEN_4466,719.1,GPay,@sbi,Travel,Chennai,DEV_1767,iOS,0,1,6,679.98,1.06,0,0,0
TX_UPI_101983,2026-08-03 02:37:22,2,CUST_1771,normal,BEN_6365,10.0,BHIM,@okaxis,Peer_to_Peer,Pune,DEV_2046,Android,0,1,4,1086.09,0.01,0,0,0
TX_UPI_101984,2026-08-02 00:25:08,0,CUST_1617,normal,BEN_6066,626.74,BHIM,@ybl,Grocery,Mumbai,DEV_2890,Android,0,1,5,1207.41,0.52,0,0,0
TX_UPI_101985,2026-08-01 09:27:44,9,CUST_1729,normal,BEN_6547,1886.51,Paytm,@sbi,Utilities,Delhi_NCR,DEV_2872,Android,0,1,3,1224.62,1.54,0,0,0
TX_UPI_101986,2026-08-03 14:42:52,14,CUST_1287,normal,BEN_3819,843.48,PhonePe,@icici,Utilities,Mumbai,DEV_2028,iOS,1,1,8,884.99,0.95,0,0,0
TX_UPI_101987,2026-08-10 21:39:03,21,CUST_1248,normal,BEN_6566,2884.24,BHIM,@paytm,Travel,Chennai,DEV_2759,Android,0,1,4,749.88,3.85,0,0,0
TX_UPI_101988,2026-08-05 09:23:07,9,CUST_1785,normal,BEN_5967,2294.46,Paytm,@upi,Travel,Kolkata,DEV_1378,iOS,1,1,4,1284.27,1.79,0,0,0
TX_UPI_101989,2026-08-03 08:31:50,8,CUST_1087,normal,BEN_4570,2179.08,Cred,@sbi,Grocery,Hyderabad,DEV_1509,iOS,0,1,4,937.86,2.32,0,0,0
TX_UPI_101990,2026-08-02 21:39:59,21,CUST_1680,normal,BEN_6263,1980.57,Cred,@upi,Peer_to_Peer,Ahmedabad,DEV_2388,Android,1,1,4,1244.61,1.59,0,0,0
TX_UPI_101991,2026-08-05 17:32:43,17,CUST_1801,normal,BEN_2324,10.0,Paytm,@okaxis,Grocery,Ahmedabad,DEV_2755,Android,0,1,4,926.74,0.01,0,0,0
TX_UPI_101992,2026-08-06 22:28:53,22,CUST_1234,normal,BEN_5505,2522.65,Cred,@ybl,Utilities,Delhi_NCR,DEV_2215,Android,0,1,5,1137.57,2.22,0,0,0
TX_UPI_101993,2026-08-06 06:44:47,6,CUST_1796,normal,BEN_5627,1589.05,BHIM,@okaxis,Travel,Mumbai,DEV_1280,iOS,0,1,2,1469.58,1.08,1,0,0
TX_UPI_101994,2026-08-09 23:40:54,23,CUST_1633,normal,BEN_3083,2793.1,iMobile,@okaxis,Utilities,Chennai,DEV_1115,Android,1,1,4,1461.7,1.91,0,0,0
TX_UPI_101995,2026-08-05 13:53:30,13,CUST_1760,normal,BEN_2745,744.68,Cred,@ybl,Travel,Ahmedabad,DEV_2816,Android,0,1,2,1089.82,0.68,0,0,0
TX_UPI_101996,2026-08-06 11:49:34,11,CUST_1779,normal,BEN_1069,1547.95,BHIM,@okaxis,Peer_to_Peer,Hyderabad,DEV_1557,Android,0,1,3,1209.06,1.28,0,0,0
TX_UPI_101997,2026-08-04 14:40:53,14,CUST_1640,normal,BEN_4473,1445.11,GPay,@icici,Utilities,Delhi_NCR,DEV_2615,Android,1,1,2,1204.51,1.2,0,0,0
TX_UPI_101998,2026-08-01 20:52:32,20,CUST_1049,normal,BEN_4074,1890.82,Paytm,@okaxis,Utilities,Hyderabad,DEV_1575,Android,0,1,4,1356.64,1.39,0,1,0
TX_UPI_101999,2026-08-07 15:17:51,15,CUST_1173,normal,BEN_5507,226.08,Paytm,@ybl,Peer_to_Peer,Delhi_NCR,DEV_2578,Android,0,1,4,799.13,0.28,0,0,0
TX_UPI_102000,2026-08-09 18:46:57,18,CUST_1798,normal,BEN_1074,308.73,iMobile,@upi,Peer_to_Peer,Hyderabad,DEV_2722,iOS,0,1,2,853.91,0.36,0,0,0
TX_UPI_102001,2026-08-09 23:02:22,23,CUST_1389,normal,BEN_4982,761.6,Cred,@okaxis,Grocery,Ahmedabad,DEV_2327,iOS,0,1,3,1280.92,0.59,0,0,0
TX_UPI_102002,2026-08-09 16:55:13,16,CUST_1102,normal,BEN_4552,943.07,GPay,@upi,Travel,Mumbai,DEV_1233,iOS,0,1,1,1353.62,0.7,0,1,0
TX_UPI_102003,2026-08-03 15:06:57,15,CUST_1469,normal,BEN_1902,530.33,GPay,@icici,Travel,Chennai,DEV_2566,Android,0,1,3,1187.17,0.45,0,0,0
TX_UPI_102004,2026-08-05 09:50:19,9,CUST_1430,normal,BEN_3772,1359.69,Cred,@upi,Grocery,Delhi_NCR,DEV_1704,iOS,1,1,6,1194.96,1.14,0,0,0
TX_UPI_102005,2026-08-06 09:56:59,9,CUST_1751,normal,BEN_4486,510.95,iMobile,@okaxis,Peer_to_Peer,Kolkata,DEV_2733,Android,0,1,8,1126.64,0.45,0,0,0
TX_UPI_102006,2026-08-06 08:20:22,8,CUST_1556,normal,BEN_2699,1082.13,PhonePe,@okaxis,Travel,Chennai,DEV_2012,iOS,0,1,5,1139.87,0.95,0,0,0
TX_UPI_102007,2026-08-01 13:33:18,13,CUST_1169,normal,BEN_4119,1519.38,iMobile,@ybl,Utilities,Hyderabad,DEV_2366,iOS,0,1,8,1013.97,1.5,0,0,0
TX_UPI_102008,2026-08-03 11:39:01,11,CUST_1744,normal,BEN_4744,945.79,PhonePe,@okaxis,Grocery,Pune,DEV_1146,Android,1,1,4,1337.16,0.71,0,0,0
TX_UPI_102009,2026-08-04 14:04:36,14,CUST_1523,normal,BEN_4405,10.0,PhonePe,@okaxis,Peer_to_Peer,Kolkata,DEV_1424,iOS,1,1,1,939.09,0.01,0,0,0
TX_UPI_102010,2026-08-06 20:41:40,20,CUST_1022,normal,BEN_3279,10.0,PhonePe,@upi,Peer_to_Peer,Hyderabad,DEV_1057,Android,0,1,3,1200.6,0.01,0,0,0
TX_UPI_102011,2026-08-09 09:00:17,9,CUST_1080,normal,BEN_6791,487.4,Paytm,@icici,Grocery,Delhi_NCR,DEV_2596,Android,0,1,1,1096.64,0.44,0,0,0
TX_UPI_102012,2026-08-08 06:16:13,6,CUST_1228,normal,BEN_4089,1890.03,Paytm,@okaxis,Peer_to_Peer,Mumbai,DEV_1102,iOS,0,1,1,1276.86,1.48,0,0,0
TX_UPI_102013,2026-08-07 05:35:09,5,CUST_1160,normal,BEN_1716,1853.84,Paytm,@upi,Peer_to_Peer,Bengaluru,DEV_1041,Android,0,1,5,1372.44,1.35,0,0,0
TX_UPI_102014,2026-08-06 19:56:37,19,CUST_1342,suspicious,BEN_3333,67636.25,iMobile,@upi,Jewelry,Pune,DEV_2831,iOS,1,1,15,25791.69,2.62,1,1,1
TX_UPI_102015,2026-08-02 12:11:13,12,CUST_1113,normal,BEN_3915,866.85,Paytm,@icici,Grocery,Kolkata,DEV_1855,iOS,1,1,4,1447.89,0.6,0,0,0
TX_UPI_102016,2026-08-06 23:27:20,23,CUST_1216,normal,BEN_2992,123.99,iMobile,@sbi,Peer_to_Peer,Chennai,DEV_2764,iOS,0,1,2,1410.52,0.09,0,0,0
TX_UPI_102017,2026-08-05 10:45:27,10,CUST_1360,normal,BEN_5888,2016.03,BHIM,@ybl,Grocery,Kolkata,DEV_1857,Android,0,1,3,1285.06,1.57,0,0,0
TX_UPI_102018,2026-08-03 13:32:01,13,CUST_1538,normal,BEN_2365,1472.97,iMobile,@sbi,Peer_to_Peer,Mumbai,DEV_2086,iOS,1,1,7,1097.88,1.34,0,0,0
TX_UPI_102019,2026-08-06 23:48:56,23,CUST_1356,normal,BEN_2817,2020.51,PhonePe,@sbi,Utilities,Delhi_NCR,DEV_1796,Android,0,1,9,1223.54,1.65,0,0,0
TX_UPI_102020,2026-08-08 10:49:02,10,CUST_1539,normal,BEN_6646,1239.46,Paytm,@paytm,Travel,Mumbai,DEV_1635,Android,1,1,5,992.33,1.25,0,0,0
TX_UPI_102021,2026-08-05 12:13:40,12,CUST_1528,suspicious,BEN_4449,70983.42,Paytm,@icici,Gaming_Betting,Hyderabad,DEV_2423,iOS,0,1,19,23726.16,2.99,1,1,0
TX_UPI_102022,2026-08-04 09:06:17,9,CUST_1750,normal,BEN_3639,531.45,PhonePe,@icici,Grocery,Delhi_NCR,DEV_2865,Android,0,1,6,1288.12,0.41,0,0,0
TX_UPI_102023,2026-08-09 12:03:14,12,CUST_1757,normal,BEN_5043,802.12,PhonePe,@paytm,Utilities,Bengaluru,DEV_2704,iOS,0,1,5,717.95,1.12,0,0,0
TX_UPI_102024,2026-08-05 22:12:08,22,CUST_1830,normal,BEN_5900,1347.98,GPay,@okaxis,Travel,Kolkata,DEV_2170,Android,0,1,4,1489.76,0.9,0,0,0
TX_UPI_102025,2026-08-02 03:19:33,3,CUST_1321,normal,BEN_4852,583.34,BHIM,@ybl,Grocery,Mumbai,DEV_1017,Android,0,1,1,865.1,0.67,0,0,0
TX_UPI_102026,2026-08-06 04:51:11,4,CUST_1712,normal,BEN_6157,130.75,iMobile,@paytm,Utilities,Chennai,DEV_1277,iOS,0,1,6,1451.67,0.09,0,0,0
TX_UPI_102027,2026-08-06 14:14:51,14,CUST_1495,normal,BEN_4280,1456.17,iMobile,@ybl,Peer_to_Peer,Chennai,DEV_1857,Android,1,1,6,1112.15,1.31,0,0,0
TX_UPI_102028,2026-08-06 04:53:41,4,CUST_1463,normal,BEN_6381,1123.91,GPay,@upi,Travel,Delhi_NCR,DEV_1980,Android,0,1,3,1005.51,1.12,1,0,0
TX_UPI_102029,2026-08-03 01:59:48,1,CUST_1661,normal,BEN_6052,10.0,PhonePe,@sbi,Grocery,Pune,DEV_2409,Android,0,1,4,1070.32,0.01,0,0,0
TX_UPI_102030,2026-08-03 23:32:45,23,CUST_1189,normal,BEN_1118,1796.29,iMobile,@ybl,Travel,Kolkata,DEV_1631,iOS,0,1,4,1040.95,1.73,0,0,0
TX_UPI_102031,2026-08-10 05:35:34,5,CUST_1566,normal,BEN_3289,503.05,Paytm,@ybl,Travel,Mumbai,DEV_2419,Android,0,1,4,1257.18,0.4,0,0,0
TX_UPI_102032,2026-08-05 06:14:49,6,CUST_1718,normal,BEN_4412,285.33,GPay,@okaxis,Travel,Kolkata,DEV_1688,Android,1,1,4,1135.93,0.25,0,0,0
TX_UPI_102033,2026-08-03 08:02:31,8,CUST_1635,normal,BEN_1318,625.55,Cred,@icici,Grocery,Bengaluru,DEV_1957,Android,0,1,2,1135.35,0.55,0,0,0
TX_UPI_102034,2026-08-08 13:38:00,13,CUST_1057,normal,BEN_1578,293.26,Cred,@ybl,Utilities,Kolkata,DEV_2366,Android,0,1,4,865.11,0.34,0,0,0
TX_UPI_102035,2026-08-08 04:54:28,4,CUST_1179,normal,BEN_4131,2050.28,GPay,@sbi,Utilities,Delhi_NCR,DEV_1983,Android,0,1,8,873.42,2.35,0,0,0
TX_UPI_102036,2026-08-07 21:58:48,21,CUST_1355,normal,BEN_3048,1627.37,PhonePe,@ybl,Utilities,Kolkata,DEV_2164,Android,1,1,2,1329.83,1.22,0,0,0
TX_UPI_102037,2026-08-01 04:43:51,4,CUST_1636,normal,BEN_6168,187.79,PhonePe,@paytm,Utilities,Delhi_NCR,DEV_2338,iOS,0,1,4,870.48,0.22,0,0,0
TX_UPI_102038,2026-08-03 07:43:28,7,CUST_1206,normal,BEN_2709,1034.41,Paytm,@sbi,Peer_to_Peer,Hyderabad,DEV_1527,Android,1,1,1,1277.36,0.81,0,0,0
TX_UPI_102039,2026-08-04 02:05:59,2,CUST_1749,normal,BEN_3359,530.42,GPay,@icici,Utilities,Kolkata,DEV_2662,iOS,0,1,5,997.42,0.53,0,0,0
TX_UPI_102040,2026-08-05 04:03:32,4,CUST_1021,normal,BEN_1177,1108.42,BHIM,@paytm,Travel,Hyderabad,DEV_2681,iOS,0,1,4,897.16,1.24,0,0,0
TX_UPI_102041,2026-08-06 19:41:41,19,CUST_1646,normal,BEN_3676,1368.29,GPay,@ybl,Travel,Kolkata,DEV_1580,iOS,0,1,7,893.26,1.53,0,0,0
TX_UPI_102042,2026-08-06 13:22:30,13,CUST_1127,normal,BEN_5848,2137.45,Cred,@icici,Peer_to_Peer,Hyderabad,DEV_1077,Android,0,1,6,884.12,2.42,0,0,0
TX_UPI_102043,2026-08-04 08:01:58,8,CUST_1291,normal,BEN_4552,35.96,iMobile,@sbi,Grocery,Kolkata,DEV_2057,iOS,0,1,4,948.62,0.04,0,0,0
TX_UPI_102044,2026-08-02 07:01:04,7,CUST_1468,normal,BEN_1421,2694.88,iMobile,@sbi,Grocery,Mumbai,DEV_2196,iOS,0,1,4,887.47,3.04,0,0,0
TX_UPI_102045,2026-08-03 14:35:31,14,CUST_1817,normal,BEN_4212,282.27,Cred,@paytm,Travel,Ahmedabad,DEV_1689,Android,0,1,6,942.92,0.3,0,0,0
TX_UPI_102046,2026-08-09 20:02:13,20,CUST_1517,normal,BEN_6424,1235.06,BHIM,@okaxis,Travel,Bengaluru,DEV_2006,iOS,0,1,5,963.78,1.28,0,0,0
TX_UPI_102047,2026-08-05 11:10:10,11,CUST_1625,normal,BEN_3279,1163.26,iMobile,@upi,Peer_to_Peer,Chennai,DEV_2808,Android,0,1,3,1244.0,0.94,0,0,0
TX_UPI_102048,2026-08-07 23:57:03,23,CUST_1809,normal,BEN_2111,1672.6,PhonePe,@upi,Peer_to_Peer,Chennai,DEV_1093,iOS,0,1,3,1095.28,1.53,0,0,0
TX_UPI_102049,2026-08-09 12:45:57,12,CUST_1549,normal,BEN_3463,902.58,Cred,@ybl,Utilities,Chennai,DEV_1254,iOS,0,1,1,1141.82,0.79,0,0,0
TX_UPI_102050,2026-08-09 13:33:26,13,CUST_1502,normal,BEN_3464,2713.75,BHIM,@sbi,Utilities,Delhi_NCR,DEV_2791,iOS,0,1,2,894.47,3.03,0,0,0
TX_UPI_102051,2026-08-04 11:44:48,11,CUST_1586,normal,BEN_4156,503.42,PhonePe,@sbi,Grocery,Kolkata,DEV_2374,Android,0,1,5,1187.64,0.42,0,0,0
TX_UPI_102052,2026-08-01 23:08:46,23,CUST_1782,normal,BEN_6000,1073.17,PhonePe,@upi,Travel,Kolkata,DEV_1172,iOS,1,1,2,1102.17,0.97,0,0,0
TX_UPI_102053,2026-08-09 14:15:10,14,CUST_1501,suspicious,BEN_2771,10.0,BHIM,@paytm,Peer_to_Peer,Kolkata,DEV_1099,iOS,1,1,19,29906.23,0.0,1,1,1
TX_UPI_102054,2026-08-04 16:33:33,16,CUST_1696,normal,BEN_5896,199.04,Paytm,@ybl,Grocery,Pune,DEV_2041,iOS,0,1,1,1459.07,0.14,0,0,0
TX_UPI_102055,2026-08-02 19:50:51,19,CUST_1200,normal,BEN_4905,710.59,PhonePe,@paytm,Grocery,Ahmedabad,DEV_1181,iOS,0,1,6,1043.04,0.68,0,0,0
TX_UPI_102056,2026-08-04 15:48:16,15,CUST_1286,normal,BEN_6531,1070.44,Paytm,@upi,Travel,Ahmedabad,DEV_1354,iOS,0,1,4,867.84,1.23,0,0,0
TX_UPI_102057,2026-08-07 04:23:06,4,CUST_1628,normal,BEN_5061,1306.0,Cred,@icici,Utilities,Ahmedabad,DEV_1542,iOS,0,1,3,763.08,1.71,0,0,0
TX_UPI_102058,2026-08-07 02:20:41,2,CUST_1729,normal,BEN_4765,1469.99,Paytm,@ybl,Utilities,Chennai,DEV_1913,Android,0,1,3,1042.31,1.41,0,0,0
TX_UPI_102059,2026-08-06 15:39:14,15,CUST_1429,normal,BEN_2231,231.87,Cred,@upi,Travel,Pune,DEV_1543,Android,0,1,7,1290.41,0.18,0,0,0
TX_UPI_102060,2026-08-05 06:09:29,6,CUST_1204,normal,BEN_4859,1971.32,Paytm,@okaxis,Grocery,Bengaluru,DEV_2544,iOS,0,1,3,665.0,2.96,0,0,0
TX_UPI_102061,2026-08-08 19:23:21,19,CUST_1734,normal,BEN_4350,2762.33,GPay,@icici,Travel,Pune,DEV_2630,Android,0,1,3,900.29,3.07,0,0,0
TX_UPI_102062,2026-08-05 04:01:26,4,CUST_1250,normal,BEN_3801,1533.44,Cred,@paytm,Peer_to_Peer,Kolkata,DEV_1503,iOS,0,1,6,1074.47,1.43,0,0,0
TX_UPI_102063,2026-08-01 09:17:20,9,CUST_1646,normal,BEN_4820,2222.86,iMobile,@sbi,Utilities,Mumbai,DEV_1532,Android,0,1,6,821.67,2.71,0,0,0
TX_UPI_102064,2026-08-08 02:22:07,2,CUST_1771,normal,BEN_5915,660.97,iMobile,@paytm,Travel,Kolkata,DEV_1161,Android,0,1,5,428.97,1.54,0,0,0
TX_UPI_102065,2026-08-02 01:16:18,1,CUST_1560,normal,BEN_4668,1080.44,GPay,@sbi,Travel,Chennai,DEV_2533,Android,0,1,1,965.63,1.12,0,0,0
TX_UPI_102066,2026-08-06 03:48:17,3,CUST_1095,normal,BEN_1000,960.94,Cred,@sbi,Peer_to_Peer,Kolkata,DEV_2369,iOS,0,1,3,947.46,1.01,0,0,0
TX_UPI_102067,2026-08-02 18:53:34,18,CUST_1725,normal,BEN_4310,322.29,Cred,@okaxis,Grocery,Chennai,DEV_1755,Android,0,1,8,1528.19,0.21,0,0,0
TX_UPI_102068,2026-08-02 23:47:21,23,CUST_1718,normal,BEN_2478,270.35,PhonePe,@sbi,Grocery,Hyderabad,DEV_2495,Android,0,1,7,984.13,0.27,0,0,0
TX_UPI_102069,2026-08-06 20:09:12,20,CUST_1696,normal,BEN_2274,1303.35,PhonePe,@icici,Peer_to_Peer,Kolkata,DEV_2873,Android,1,1,3,921.66,1.41,0,0,0
TX_UPI_102070,2026-08-04 17:48:24,17,CUST_1496,normal,BEN_5839,1987.08,Paytm,@upi,Utilities,Hyderabad,DEV_2130,Android,0,1,4,965.63,2.06,0,0,0
TX_UPI_102071,2026-08-04 15:09:27,15,CUST_1309,normal,BEN_3150,156.33,PhonePe,@okaxis,Utilities,Hyderabad,DEV_2240,iOS,1,1,2,686.07,0.23,0,0,0
TX_UPI_102072,2026-08-03 17:48:24,17,CUST_1801,normal,BEN_5401,1209.78,Cred,@upi,Travel,Hyderabad,DEV_1168,iOS,0,1,1,1016.27,1.19,0,0,0
TX_UPI_102073,2026-08-07 00:43:58,0,CUST_1490,normal,BEN_2667,2296.08,Paytm,@okaxis,Travel,Hyderabad,DEV_2985,Android,1,1,6,1072.25,2.14,0,1,0
TX_UPI_102074,2026-08-03 08:58:16,8,CUST_1273,normal,BEN_6095,1130.33,BHIM,@paytm,Grocery,Bengaluru,DEV_1430,iOS,0,1,7,1204.98,0.94,0,0,0
TX_UPI_102075,2026-08-08 07:26:15,7,CUST_1335,normal,BEN_6549,937.75,Paytm,@icici,Peer_to_Peer,Mumbai,DEV_2445,iOS,1,1,1,1174.53,0.8,0,0,0
TX_UPI_102076,2026-08-10 19:14:43,19,CUST_1531,normal,BEN_6085,1863.46,GPay,@upi,Utilities,Ahmedabad,DEV_2552,iOS,0,1,2,1149.89,1.62,0,0,0
TX_UPI_102077,2026-08-10 06:00:29,6,CUST_1585,normal,BEN_5365,909.14,GPay,@icici,Utilities,Mumbai,DEV_1401,Android,0,1,3,482.92,1.88,0,0,0
TX_UPI_102078,2026-08-02 21:43:31,21,CUST_1105,normal,BEN_2983,1022.57,iMobile,@icici,Grocery,Chennai,DEV_2524,iOS,0,1,5,928.46,1.1,0,0,0
TX_UPI_102079,2026-08-07 06:00:27,6,CUST_1321,normal,BEN_1713,1242.02,PhonePe,@upi,Travel,Hyderabad,DEV_1185,iOS,0,1,2,1166.51,1.06,0,0,0
TX_UPI_102080,2026-08-01 15:43:15,15,CUST_1064,normal,BEN_3517,1026.78,Paytm,@ybl,Grocery,Mumbai,DEV_1120,Android,0,1,2,1399.81,0.73,0,0,0
TX_UPI_102081,2026-08-08 11:36:32,11,CUST_1758,normal,BEN_4740,1943.15,BHIM,@paytm,Travel,Pune,DEV_1654,iOS,0,1,2,1199.47,1.62,0,0,0
TX_UPI_102082,2026-08-04 16:25:22,16,CUST_1122,normal,BEN_4330,1629.93,Cred,@sbi,Grocery,Delhi_NCR,DEV_1289,Android,0,1,5,673.38,2.42,0,0,0
TX_UPI_102083,2026-08-09 07:21:23,7,CUST_1084,normal,BEN_1857,2005.29,Cred,@sbi,Grocery,Bengaluru,DEV_1858,Android,0,1,2,994.12,2.02,0,0,0
TX_UPI_102084,2026-08-10 03:32:49,3,CUST_1719,normal,BEN_3048,3310.31,iMobile,@icici,Utilities,Delhi_NCR,DEV_2360,Android,0,1,4,987.28,3.35,0,0,0
TX_UPI_102085,2026-08-02 00:23:05,0,CUST_1648,normal,BEN_4121,10.0,BHIM,@paytm,Utilities,Kolkata,DEV_2331,Android,0,1,6,757.15,0.01,0,0,0
TX_UPI_102086,2026-08-07 00:38:10,0,CUST_1586,normal,BEN_5658,397.25,iMobile,@okaxis,Travel,Mumbai,DEV_1707,Android,0,1,3,1419.94,0.28,0,0,0
TX_UPI_102087,2026-08-10 05:23:04,5,CUST_1135,normal,BEN_2648,1818.59,Cred,@sbi,Travel,Ahmedabad,DEV_2440,Android,1,1,3,1153.99,1.58,0,0,0
TX_UPI_102088,2026-08-08 11:19:52,11,CUST_1505,normal,BEN_4793,719.69,iMobile,@ybl,Utilities,Pune,DEV_2139,Android,0,1,4,1097.6,0.66,0,0,0
TX_UPI_102089,2026-08-10 20:20:16,20,CUST_1045,normal,BEN_6175,1975.02,Paytm,@sbi,Grocery,Mumbai,DEV_2870,Android,0,1,5,1198.55,1.65,0,1,0
TX_UPI_102090,2026-08-03 04:59:26,4,CUST_1268,normal,BEN_4908,910.12,GPay,@upi,Travel,Chennai,DEV_2815,iOS,0,1,5,1057.93,0.86,0,0,0
TX_UPI_102091,2026-08-08 00:48:45,0,CUST_1023,normal,BEN_6634,334.47,Paytm,@okaxis,Travel,Chennai,DEV_1803,iOS,1,1,3,1100.29,0.3,0,0,0
TX_UPI_102092,2026-08-02 15:11:12,15,CUST_1225,normal,BEN_4120,1928.17,Cred,@icici,Utilities,Ahmedabad,DEV_2490,iOS,0,1,3,789.79,2.44,0,0,0
TX_UPI_102093,2026-08-05 17:24:26,17,CUST_1674,normal,BEN_5846,1245.39,GPay,@upi,Utilities,Delhi_NCR,DEV_2727,Android,1,1,4,1124.6,1.11,0,0,0
TX_UPI_102094,2026-08-01 02:39:24,2,CUST_1286,normal,BEN_1652,1935.9,BHIM,@icici,Travel,Pune,DEV_2848,iOS,0,1,6,937.39,2.07,0,1,0
TX_UPI_102095,2026-08-09 18:00:55,18,CUST_1747,normal,BEN_2380,707.09,Paytm,@icici,Grocery,Chennai,DEV_2147,Android,0,1,1,1247.72,0.57,0,0,0
TX_UPI_102096,2026-08-10 19:36:11,19,CUST_1576,normal,BEN_4608,2359.06,iMobile,@okaxis,Peer_to_Peer,Chennai,DEV_1630,Android,0,1,3,1022.06,2.31,0,0,0
TX_UPI_102097,2026-08-08 18:17:54,18,CUST_1057,normal,BEN_6981,2373.43,Cred,@paytm,Peer_to_Peer,Hyderabad,DEV_2346,Android,1,1,5,1184.7,2.0,0,0,0
TX_UPI_102098,2026-08-07 10:00:03,10,CUST_1766,normal,BEN_2366,247.27,BHIM,@paytm,Utilities,Kolkata,DEV_2214,Android,0,1,5,857.01,0.29,0,0,0
TX_UPI_102099,2026-08-02 23:59:12,23,CUST_1734,normal,BEN_3010,292.78,Cred,@okaxis,Peer_to_Peer,Bengaluru,DEV_1315,Android,1,1,3,939.41,0.31,0,0,0
TX_UPI_102100,2026-08-04 14:48:22,14,CUST_1697,normal,BEN_1151,1022.72,BHIM,@upi,Peer_to_Peer,Kolkata,DEV_2028,iOS,0,1,1,1310.12,0.78,0,0,0
TX_UPI_102101,2026-08-09 21:48:44,21,CUST_1287,normal,BEN_1650,2102.15,Cred,@paytm,Travel,Ahmedabad,DEV_1300,iOS,0,1,1,1314.83,1.6,0,0,0
TX_UPI_102102,2026-08-09 14:32:45,14,CUST_1337,normal,BEN_5402,551.58,Cred,@sbi,Travel,Delhi_NCR,DEV_1562,iOS,0,1,5,1063.57,0.52,0,0,0
TX_UPI_102103,2026-08-05 16:21:50,16,CUST_1700,normal,BEN_1985,1223.02,PhonePe,@upi,Peer_to_Peer,Ahmedabad,DEV_2557,iOS,0,1,3,1370.91,0.89,0,0,0
TX_UPI_102104,2026-08-03 17:15:01,17,CUST_1274,normal,BEN_3934,208.33,Cred,@upi,Peer_to_Peer,Chennai,DEV_1147,iOS,0,1,5,1344.32,0.15,0,0,0
TX_UPI_102105,2026-08-06 04:18:18,4,CUST_1243,normal,BEN_5131,1773.07,iMobile,@okaxis,Grocery,Mumbai,DEV_1718,Android,1,1,8,953.05,1.86,0,0,0
TX_UPI_102106,2026-08-09 22:29:39,22,CUST_1335,normal,BEN_3300,1965.84,Cred,@upi,Utilities,Delhi_NCR,DEV_2888,Android,0,1,3,1376.02,1.43,0,0,0
TX_UPI_102107,2026-08-09 01:03:35,1,CUST_1614,normal,BEN_1399,1193.85,PhonePe,@upi,Grocery,Kolkata,DEV_2133,iOS,0,1,3,1393.46,0.86,0,0,0
TX_UPI_102108,2026-08-10 18:19:02,18,CUST_1648,normal,BEN_2671,806.75,Cred,@okaxis,Travel,Pune,DEV_2625,Android,0,1,1,955.96,0.84,1,0,0
TX_UPI_102109,2026-08-06 07:45:40,7,CUST_1765,normal,BEN_4981,1695.23,PhonePe,@paytm,Grocery,Kolkata,DEV_2529,iOS,0,1,6,1106.67,1.53,0,0,0
TX_UPI_102110,2026-08-08 02:37:04,2,CUST_1157,normal,BEN_3189,2254.56,BHIM,@okaxis,Peer_to_Peer,Kolkata,DEV_2752,iOS,0,1,1,973.62,2.32,0,0,0
TX_UPI_102111,2026-08-08 15:14:46,15,CUST_1340,normal,BEN_5697,969.14,iMobile,@ybl,Travel,Kolkata,DEV_2278,iOS,0,1,3,1100.18,0.88,0,0,0
TX_UPI_102112,2026-08-09 23:12:57,23,CUST_1641,normal,BEN_1700,1752.73,iMobile,@ybl,Utilities,Chennai,DEV_1349,Android,0,1,3,1113.37,1.57,0,0,0
TX_UPI_102113,2026-08-01 05:42:42,5,CUST_1689,normal,BEN_2136,1163.9,BHIM,@upi,Travel,Chennai,DEV_2124,iOS,0,1,2,1052.72,1.11,0,0,0
TX_UPI_102114,2026-08-08 18:48:21,18,CUST_1524,normal,BEN_5597,1085.07,Paytm,@paytm,Grocery,Kolkata,DEV_1913,Android,0,1,3,1087.62,1.0,0,0,0
TX_UPI_102115,2026-08-07 19:51:44,19,CUST_1713,normal,BEN_4069,1260.54,Cred,@okaxis,Grocery,Bengaluru,DEV_1989,iOS,0,1,3,1385.45,0.91,0,0,0
TX_UPI_102116,2026-08-08 07:55:55,7,CUST_1799,normal,BEN_3257,264.42,PhonePe,@paytm,Travel,Hyderabad,DEV_1879,Android,0,1,2,1747.19,0.15,0,0,0
TX_UPI_102117,2026-08-06 18:36:24,18,CUST_1278,normal,BEN_3615,369.61,BHIM,@upi,Travel,Kolkata,DEV_1776,iOS,1,1,1,1256.27,0.29,1,0,0
TX_UPI_102118,2026-08-09 14:19:32,14,CUST_1215,normal,BEN_4856,10.0,iMobile,@paytm,Utilities,Hyderabad,DEV_2099,iOS,1,1,3,1595.0,0.01,0,0,0
TX_UPI_102119,2026-08-09 19:26:26,19,CUST_1002,normal,BEN_6684,10.0,Cred,@paytm,Peer_to_Peer,Mumbai,DEV_1829,iOS,0,1,1,720.2,0.01,0,0,0
TX_UPI_102120,2026-08-01 14:50:28,14,CUST_1679,normal,BEN_3066,1918.69,GPay,@okaxis,Travel,Bengaluru,DEV_2317,iOS,0,1,6,956.98,2.0,0,0,0
TX_UPI_102121,2026-08-01 20:54:02,20,CUST_1675,normal,BEN_3886,1746.57,Paytm,@sbi,Grocery,Ahmedabad,DEV_1354,Android,0,1,6,1508.96,1.16,0,0,0
TX_UPI_102122,2026-08-04 06:44:56,6,CUST_1663,normal,BEN_4223,1002.93,iMobile,@sbi,Travel,Ahmedabad,DEV_1195,iOS,0,1,1,882.99,1.14,0,0,0
TX_UPI_102123,2026-08-02 18:06:29,18,CUST_1549,normal,BEN_6522,858.56,Paytm,@paytm,Travel,Chennai,DEV_2708,Android,0,1,3,1034.91,0.83,0,0,0
TX_UPI_102124,2026-08-05 09:28:35,9,CUST_1513,normal,BEN_2272,2095.12,GPay,@sbi,Grocery,Kolkata,DEV_1090,iOS,0,1,6,1038.8,2.02,0,0,0
TX_UPI_102125,2026-08-05 23:34:47,23,CUST_1171,normal,BEN_3462,2078.79,PhonePe,@ybl,Peer_to_Peer,Pune,DEV_1003,iOS,1,1,4,1095.48,1.9,0,0,0
TX_UPI_102126,2026-08-02 03:58:00,3,CUST_1260,normal,BEN_3382,1925.24,iMobile,@upi,Grocery,Ahmedabad,DEV_2995,Android,0,1,4,1573.87,1.22,0,0,0
TX_UPI_102127,2026-08-03 15:08:01,15,CUST_1511,normal,BEN_4780,49.27,Paytm,@paytm,Peer_to_Peer,Kolkata,DEV_1251,Android,0,1,2,1049.64,0.05,0,1,0
TX_UPI_102128,2026-08-09 05:25:29,5,CUST_1031,normal,BEN_1288,1551.56,iMobile,@okaxis,Grocery,Bengaluru,DEV_2535,iOS,0,1,6,1074.14,1.44,0,0,0
TX_UPI_102129,2026-08-06 05:58:04,5,CUST_1717,normal,BEN_1801,62.22,Cred,@ybl,Utilities,Chennai,DEV_2392,iOS,0,1,5,1261.19,0.05,0,0,0
TX_UPI_102130,2026-08-10 08:28:05,8,CUST_1810,normal,BEN_3047,10.0,Cred,@upi,Travel,Ahmedabad,DEV_2386,iOS,0,1,3,698.37,0.01,0,0,0
TX_UPI_102131,2026-08-10 15:43:49,15,CUST_1364,normal,BEN_1473,668.28,iMobile,@icici,Grocery,Kolkata,DEV_2001,Android,0,1,2,1274.22,0.52,0,0,0
TX_UPI_102132,2026-08-03 19:07:59,19,CUST_1820,normal,BEN_3229,1293.46,Paytm,@okaxis,Peer_to_Peer,Hyderabad,DEV_1152,Android,0,1,1,1291.22,1.0,0,0,0
TX_UPI_102133,2026-08-08 10:58:55,10,CUST_1232,normal,BEN_6834,52.96,BHIM,@upi,Grocery,Hyderabad,DEV_1982,iOS,0,1,4,884.64,0.06,0,0,0
TX_UPI_102134,2026-08-04 06:04:09,6,CUST_1532,normal,BEN_4737,907.46,GPay,@ybl,Travel,Mumbai,DEV_2872,Android,0,1,5,1205.15,0.75,0,0,0
TX_UPI_102135,2026-08-02 20:40:17,20,CUST_1399,normal,BEN_6483,2269.58,GPay,@icici,Travel,Delhi_NCR,DEV_1371,iOS,0,1,3,1153.55,1.97,0,0,0
TX_UPI_102136,2026-08-10 16:59:36,16,CUST_1069,normal,BEN_5778,849.81,PhonePe,@icici,Utilities,Kolkata,DEV_2923,iOS,0,1,4,1185.48,0.72,0,0,0
TX_UPI_102137,2026-08-08 14:31:01,14,CUST_1673,normal,BEN_1886,1121.35,PhonePe,@paytm,Utilities,Delhi_NCR,DEV_1169,iOS,0,1,1,1159.55,0.97,0,0,0
TX_UPI_102138,2026-08-10 19:55:59,19,CUST_1633,normal,BEN_3163,1491.65,Paytm,@upi,Utilities,Chennai,DEV_2973,iOS,0,1,2,771.75,1.93,0,0,0
TX_UPI_102139,2026-08-10 22:32:34,22,CUST_1324,suspicious,BEN_1799,54565.82,Paytm,@paytm,Electronics,Bengaluru,DEV_2066,Android,1,1,21,23962.96,2.28,0,0,1
TX_UPI_102140,2026-08-05 15:16:44,15,CUST_1460,normal,BEN_1474,290.37,PhonePe,@icici,Utilities,Mumbai,DEV_1295,iOS,0,1,2,1392.62,0.21,0,0,0
TX_UPI_102141,2026-08-09 18:22:42,18,CUST_1439,normal,BEN_5068,1310.13,Cred,@paytm,Grocery,Bengaluru,DEV_2765,iOS,0,1,2,1202.33,1.09,0,0,0
TX_UPI_102142,2026-08-07 08:06:35,8,CUST_1249,normal,BEN_1488,548.48,PhonePe,@ybl,Peer_to_Peer,Chennai,DEV_2996,iOS,1,1,7,1404.67,0.39,0,0,0
TX_UPI_102143,2026-08-01 00:28:18,0,CUST_1520,normal,BEN_4955,826.74,BHIM,@upi,Peer_to_Peer,Pune,DEV_2859,iOS,0,1,2,451.65,1.83,0,0,0
TX_UPI_102144,2026-08-07 14:17:42,14,CUST_1242,normal,BEN_4958,14.74,BHIM,@upi,Utilities,Delhi_NCR,DEV_1005,iOS,0,1,1,1112.45,0.01,0,0,0
TX_UPI_102145,2026-08-07 01:20:26,1,CUST_1150,normal,BEN_3455,939.01,GPay,@paytm,Utilities,Kolkata,DEV_2345,Android,0,1,1,1012.52,0.93,0,1,0
TX_UPI_102146,2026-08-04 14:36:58,14,CUST_1670,normal,BEN_3445,1604.27,Paytm,@upi,Utilities,Pune,DEV_1956,iOS,0,1,5,624.08,2.57,0,0,0
TX_UPI_102147,2026-08-01 05:57:05,5,CUST_1396,normal,BEN_1126,1097.39,Paytm,@icici,Peer_to_Peer,Mumbai,DEV_2321,iOS,0,1,1,1296.41,0.85,0,0,0
TX_UPI_102148,2026-08-02 11:56:16,11,CUST_1565,normal,BEN_4253,1827.32,GPay,@sbi,Peer_to_Peer,Chennai,DEV_1384,Android,0,1,2,896.15,2.04,0,0,0
TX_UPI_102149,2026-08-02 10:19:51,10,CUST_1340,normal,BEN_2134,830.99,PhonePe,@okaxis,Utilities,Hyderabad,DEV_2492,iOS,0,1,1,1160.63,0.72,0,0,0
TX_UPI_102150,2026-08-06 03:20:12,3,CUST_1585,normal,BEN_3263,981.72,iMobile,@okaxis,Utilities,Ahmedabad,DEV_2623,iOS,0,1,5,816.38,1.2,0,0,0
TX_UPI_102151,2026-08-05 11:12:15,11,CUST_1558,normal,BEN_6091,704.7,PhonePe,@icici,Travel,Pune,DEV_2397,Android,1,1,1,838.97,0.84,0,0,0
TX_UPI_102152,2026-08-06 19:48:55,19,CUST_1318,normal,BEN_6654,254.41,Paytm,@paytm,Travel,Kolkata,DEV_2580,Android,0,1,5,912.42,0.28,0,0,0
TX_UPI_102153,2026-08-10 19:17:27,19,CUST_1783,normal,BEN_5680,1299.34,GPay,@ybl,Grocery,Hyderabad,DEV_1177,Android,0,1,3,775.33,1.68,0,0,0
TX_UPI_102154,2026-08-05 02:42:15,2,CUST_1827,normal,BEN_5038,1065.36,Cred,@upi,Peer_to_Peer,Bengaluru,DEV_2902,iOS,0,1,5,790.14,1.35,1,1,0
TX_UPI_102155,2026-08-01 16:35:51,16,CUST_1586,normal,BEN_6723,1847.29,Paytm,@okaxis,Utilities,Delhi_NCR,DEV_2863,iOS,0,1,2,964.08,1.92,0,0,0
TX_UPI_102156,2026-08-08 15:50:57,15,CUST_1568,normal,BEN_4155,1624.55,Cred,@paytm,Peer_to_Peer,Hyderabad,DEV_1917,Android,1,1,2,1089.02,1.49,0,0,0
TX_UPI_102157,2026-08-09 02:20:42,2,CUST_1446,normal,BEN_3540,948.25,GPay,@okaxis,Peer_to_Peer,Kolkata,DEV_1459,iOS,0,1,4,508.62,1.86,0,0,0
TX_UPI_102158,2026-08-09 02:39:19,2,CUST_1238,normal,BEN_2864,10.0,GPay,@sbi,Peer_to_Peer,Ahmedabad,DEV_1091,Android,0,1,5,1328.92,0.01,0,0,0
TX_UPI_102159,2026-08-10 03:53:21,3,CUST_1511,normal,BEN_5446,471.61,Paytm,@paytm,Peer_to_Peer,Bengaluru,DEV_1618,Android,0,1,3,1150.73,0.41,0,0,0
TX_UPI_102160,2026-08-03 15:16:08,15,CUST_1119,normal,BEN_3792,1754.57,Cred,@okaxis,Travel,Chennai,DEV_1040,iOS,0,1,1,867.35,2.02,0,0,0
TX_UPI_102161,2026-08-09 17:10:02,17,CUST_1306,normal,BEN_1419,933.94,BHIM,@upi,Peer_to_Peer,Bengaluru,DEV_1220,Android,0,1,5,1679.62,0.56,0,0,0
TX_UPI_102162,2026-08-09 04:12:12,4,CUST_1761,normal,BEN_5192,1017.6,Paytm,@upi,Utilities,Chennai,DEV_1306,iOS,0,1,1,1176.54,0.86,0,0,0
TX_UPI_102163,2026-08-05 02:24:24,2,CUST_1274,normal,BEN_5157,2256.8,iMobile,@okaxis,Peer_to_Peer,Hyderabad,DEV_2246,Android,0,1,4,862.4,2.62,0,0,0
TX_UPI_102164,2026-08-06 06:22:29,6,CUST_1388,normal,BEN_2789,1966.4,iMobile,@icici,Peer_to_Peer,Delhi_NCR,DEV_1138,iOS,0,1,5,833.74,2.36,0,0,0
TX_UPI_102165,2026-08-06 12:52:56,12,CUST_1449,normal,BEN_6359,1505.14,Cred,@paytm,Utilities,Ahmedabad,DEV_2550,Android,0,1,5,1363.65,1.1,0,0,0
TX_UPI_102166,2026-08-08 03:38:03,3,CUST_1188,normal,BEN_4586,1146.84,iMobile,@upi,Peer_to_Peer,Bengaluru,DEV_1112,Android,0,1,3,1374.55,0.83,0,0,0
TX_UPI_102167,2026-08-09 00:26:22,0,CUST_1812,normal,BEN_2343,231.87,GPay,@upi,Utilities,Delhi_NCR,DEV_1413,iOS,0,1,4,751.19,0.31,0,0,0
TX_UPI_102168,2026-08-08 03:40:16,3,CUST_1235,normal,BEN_4286,2052.3,Paytm,@paytm,Peer_to_Peer,Kolkata,DEV_2612,Android,0,1,3,1384.46,1.48,0,0,0
TX_UPI_102169,2026-08-04 03:19:11,3,CUST_1724,normal,BEN_3816,1593.13,PhonePe,@sbi,Travel,Mumbai,DEV_2253,iOS,0,1,1,1421.91,1.12,0,0,0
TX_UPI_102170,2026-08-08 06:24:32,6,CUST_1312,normal,BEN_6860,2441.0,GPay,@ybl,Travel,Chennai,DEV_1987,Android,1,1,5,897.22,2.72,0,0,0
TX_UPI_102171,2026-08-07 17:51:19,17,CUST_1344,normal,BEN_1873,955.19,Paytm,@icici,Grocery,Ahmedabad,DEV_1502,iOS,0,1,4,911.11,1.05,0,0,0
TX_UPI_102172,2026-08-05 09:28:19,9,CUST_1358,normal,BEN_4637,2553.88,Paytm,@ybl,Grocery,Mumbai,DEV_1507,iOS,0,1,4,431.2,5.92,0,0,0
TX_UPI_102173,2026-08-06 03:34:46,3,CUST_1563,normal,BEN_6560,1471.48,Cred,@sbi,Grocery,Ahmedabad,DEV_1056,iOS,0,1,3,1062.02,1.39,0,0,0
TX_UPI_102174,2026-08-01 21:53:31,21,CUST_1492,normal,BEN_4397,905.1,GPay,@okaxis,Peer_to_Peer,Chennai,DEV_2975,iOS,0,1,5,1348.73,0.67,0,0,0
TX_UPI_102175,2026-08-10 10:14:26,10,CUST_1495,normal,BEN_6731,1426.44,PhonePe,@icici,Peer_to_Peer,Ahmedabad,DEV_2692,Android,0,1,3,1070.08,1.33,0,0,0
TX_UPI_102176,2026-08-10 22:05:41,22,CUST_1115,normal,BEN_1940,1215.68,BHIM,@sbi,Grocery,Kolkata,DEV_1615,iOS,0,1,2,1218.94,1.0,0,0,0
TX_UPI_102177,2026-08-01 05:38:47,5,CUST_1331,normal,BEN_4994,1568.03,GPay,@sbi,Utilities,Mumbai,DEV_2079,Android,0,1,7,1381.28,1.14,0,1,0
TX_UPI_102178,2026-08-08 23:05:53,23,CUST_1770,normal,BEN_4002,651.46,GPay,@okaxis,Utilities,Ahmedabad,DEV_1609,iOS,1,1,5,851.77,0.76,0,0,0
TX_UPI_102179,2026-08-09 10:46:33,10,CUST_1069,normal,BEN_4821,1756.75,GPay,@paytm,Peer_to_Peer,Kolkata,DEV_1269,iOS,0,1,2,834.42,2.11,0,0,0
TX_UPI_102180,2026-08-07 22:21:36,22,CUST_1458,normal,BEN_6908,1424.04,Paytm,@paytm,Utilities,Delhi_NCR,DEV_1470,Android,0,1,1,659.77,2.16,0,0,0
TX_UPI_102181,2026-08-07 22:51:32,22,CUST_1381,normal,BEN_5549,1058.01,Cred,@upi,Grocery,Delhi_NCR,DEV_2410,Android,0,1,4,991.36,1.07,0,0,0
TX_UPI_102182,2026-08-05 01:44:33,1,CUST_1456,normal,BEN_4976,10.0,Cred,@ybl,Grocery,Hyderabad,DEV_1821,Android,0,1,2,1173.89,0.01,0,0,0
TX_UPI_102183,2026-08-06 14:04:23,14,CUST_1007,normal,BEN_4541,1665.43,GPay,@paytm,Grocery,Mumbai,DEV_2158,Android,0,1,3,1357.64,1.23,0,0,0
TX_UPI_102184,2026-08-05 06:03:38,6,CUST_1075,normal,BEN_5606,1517.92,Cred,@ybl,Utilities,Mumbai,DEV_2737,Android,0,1,2,1012.68,1.5,0,0,0
TX_UPI_102185,2026-08-06 11:03:40,11,CUST_1003,normal,BEN_3789,77.71,Paytm,@icici,Travel,Hyderabad,DEV_2199,iOS,0,1,3,1346.9,0.06,0,0,0
TX_UPI_102186,2026-08-10 20:05:27,20,CUST_1127,normal,BEN_3313,1748.23,GPay,@upi,Peer_to_Peer,Hyderabad,DEV_1170,iOS,0,1,6,1007.31,1.74,0,0,0
TX_UPI_102187,2026-08-02 08:14:36,8,CUST_1810,normal,BEN_2951,2276.88,Paytm,@ybl,Utilities,Pune,DEV_2693,iOS,0,1,3,1433.18,1.59,0,0,0
TX_UPI_102188,2026-08-03 03:47:34,3,CUST_1307,normal,BEN_6290,1182.51,iMobile,@icici,Travel,Ahmedabad,DEV_1482,iOS,0,1,5,1434.03,0.82,0,0,0
TX_UPI_102189,2026-08-08 17:03:39,17,CUST_1313,normal,BEN_4788,1045.26,PhonePe,@sbi,Peer_to_Peer,Chennai,DEV_2275,iOS,0,1,4,1389.33,0.75,0,0,0
TX_UPI_102190,2026-08-05 22:17:07,22,CUST_1770,normal,BEN_2283,1093.6,iMobile,@paytm,Grocery,Hyderabad,DEV_2709,Android,0,1,1,1594.32,0.69,0,0,0
TX_UPI_102191,2026-08-02 12:30:50,12,CUST_1300,normal,BEN_1250,824.19,BHIM,@icici,Travel,Kolkata,DEV_2283,Android,0,1,4,1357.44,0.61,1,0,0
TX_UPI_102192,2026-08-06 19:11:35,19,CUST_1425,normal,BEN_6689,713.2,PhonePe,@paytm,Utilities,Delhi_NCR,DEV_1782,iOS,0,1,1,1140.9,0.63,0,0,0
TX_UPI_102193,2026-08-03 16:19:10,16,CUST_1422,normal,BEN_3198,10.0,Cred,@ybl,Travel,Mumbai,DEV_2470,Android,0,1,3,1138.81,0.01,0,0,0
TX_UPI_102194,2026-08-03 22:24:28,22,CUST_1111,normal,BEN_2493,984.04,iMobile,@okaxis,Travel,Ahmedabad,DEV_2678,Android,0,1,1,1462.6,0.67,0,0,0
TX_UPI_102195,2026-08-10 13:30:35,13,CUST_1013,normal,BEN_6000,1282.83,GPay,@sbi,Travel,Bengaluru,DEV_1257,iOS,0,1,6,1017.59,1.26,0,0,0
TX_UPI_102196,2026-08-04 17:10:47,17,CUST_1167,normal,BEN_4418,495.99,PhonePe,@icici,Grocery,Hyderabad,DEV_2262,iOS,0,1,4,1028.21,0.48,0,0,0
TX_UPI_102197,2026-08-04 00:35:01,0,CUST_1609,normal,BEN_2339,257.79,GPay,@ybl,Grocery,Delhi_NCR,DEV_2575,iOS,0,1,6,930.66,0.28,0,0,0
TX_UPI_102198,2026-08-03 11:04:03,11,CUST_1146,normal,BEN_6211,10.0,Cred,@icici,Travel,Mumbai,DEV_2440,Android,0,1,6,958.97,0.01,0,0,0
TX_UPI_102199,2026-08-06 11:32:27,11,CUST_1515,normal,BEN_6395,713.74,BHIM,@ybl,Grocery,Chennai,DEV_1532,iOS,0,1,1,1497.83,0.48,0,0,0
TX_UPI_102200,2026-08-06 23:30:43,23,CUST_1613,normal,BEN_3979,168.42,PhonePe,@sbi,Travel,Mumbai,DEV_1907,iOS,0,1,4,1299.03,0.13,0,0,0
TX_UPI_102201,2026-08-09 07:12:11,7,CUST_1588,normal,BEN_2736,1537.37,BHIM,@icici,Travel,Mumbai,DEV_1654,iOS,0,1,3,671.6,2.29,0,0,0
TX_UPI_102202,2026-08-06 16:33:02,16,CUST_1571,normal,BEN_3032,552.22,iMobile,@ybl,Grocery,Chennai,DEV_1405,iOS,0,1,4,891.08,0.62,0,0,0
TX_UPI_102203,2026-08-03 19:42:14,19,CUST_1283,normal,BEN_2884,1362.69,Paytm,@ybl,Peer_to_Peer,Hyderabad,DEV_1370,Android,1,1,5,1311.0,1.04,0,0,0
TX_UPI_102204,2026-08-01 06:18:09,6,CUST_1648,normal,BEN_4757,219.06,Cred,@icici,Grocery,Chennai,DEV_2463,Android,0,1,8,1264.2,0.17,0,0,0
TX_UPI_102205,2026-08-02 12:33:30,12,CUST_1254,normal,BEN_6805,1198.63,PhonePe,@paytm,Grocery,Bengaluru,DEV_1998,Android,0,1,6,1647.7,0.73,0,0,0
TX_UPI_102206,2026-08-04 05:42:11,5,CUST_1649,normal,BEN_6305,49.02,iMobile,@okaxis,Grocery,Pune,DEV_1311,Android,0,1,3,509.18,0.1,0,0,0
TX_UPI_102207,2026-08-08 12:46:38,12,CUST_1160,normal,BEN_2905,1354.12,Paytm,@paytm,Grocery,Bengaluru,DEV_1656,Android,0,1,4,1070.6,1.26,0,0,0
TX_UPI_102208,2026-08-04 00:39:44,0,CUST_1750,normal,BEN_6640,676.37,Paytm,@okaxis,Peer_to_Peer,Chennai,DEV_2493,Android,0,1,1,1169.65,0.58,0,0,0
TX_UPI_102209,2026-08-09 09:33:41,9,CUST_1509,normal,BEN_4213,2364.35,Paytm,@paytm,Utilities,Ahmedabad,DEV_2831,Android,0,1,2,1185.61,1.99,0,0,0
TX_UPI_102210,2026-08-05 23:17:55,23,CUST_1251,normal,BEN_1609,10.0,GPay,@upi,Peer_to_Peer,Bengaluru,DEV_1274,iOS,0,1,4,985.59,0.01,0,0,0
TX_UPI_102211,2026-08-02 14:16:47,14,CUST_1009,suspicious,BEN_1340,14276.48,GPay,@upi,Electronics,Kolkata,DEV_1640,Android,1,1,11,23074.5,0.62,1,0,1
TX_UPI_102212,2026-08-06 02:20:30,2,CUST_1609,normal,BEN_6618,1505.95,BHIM,@upi,Grocery,Bengaluru,DEV_1388,iOS,0,1,1,984.69,1.53,1,0,0
TX_UPI_102213,2026-08-08 04:40:59,4,CUST_1038,normal,BEN_4420,1166.82,GPay,@okaxis,Peer_to_Peer,Bengaluru,DEV_2567,iOS,0,1,1,1511.2,0.77,0,0,0
TX_UPI_102214,2026-08-07 08:45:20,8,CUST_1512,normal,BEN_4200,517.2,Cred,@okaxis,Peer_to_Peer,Hyderabad,DEV_1575,Android,0,1,2,845.21,0.61,0,0,0
TX_UPI_102215,2026-08-06 17:48:35,17,CUST_1724,normal,BEN_6611,2638.78,Cred,@sbi,Grocery,Chennai,DEV_2080,Android,0,1,5,855.22,3.09,0,0,0
TX_UPI_102216,2026-08-05 15:12:36,15,CUST_1342,suspicious,BEN_2442,47912.17,BHIM,@icici,Jewelry,Delhi_NCR,DEV_1980,iOS,1,1,19,26589.17,1.8,0,0,1
TX_UPI_102217,2026-08-09 18:52:51,18,CUST_1653,normal,BEN_6179,924.42,Cred,@okaxis,Utilities,Pune,DEV_1316,iOS,0,1,2,1161.06,0.8,0,1,0
TX_UPI_102218,2026-08-09 15:21:43,15,CUST_1799,normal,BEN_4279,763.93,GPay,@icici,Travel,Hyderabad,DEV_2574,Android,0,1,7,775.37,0.99,0,0,0
TX_UPI_102219,2026-08-04 02:21:44,2,CUST_1354,normal,BEN_1650,2428.93,Paytm,@icici,Peer_to_Peer,Hyderabad,DEV_1945,iOS,0,1,3,1151.78,2.11,0,0,0
TX_UPI_102220,2026-08-09 18:39:08,18,CUST_1427,mule,BEN_5025,51663.16,BHIM,@paytm,Electronics,Bengaluru,DEV_2562,iOS,1,1,18,36685.49,1.41,1,1,1
TX_UPI_102221,2026-08-10 15:44:12,15,CUST_1374,normal,BEN_1732,10.0,BHIM,@ybl,Utilities,Pune,DEV_2896,Android,0,1,2,858.22,0.01,0,0,0
TX_UPI_102222,2026-08-01 09:25:44,9,CUST_1137,normal,BEN_2752,197.2,Paytm,@icici,Grocery,Chennai,DEV_1678,iOS,0,1,3,1172.58,0.17,0,0,0
TX_UPI_102223,2026-08-02 04:57:31,4,CUST_1387,normal,BEN_2317,1762.13,BHIM,@sbi,Utilities,Ahmedabad,DEV_2212,Android,1,1,4,920.23,1.91,0,0,0
TX_UPI_102224,2026-08-02 06:08:43,6,CUST_1147,normal,BEN_4071,1495.21,Paytm,@sbi,Travel,Mumbai,DEV_2953,Android,0,1,4,1304.65,1.15,0,0,0
TX_UPI_102225,2026-08-01 09:07:53,9,CUST_1519,normal,BEN_5063,1821.55,iMobile,@sbi,Travel,Mumbai,DEV_2163,Android,0,1,4,864.66,2.11,0,0,0
TX_UPI_102226,2026-08-05 18:05:56,18,CUST_1219,normal,BEN_2800,677.64,GPay,@ybl,Utilities,Pune,DEV_2077,Android,1,1,2,1004.34,0.67,1,0,0
TX_UPI_102227,2026-08-08 11:09:26,11,CUST_1314,normal,BEN_6848,1414.44,Cred,@ybl,Peer_to_Peer,Mumbai,DEV_2416,iOS,0,1,5,1067.73,1.32,0,0,0
TX_UPI_102228,2026-08-04 07:04:16,7,CUST_1423,normal,BEN_1817,1212.9,BHIM,@ybl,Peer_to_Peer,Ahmedabad,DEV_1735,Android,0,1,4,956.18,1.27,0,0,0
TX_UPI_102229,2026-08-08 16:02:08,16,CUST_1413,normal,BEN_1306,459.69,GPay,@okaxis,Peer_to_Peer,Delhi_NCR,DEV_1511,Android,0,1,1,913.16,0.5,0,0,0
TX_UPI_102230,2026-08-02 05:44:03,5,CUST_1188,normal,BEN_3149,1578.52,Paytm,@okaxis,Grocery,Chennai,DEV_2691,Android,0,1,2,1022.93,1.54,0,0,0
TX_UPI_102231,2026-08-06 00:14:30,0,CUST_1412,normal,BEN_5744,1573.15,BHIM,@okaxis,Grocery,Bengaluru,DEV_1445,Android,0,1,5,820.91,1.92,0,0,0
TX_UPI_102232,2026-08-05 15:09:14,15,CUST_1818,normal,BEN_4880,1997.65,PhonePe,@upi,Travel,Bengaluru,DEV_1287,iOS,0,1,6,808.84,2.47,0,0,0
TX_UPI_102233,2026-08-02 21:13:56,21,CUST_1015,normal,BEN_5396,540.93,PhonePe,@ybl,Peer_to_Peer,Pune,DEV_1514,Android,0,1,6,1044.76,0.52,0,0,0
TX_UPI_102234,2026-08-01 22:22:20,22,CUST_1307,normal,BEN_1900,10.0,Paytm,@okaxis,Grocery,Hyderabad,DEV_2715,Android,1,1,1,1020.15,0.01,0,0,0
TX_UPI_102235,2026-08-10 13:31:03,13,CUST_1124,mule,BEN_1698,11739.15,Cred,@ybl,Jewelry,Kolkata,DEV_1784,Android,1,1,20,31694.38,0.37,0,1,1
TX_UPI_102236,2026-08-10 00:48:35,0,CUST_1127,normal,BEN_4099,2369.8,GPay,@icici,Peer_to_Peer,Delhi_NCR,DEV_2734,iOS,0,1,3,1337.41,1.77,0,0,0
TX_UPI_102237,2026-08-07 16:50:35,16,CUST_1685,normal,BEN_3144,2343.01,PhonePe,@paytm,Grocery,Bengaluru,DEV_1451,Android,1,1,6,1148.34,2.04,0,0,0
TX_UPI_102238,2026-08-07 19:48:00,19,CUST_1648,normal,BEN_1703,10.0,GPay,@paytm,Grocery,Mumbai,DEV_2887,iOS,0,1,4,1331.62,0.01,0,0,0
TX_UPI_102239,2026-08-06 11:11:56,11,CUST_1039,normal,BEN_3251,1135.15,Cred,@paytm,Travel,Kolkata,DEV_2172,Android,0,1,7,1286.36,0.88,0,0,0
TX_UPI_102240,2026-08-07 02:36:18,2,CUST_1469,normal,BEN_1856,1654.62,Cred,@ybl,Travel,Bengaluru,DEV_1405,Android,0,1,6,1160.01,1.43,0,0,0
TX_UPI_102241,2026-08-10 06:41:50,6,CUST_1156,normal,BEN_1447,10.0,BHIM,@paytm,Peer_to_Peer,Ahmedabad,DEV_2619,iOS,0,1,3,1367.32,0.01,0,0,0
TX_UPI_102242,2026-08-08 12:04:28,12,CUST_1642,normal,BEN_2881,553.93,Cred,@icici,Travel,Ahmedabad,DEV_2237,Android,1,1,3,829.24,0.67,0,0,0
TX_UPI_102243,2026-08-10 21:37:29,21,CUST_1645,normal,BEN_4156,2627.14,BHIM,@paytm,Utilities,Bengaluru,DEV_2706,Android,0,1,7,867.87,3.03,0,0,0
TX_UPI_102244,2026-08-09 12:42:43,12,CUST_1661,normal,BEN_4248,1317.84,Cred,@okaxis,Peer_to_Peer,Chennai,DEV_2895,iOS,0,1,2,1227.59,1.07,0,1,0
TX_UPI_102245,2026-08-04 14:01:08,14,CUST_1416,normal,BEN_1306,1607.75,GPay,@ybl,Peer_to_Peer,Chennai,DEV_1811,Android,0,1,5,1159.66,1.39,0,0,0
TX_UPI_102246,2026-08-04 15:28:21,15,CUST_1574,normal,BEN_1568,3548.32,BHIM,@sbi,Grocery,Pune,DEV_2058,iOS,0,1,1,669.46,5.3,0,0,0
TX_UPI_102247,2026-08-06 12:49:05,12,CUST_1817,normal,BEN_2817,885.53,BHIM,@okaxis,Utilities,Bengaluru,DEV_1995,iOS,0,1,1,721.81,1.23,0,0,0
TX_UPI_102248,2026-08-01 10:46:08,10,CUST_1454,normal,BEN_1873,398.95,Cred,@okaxis,Travel,Bengaluru,DEV_1905,Android,0,1,2,850.89,0.47,0,0,0
TX_UPI_102249,2026-08-03 01:34:49,1,CUST_1095,normal,BEN_3921,1614.58,Paytm,@paytm,Utilities,Pune,DEV_2934,Android,0,1,2,1036.92,1.56,0,0,0
TX_UPI_102250,2026-08-07 07:09:52,7,CUST_1310,normal,BEN_2325,1915.39,iMobile,@icici,Utilities,Kolkata,DEV_1766,iOS,0,1,2,1016.51,1.88,0,0,0
TX_UPI_102251,2026-08-05 08:54:49,8,CUST_1249,normal,BEN_6132,1492.61,GPay,@okaxis,Peer_to_Peer,Pune,DEV_1787,Android,0,1,1,507.62,2.94,0,0,0
TX_UPI_102252,2026-08-06 12:55:30,12,CUST_1241,normal,BEN_4502,1476.89,GPay,@upi,Utilities,Hyderabad,DEV_2563,iOS,0,1,4,1575.41,0.94,0,0,0
TX_UPI_102253,2026-08-03 09:06:40,9,CUST_1811,normal,BEN_3699,1326.48,iMobile,@icici,Peer_to_Peer,Chennai,DEV_2756,iOS,0,1,5,1033.09,1.28,0,0,0
TX_UPI_102254,2026-08-09 01:20:25,1,CUST_1094,normal,BEN_5722,1437.78,Paytm,@sbi,Peer_to_Peer,Bengaluru,DEV_1560,Android,0,1,7,570.24,2.52,0,0,0
TX_UPI_102255,2026-08-01 09:43:19,9,CUST_1440,normal,BEN_2875,1530.89,GPay,@paytm,Grocery,Chennai,DEV_1978,Android,0,1,8,1147.69,1.33,0,0,0
TX_UPI_102256,2026-08-05 02:44:28,2,CUST_1025,normal,BEN_3154,2520.46,BHIM,@sbi,Peer_to_Peer,Hyderabad,DEV_2536,iOS,0,1,2,1072.31,2.35,0,0,0
TX_UPI_102257,2026-08-04 14:12:27,14,CUST_1678,normal,BEN_1040,1226.82,iMobile,@sbi,Utilities,Chennai,DEV_1995,iOS,0,1,1,799.64,1.53,0,0,0
TX_UPI_102258,2026-08-02 04:51:08,4,CUST_1741,normal,BEN_3639,322.5,Cred,@upi,Utilities,Kolkata,DEV_1741,Android,0,1,5,1289.32,0.25,0,0,0
TX_UPI_102259,2026-08-01 15:36:39,15,CUST_1007,normal,BEN_1453,1459.23,GPay,@sbi,Peer_to_Peer,Bengaluru,DEV_2366,Android,0,1,5,1040.6,1.4,0,0,0
TX_UPI_102260,2026-08-04 03:07:31,3,CUST_1806,normal,BEN_1718,2161.55,Paytm,@sbi,Utilities,Bengaluru,DEV_2940,Android,1,1,4,1093.89,1.98,0,0,0
TX_UPI_102261,2026-08-03 08:16:43,8,CUST_1543,suspicious,BEN_6573,23219.33,Paytm,@sbi,Peer_to_Peer,Kolkata,DEV_2565,Android,0,1,23,22925.53,1.01,0,1,1
TX_UPI_102262,2026-08-03 09:16:34,9,CUST_1690,normal,BEN_3149,1981.15,PhonePe,@okaxis,Utilities,Mumbai,DEV_2362,iOS,0,1,1,816.26,2.43,0,0,0
TX_UPI_102263,2026-08-06 00:12:18,0,CUST_1371,normal,BEN_2134,1749.94,Paytm,@sbi,Utilities,Kolkata,DEV_2240,Android,1,1,3,971.07,1.8,0,0,0
TX_UPI_102264,2026-08-03 14:08:05,14,CUST_1768,normal,BEN_4937,1912.05,GPay,@icici,Grocery,Kolkata,DEV_1248,iOS,0,1,2,1031.95,1.85,0,0,0
TX_UPI_102265,2026-08-06 00:25:44,0,CUST_1268,normal,BEN_5151,2319.38,GPay,@sbi,Peer_to_Peer,Kolkata,DEV_1867,Android,0,1,7,1457.38,1.59,0,0,0
TX_UPI_102266,2026-08-01 04:21:16,4,CUST_1249,normal,BEN_2471,974.3,PhonePe,@ybl,Peer_to_Peer,Bengaluru,DEV_2348,Android,0,1,6,852.25,1.14,0,0,0
TX_UPI_102267,2026-08-02 05:37:19,5,CUST_1179,normal,BEN_3130,474.48,BHIM,@icici,Utilities,Hyderabad,DEV_2194,iOS,0,1,1,1481.49,0.32,0,0,0
TX_UPI_102268,2026-08-08 11:06:10,11,CUST_1424,normal,BEN_3034,508.82,Paytm,@paytm,Peer_to_Peer,Pune,DEV_2556,iOS,0,1,3,861.52,0.59,0,0,0
TX_UPI_102269,2026-08-02 09:49:48,9,CUST_1076,normal,BEN_3109,1756.13,Paytm,@ybl,Peer_to_Peer,Hyderabad,DEV_1872,Android,0,1,3,766.84,2.29,1,0,0
TX_UPI_102270,2026-08-05 01:16:05,1,CUST_1324,suspicious,BEN_2367,35949.93,iMobile,@paytm,Electronics,Mumbai,DEV_2430,iOS,1,1,6,20678.01,1.74,0,1,1
TX_UPI_102271,2026-08-09 08:25:20,8,CUST_1155,normal,BEN_2928,10.0,GPay,@sbi,Peer_to_Peer,Pune,DEV_2953,iOS,1,1,1,1122.85,0.01,0,0,0
TX_UPI_102272,2026-08-01 06:32:59,6,CUST_1221,normal,BEN_5384,10.0,PhonePe,@ybl,Peer_to_Peer,Chennai,DEV_1148,iOS,0,1,1,1079.43,0.01,0,0,0
TX_UPI_102273,2026-08-03 18:13:43,18,CUST_1738,normal,BEN_5004,765.11,BHIM,@icici,Utilities,Hyderabad,DEV_3000,iOS,0,1,7,1520.14,0.5,0,0,0
TX_UPI_102274,2026-08-06 11:29:28,11,CUST_1275,normal,BEN_6532,505.66,iMobile,@okaxis,Peer_to_Peer,Bengaluru,DEV_1981,Android,0,1,5,1259.83,0.4,0,1,0
TX_UPI_102275,2026-08-05 07:26:37,7,CUST_1402,normal,BEN_2313,722.02,iMobile,@upi,Utilities,Kolkata,DEV_1211,Android,0,1,1,1077.05,0.67,0,0,0
TX_UPI_102276,2026-08-01 04:11:53,4,CUST_1556,normal,BEN_5162,1061.72,GPay,@paytm,Utilities,Kolkata,DEV_1065,Android,0,1,3,1186.16,0.9,0,0,0
TX_UPI_102277,2026-08-03 17:00:12,17,CUST_1175,normal,BEN_2407,599.42,GPay,@okaxis,Travel,Ahmedabad,DEV_1170,Android,0,1,1,1106.18,0.54,0,0,0
TX_UPI_102278,2026-08-02 19:30:00,19,CUST_1188,normal,BEN_6055,1508.78,GPay,@upi,Travel,Delhi_NCR,DEV_1131,Android,1,1,1,1302.74,1.16,0,0,0
TX_UPI_102279,2026-08-01 20:12:03,20,CUST_1447,normal,BEN_6719,10.0,iMobile,@sbi,Utilities,Delhi_NCR,DEV_2255,iOS,0,1,2,1018.08,0.01,0,0,0
TX_UPI_102280,2026-08-09 20:49:14,20,CUST_1335,normal,BEN_3977,691.02,Paytm,@paytm,Travel,Bengaluru,DEV_1037,Android,1,1,2,1529.06,0.45,0,0,0
TX_UPI_102281,2026-08-02 13:31:18,13,CUST_1439,normal,BEN_4427,519.29,PhonePe,@ybl,Utilities,Mumbai,DEV_1429,Android,0,1,8,1184.91,0.44,0,0,0
TX_UPI_102282,2026-08-07 10:04:01,10,CUST_1236,normal,BEN_2166,1273.64,GPay,@sbi,Utilities,Hyderabad,DEV_2398,iOS,0,1,4,1687.18,0.75,0,0,0
TX_UPI_102283,2026-08-06 06:37:36,6,CUST_1785,normal,BEN_4404,405.13,Cred,@ybl,Peer_to_Peer,Mumbai,DEV_2784,Android,0,1,1,898.83,0.45,0,0,0
TX_UPI_102284,2026-08-07 18:34:24,18,CUST_1482,normal,BEN_2690,1225.71,iMobile,@sbi,Grocery,Pune,DEV_1509,Android,0,1,1,1085.36,1.13,0,0,0
TX_UPI_102285,2026-08-06 06:57:48,6,CUST_1400,normal,BEN_6617,2554.84,Paytm,@icici,Grocery,Ahmedabad,DEV_1062,Android,0,1,4,1009.76,2.53,0,0,0
TX_UPI_102286,2026-08-08 23:02:28,23,CUST_1097,normal,BEN_4382,705.47,BHIM,@upi,Grocery,Pune,DEV_2188,Android,0,1,5,881.8,0.8,1,0,0
TX_UPI_102287,2026-08-01 01:46:06,1,CUST_1325,normal,BEN_6986,2677.12,GPay,@sbi,Travel,Kolkata,DEV_1202,iOS,0,1,7,1141.62,2.35,0,0,0
TX_UPI_102288,2026-08-09 11:20:43,11,CUST_1250,normal,BEN_5122,1190.79,iMobile,@ybl,Travel,Delhi_NCR,DEV_1664,Android,0,1,6,1342.75,0.89,0,0,0
TX_UPI_102289,2026-08-04 06:56:18,6,CUST_1757,normal,BEN_2428,555.21,GPay,@sbi,Grocery,Pune,DEV_1828,iOS,0,1,2,762.64,0.73,0,0,0
TX_UPI_102290,2026-08-02 01:19:22,1,CUST_1118,normal,BEN_6618,1527.25,Paytm,@ybl,Utilities,Chennai,DEV_2037,iOS,0,1,5,756.02,2.02,0,0,0
TX_UPI_102291,2026-08-03 16:23:06,16,CUST_1084,normal,BEN_3086,835.84,BHIM,@paytm,Grocery,Mumbai,DEV_1040,Android,0,1,1,864.29,0.97,0,0,0
TX_UPI_102292,2026-08-08 04:43:34,4,CUST_1482,normal,BEN_3535,1640.81,GPay,@icici,Travel,Kolkata,DEV_2636,Android,0,1,2,1007.8,1.63,0,0,0
TX_UPI_102293,2026-08-04 23:40:32,23,CUST_1708,normal,BEN_3670,10.0,Paytm,@sbi,Peer_to_Peer,Chennai,DEV_1092,Android,0,1,4,1069.37,0.01,0,0,0
TX_UPI_102294,2026-08-02 01:42:30,1,CUST_1109,normal,BEN_6805,616.83,iMobile,@ybl,Travel,Ahmedabad,DEV_1037,Android,0,1,3,1123.27,0.55,0,0,0
TX_UPI_102295,2026-08-09 06:53:17,6,CUST_1106,normal,BEN_5346,548.11,GPay,@upi,Travel,Mumbai,DEV_2982,iOS,0,1,1,1513.34,0.36,0,0,0
TX_UPI_102296,2026-08-03 00:54:02,0,CUST_1185,normal,BEN_5273,693.38,GPay,@ybl,Travel,Hyderabad,DEV_2452,iOS,0,1,3,1322.6,0.52,1,0,0
TX_UPI_102297,2026-08-09 06:17:07,6,CUST_1766,normal,BEN_5061,4023.24,GPay,@ybl,Peer_to_Peer,Hyderabad,DEV_2406,Android,0,1,1,1187.96,3.39,0,0,0
TX_UPI_102298,2026-08-08 05:07:47,5,CUST_1129,normal,BEN_1398,633.96,BHIM,@okaxis,Peer_to_Peer,Chennai,DEV_2914,iOS,0,1,2,907.15,0.7,0,0,0
TX_UPI_102299,2026-08-07 07:11:02,7,CUST_1692,normal,BEN_6340,299.48,Paytm,@ybl,Peer_to_Peer,Chennai,DEV_2049,iOS,0,1,3,726.12,0.41,0,0,0
TX_UPI_102300,2026-08-03 22:41:42,22,CUST_1052,normal,BEN_2943,1957.45,iMobile,@icici,Travel,Mumbai,DEV_1963,Android,0,1,4,1181.38,1.66,0,0,0
TX_UPI_102301,2026-08-04 19:03:39,19,CUST_1473,normal,BEN_1903,827.05,iMobile,@sbi,Utilities,Pune,DEV_1567,iOS,1,1,3,1149.02,0.72,0,0,0
TX_UPI_102302,2026-08-02 15:26:56,15,CUST_1394,mule,BEN_4702,11718.99,iMobile,@paytm,Jewelry,Pune,DEV_1609,Android,0,1,21,26342.32,0.44,1,1,1
TX_UPI_102303,2026-08-05 03:17:21,3,CUST_1593,normal,BEN_6133,487.54,iMobile,@icici,Peer_to_Peer,Hyderabad,DEV_2955,iOS,0,1,1,1401.44,0.35,0,0,0
TX_UPI_102304,2026-08-04 19:31:29,19,CUST_1461,normal,BEN_6455,650.77,Cred,@ybl,Utilities,Ahmedabad,DEV_1853,iOS,0,1,6,1336.51,0.49,0,0,0
TX_UPI_102305,2026-08-09 05:14:45,5,CUST_1039,normal,BEN_6342,171.2,BHIM,@sbi,Peer_to_Peer,Hyderabad,DEV_1906,Android,0,1,1,1694.52,0.1,0,0,0
TX_UPI_102306,2026-08-09 07:50:09,7,CUST_1652,normal,BEN_5160,2600.74,PhonePe,@paytm,Travel,Mumbai,DEV_2007,Android,0,1,3,1141.77,2.28,0,0,0
TX_UPI_102307,2026-08-03 20:49:34,20,CUST_1193,normal,BEN_5541,695.32,BHIM,@icici,Utilities,Chennai,DEV_2953,Android,0,1,4,907.88,0.77,0,0,0
TX_UPI_102308,2026-08-09 07:02:52,7,CUST_1820,normal,BEN_2948,10.0,BHIM,@paytm,Peer_to_Peer,Hyderabad,DEV_1939,Android,0,1,1,1085.06,0.01,0,0,0
TX_UPI_102309,2026-08-08 05:05:01,5,CUST_1706,normal,BEN_3194,295.15,GPay,@ybl,Grocery,Delhi_NCR,DEV_1503,Android,1,1,3,822.08,0.36,0,0,0
TX_UPI_102310,2026-08-09 14:54:27,14,CUST_1365,normal,BEN_2218,574.12,Paytm,@paytm,Peer_to_Peer,Chennai,DEV_1085,iOS,0,1,5,1139.4,0.5,0,0,0
TX_UPI_102311,2026-08-04 05:19:24,5,CUST_1811,normal,BEN_4208,1192.27,Paytm,@icici,Grocery,Pune,DEV_2636,iOS,0,1,5,1195.35,1.0,0,0,0
TX_UPI_102312,2026-08-02 18:57:18,18,CUST_1489,normal,BEN_1243,2357.25,iMobile,@sbi,Utilities,Mumbai,DEV_1665,iOS,0,1,3,976.89,2.41,0,0,0
TX_UPI_102313,2026-08-07 13:35:00,13,CUST_1664,normal,BEN_3425,159.11,PhonePe,@sbi,Travel,Mumbai,DEV_1790,iOS,0,1,3,1311.54,0.12,0,0,0
TX_UPI_102314,2026-08-04 22:19:32,22,CUST_1830,normal,BEN_4341,2239.99,Paytm,@icici,Travel,Chennai,DEV_1258,Android,0,1,5,649.39,3.45,1,0,0
TX_UPI_102315,2026-08-03 15:01:38,15,CUST_1237,normal,BEN_2570,2066.52,iMobile,@ybl,Grocery,Ahmedabad,DEV_2756,iOS,0,1,1,1295.55,1.6,0,0,0
TX_UPI_102316,2026-08-03 03:49:46,3,CUST_1710,normal,BEN_6412,905.77,iMobile,@ybl,Grocery,Kolkata,DEV_2476,iOS,0,1,5,760.21,1.19,0,0,0
TX_UPI_102317,2026-08-09 07:42:38,7,CUST_1188,normal,BEN_3762,2136.93,PhonePe,@okaxis,Peer_to_Peer,Ahmedabad,DEV_2943,iOS,0,1,1,919.57,2.32,0,0,0
TX_UPI_102318,2026-08-06 14:38:00,14,CUST_1024,normal,BEN_1316,401.52,iMobile,@okaxis,Grocery,Chennai,DEV_1353,Android,0,1,1,1102.69,0.36,0,0,0
TX_UPI_102319,2026-08-08 06:30:36,6,CUST_1487,normal,BEN_1605,2644.87,PhonePe,@okaxis,Utilities,Kolkata,DEV_2491,Android,0,1,9,1103.32,2.4,0,0,0
TX_UPI_102320,2026-08-08 17:00:48,17,CUST_1074,normal,BEN_6314,2093.35,iMobile,@icici,Peer_to_Peer,Delhi_NCR,DEV_2603,iOS,1,1,4,1199.73,1.74,0,0,0
TX_UPI_102321,2026-08-03 02:29:16,2,CUST_1427,mule,BEN_2910,28157.03,GPay,@okaxis,Peer_to_Peer,Delhi_NCR,DEV_2046,Android,1,1,26,34724.87,0.81,1,1,1
TX_UPI_102322,2026-08-08 12:43:01,12,CUST_1573,normal,BEN_5485,737.23,Paytm,@upi,Grocery,Ahmedabad,DEV_2824,Android,1,1,3,1065.98,0.69,0,0,0
TX_UPI_102323,2026-08-03 00:45:43,0,CUST_1431,normal,BEN_4407,1861.12,Cred,@icici,Travel,Mumbai,DEV_1529,iOS,0,1,1,1067.63,1.74,0,0,0
TX_UPI_102324,2026-08-01 03:49:39,3,CUST_1581,normal,BEN_3173,2729.6,BHIM,@sbi,Travel,Mumbai,DEV_2814,iOS,0,1,6,1403.8,1.94,0,0,0
TX_UPI_102325,2026-08-06 14:17:07,14,CUST_1222,normal,BEN_5053,1219.55,BHIM,@icici,Travel,Ahmedabad,DEV_1961,iOS,0,1,4,1320.54,0.92,1,1,0
TX_UPI_102326,2026-08-06 19:23:17,19,CUST_1479,normal,BEN_6036,2448.2,BHIM,@okaxis,Travel,Kolkata,DEV_1291,Android,0,1,1,764.29,3.2,0,0,0
TX_UPI_102327,2026-08-07 08:10:31,8,CUST_1062,normal,BEN_6894,2247.56,Cred,@ybl,Grocery,Delhi_NCR,DEV_2407,iOS,0,1,3,918.79,2.45,0,0,0
TX_UPI_102328,2026-08-03 09:03:09,9,CUST_1504,suspicious,BEN_4171,5425.1,GPay,@sbi,Gaming_Betting,Kolkata,DEV_1685,Android,1,1,13,17627.21,0.31,1,0,1
TX_UPI_102329,2026-08-08 18:46:53,18,CUST_1411,normal,BEN_1525,2872.88,BHIM,@paytm,Utilities,Ahmedabad,DEV_2302,iOS,0,1,3,1066.09,2.69,0,0,0
TX_UPI_102330,2026-08-04 04:27:40,4,CUST_1136,normal,BEN_6507,1670.46,Cred,@sbi,Grocery,Chennai,DEV_1764,Android,1,1,5,1307.01,1.28,0,1,0
TX_UPI_102331,2026-08-07 18:03:12,18,CUST_1697,normal,BEN_6754,2058.9,Paytm,@icici,Peer_to_Peer,Mumbai,DEV_1005,iOS,1,1,2,1008.51,2.04,0,0,0
TX_UPI_102332,2026-08-02 05:56:03,5,CUST_1375,normal,BEN_1847,1815.23,PhonePe,@okaxis,Utilities,Ahmedabad,DEV_2328,iOS,1,1,2,1078.77,1.68,0,0,0
TX_UPI_102333,2026-08-07 15:36:30,15,CUST_1592,normal,BEN_6729,1519.01,Paytm,@sbi,Travel,Ahmedabad,DEV_1927,iOS,0,1,5,653.36,2.32,0,0,0
TX_UPI_102334,2026-08-02 02:40:39,2,CUST_1035,normal,BEN_1869,1771.8,Cred,@okaxis,Travel,Mumbai,DEV_1104,iOS,0,1,3,1249.79,1.42,1,0,0
TX_UPI_102335,2026-08-05 05:22:00,5,CUST_1681,normal,BEN_6134,1821.55,Paytm,@icici,Utilities,Ahmedabad,DEV_2405,Android,0,1,7,1404.83,1.3,0,0,0
TX_UPI_102336,2026-08-06 17:05:31,17,CUST_1373,normal,BEN_4774,2277.26,Cred,@icici,Utilities,Ahmedabad,DEV_2327,iOS,0,1,6,1149.93,1.98,0,0,0
TX_UPI_102337,2026-08-06 02:59:32,2,CUST_1329,normal,BEN_2368,1225.75,Cred,@sbi,Travel,Ahmedabad,DEV_1521,iOS,0,1,5,1255.7,0.98,0,0,0
TX_UPI_102338,2026-08-03 00:16:55,0,CUST_1057,normal,BEN_3860,952.75,Paytm,@okaxis,Travel,Kolkata,DEV_1231,iOS,0,1,4,1071.58,0.89,0,0,0
TX_UPI_102339,2026-08-03 06:39:29,6,CUST_1244,normal,BEN_4471,516.85,BHIM,@icici,Peer_to_Peer,Hyderabad,DEV_2616,iOS,0,1,6,1093.25,0.47,0,0,0
TX_UPI_102340,2026-08-02 09:33:28,9,CUST_1761,normal,BEN_5066,2838.97,iMobile,@upi,Grocery,Mumbai,DEV_1703,iOS,0,1,1,946.37,3.0,0,0,0
TX_UPI_102341,2026-08-07 07:44:31,7,CUST_1305,normal,BEN_3235,1226.11,Cred,@sbi,Travel,Kolkata,DEV_1563,Android,1,1,6,1175.87,1.04,0,0,0
TX_UPI_102342,2026-08-03 01:46:57,1,CUST_1290,mule,BEN_3175,41209.46,iMobile,@okaxis,Peer_to_Peer,Chennai,DEV_1523,iOS,1,1,13,24558.35,1.68,1,1,1
TX_UPI_102343,2026-08-10 06:46:46,6,CUST_1249,normal,BEN_1954,1458.0,Paytm,@ybl,Grocery,Ahmedabad,DEV_1199,Android,0,1,1,952.35,1.53,0,0,0
TX_UPI_102344,2026-08-04 00:54:03,0,CUST_1420,normal,BEN_2359,1600.73,iMobile,@upi,Utilities,Chennai,DEV_2676,Android,0,1,2,1465.29,1.09,0,0,0
TX_UPI_102345,2026-08-08 23:58:15,23,CUST_1464,normal,BEN_5357,2179.15,iMobile,@sbi,Peer_to_Peer,Hyderabad,DEV_2419,iOS,0,1,1,856.23,2.55,0,0,0
TX_UPI_102346,2026-08-05 04:49:40,4,CUST_1630,normal,BEN_3718,10.0,BHIM,@sbi,Peer_to_Peer,Delhi_NCR,DEV_1685,Android,0,1,2,1263.93,0.01,0,0,0
TX_UPI_102347,2026-08-07 15:38:03,15,CUST_1104,normal,BEN_3309,868.88,iMobile,@icici,Peer_to_Peer,Delhi_NCR,DEV_2748,Android,0,1,4,714.64,1.22,0,0,0
TX_UPI_102348,2026-08-01 01:25:58,1,CUST_1301,normal,BEN_1849,1838.38,PhonePe,@icici,Utilities,Hyderabad,DEV_2962,iOS,0,1,2,1082.92,1.7,0,0,0
TX_UPI_102349,2026-08-06 05:10:57,5,CUST_1080,normal,BEN_1388,1125.7,BHIM,@ybl,Utilities,Ahmedabad,DEV_2096,iOS,0,1,1,803.26,1.4,0,0,0
TX_UPI_102350,2026-08-06 04:37:21,4,CUST_1634,normal,BEN_4855,1974.24,Cred,@icici,Travel,Ahmedabad,DEV_2926,iOS,0,1,4,1332.01,1.48,0,0,0
TX_UPI_102351,2026-08-03 20:37:24,20,CUST_1284,normal,BEN_1026,1459.73,GPay,@okaxis,Travel,Delhi_NCR,DEV_1851,Android,0,1,4,665.76,2.19,0,0,0
TX_UPI_102352,2026-08-01 18:38:31,18,CUST_1715,normal,BEN_3041,983.71,Cred,@ybl,Travel,Pune,DEV_2834,iOS,1,1,3,1548.75,0.64,0,0,0
TX_UPI_102353,2026-08-06 19:22:41,19,CUST_1618,normal,BEN_1572,1749.57,PhonePe,@upi,Utilities,Chennai,DEV_1243,iOS,0,1,7,1223.41,1.43,0,0,0
TX_UPI_102354,2026-08-03 21:54:10,21,CUST_1063,normal,BEN_3067,630.96,BHIM,@okaxis,Grocery,Kolkata,DEV_2256,iOS,0,1,4,1136.69,0.56,0,0,0
TX_UPI_102355,2026-08-02 14:01:17,14,CUST_1460,normal,BEN_2746,448.68,iMobile,@paytm,Peer_to_Peer,Hyderabad,DEV_1108,Android,0,1,3,1030.62,0.44,0,0,0
TX_UPI_102356,2026-08-06 00:32:39,0,CUST_1650,normal,BEN_3884,2484.5,iMobile,@ybl,Grocery,Pune,DEV_1935,iOS,0,1,1,1369.4,1.81,0,0,0
TX_UPI_102357,2026-08-09 11:27:40,11,CUST_1014,normal,BEN_1389,450.56,BHIM,@icici,Travel,Delhi_NCR,DEV_2105,iOS,0,1,1,1363.19,0.33,0,0,0
TX_UPI_102358,2026-08-07 04:44:22,4,CUST_1339,normal,BEN_4547,1785.52,Cred,@upi,Utilities,Kolkata,DEV_1724,Android,0,1,6,1272.17,1.4,0,0,0
TX_UPI_102359,2026-08-07 16:28:59,16,CUST_1696,normal,BEN_2403,2847.88,Cred,@ybl,Grocery,Chennai,DEV_1155,Android,0,1,5,1042.45,2.73,0,0,0
TX_UPI_102360,2026-08-04 20:04:13,20,CUST_1628,normal,BEN_5108,1474.34,Paytm,@upi,Peer_to_Peer,Pune,DEV_2099,Android,0,1,6,892.95,1.65,0,0,0
TX_UPI_102361,2026-08-04 23:38:07,23,CUST_1157,normal,BEN_6525,678.49,GPay,@ybl,Grocery,Bengaluru,DEV_2719,Android,0,1,3,574.9,1.18,0,0,0
TX_UPI_102362,2026-08-10 03:48:12,3,CUST_1171,normal,BEN_4543,1310.46,PhonePe,@sbi,Peer_to_Peer,Delhi_NCR,DEV_1425,Android,0,1,1,1092.73,1.2,0,0,0
TX_UPI_102363,2026-08-10 02:09:14,2,CUST_1492,normal,BEN_5436,1892.23,Cred,@upi,Peer_to_Peer,Delhi_NCR,DEV_2934,iOS,0,1,3,1482.51,1.28,0,0,0
TX_UPI_102364,2026-08-01 08:27:51,8,CUST_1739,normal,BEN_5596,31.6,PhonePe,@ybl,Grocery,Mumbai,DEV_1919,iOS,0,1,6,1242.03,0.03,0,0,0
TX_UPI_102365,2026-08-09 01:56:21,1,CUST_1549,normal,BEN_6215,10.0,PhonePe,@ybl,Utilities,Pune,DEV_2665,iOS,0,1,9,1064.7,0.01,0,0,0
TX_UPI_102366,2026-08-02 13:35:34,13,CUST_1823,normal,BEN_3708,498.01,BHIM,@upi,Grocery,Mumbai,DEV_1521,Android,0,1,1,1027.2,0.48,0,0,0
TX_UPI_102367,2026-08-10 10:00:41,10,CUST_1473,normal,BEN_3821,1098.07,PhonePe,@sbi,Utilities,Delhi_NCR,DEV_2127,Android,0,1,4,1008.53,1.09,0,1,0
TX_UPI_102368,2026-08-01 12:09:47,12,CUST_1781,normal,BEN_3378,1706.58,iMobile,@ybl,Utilities,Chennai,DEV_1691,iOS,0,1,3,615.61,2.77,0,0,0
TX_UPI_102369,2026-08-10 15:46:58,15,CUST_1460,normal,BEN_1851,1080.51,BHIM,@sbi,Travel,Mumbai,DEV_1213,iOS,0,1,1,1164.9,0.93,0,0,0
TX_UPI_102370,2026-08-06 02:43:12,2,CUST_1652,normal,BEN_4202,416.56,Paytm,@upi,Travel,Ahmedabad,DEV_2080,Android,0,1,4,1395.38,0.3,0,0,0
TX_UPI_102371,2026-08-04 09:07:47,9,CUST_1527,normal,BEN_2869,441.0,iMobile,@paytm,Utilities,Kolkata,DEV_2528,iOS,0,1,6,975.99,0.45,0,0,0
TX_UPI_102372,2026-08-08 07:25:44,7,CUST_1338,normal,BEN_1086,2602.56,Paytm,@icici,Travel,Ahmedabad,DEV_1059,iOS,0,1,3,878.28,2.96,0,0,0
TX_UPI_102373,2026-08-08 01:43:08,1,CUST_1607,normal,BEN_1260,1749.79,iMobile,@paytm,Grocery,Delhi_NCR,DEV_1562,iOS,1,1,3,878.05,1.99,0,0,0
TX_UPI_102374,2026-08-09 17:15:08,17,CUST_1048,normal,BEN_6909,817.73,PhonePe,@ybl,Utilities,Mumbai,DEV_1494,Android,0,1,3,1402.12,0.58,0,0,0
TX_UPI_102375,2026-08-06 03:35:09,3,CUST_1562,normal,BEN_5430,10.0,Cred,@okaxis,Peer_to_Peer,Chennai,DEV_1078,Android,0,1,4,1229.98,0.01,0,0,0
TX_UPI_102376,2026-08-10 19:22:51,19,CUST_1202,normal,BEN_6209,1354.76,Paytm,@upi,Travel,Ahmedabad,DEV_1264,Android,0,1,6,1062.16,1.28,0,0,0
TX_UPI_102377,2026-08-05 10:33:04,10,CUST_1622,normal,BEN_5762,1052.36,BHIM,@sbi,Travel,Chennai,DEV_2427,iOS,0,1,5,1103.84,0.95,0,0,0
TX_UPI_102378,2026-08-05 12:01:08,12,CUST_1376,normal,BEN_6154,887.67,GPay,@paytm,Travel,Chennai,DEV_2409,Android,0,1,5,923.39,0.96,0,0,0
TX_UPI_102379,2026-08-04 11:22:08,11,CUST_1076,normal,BEN_3563,711.06,Cred,@ybl,Grocery,Chennai,DEV_2412,Android,0,1,2,1404.74,0.51,0,0,0
TX_UPI_102380,2026-08-09 02:46:59,2,CUST_1792,normal,BEN_6325,10.0,Cred,@sbi,Grocery,Delhi_NCR,DEV_1807,Android,0,1,4,1088.23,0.01,0,0,0
TX_UPI_102381,2026-08-05 13:00:40,13,CUST_1503,normal,BEN_1491,10.0,Paytm,@sbi,Peer_to_Peer,Pune,DEV_1305,iOS,1,1,4,1194.18,0.01,0,0,0
TX_UPI_102382,2026-08-04 04:20:07,4,CUST_1474,normal,BEN_1464,1671.71,PhonePe,@okaxis,Grocery,Delhi_NCR,DEV_2947,iOS,0,1,1,1407.93,1.19,0,0,0
TX_UPI_102383,2026-08-09 22:54:27,22,CUST_1291,normal,BEN_4575,609.81,Paytm,@okaxis,Travel,Delhi_NCR,DEV_2582,Android,0,1,5,1257.86,0.48,0,1,0
TX_UPI_102384,2026-08-10 16:12:22,16,CUST_1733,normal,BEN_6407,498.64,GPay,@icici,Grocery,Mumbai,DEV_2471,iOS,0,1,5,987.48,0.5,0,0,0
TX_UPI_102385,2026-08-10 22:03:20,22,CUST_1489,normal,BEN_6369,10.0,Cred,@paytm,Grocery,Bengaluru,DEV_2639,Android,0,1,6,893.99,0.01,0,1,0
TX_UPI_102386,2026-08-10 11:41:41,11,CUST_1116,normal,BEN_5115,516.41,PhonePe,@paytm,Peer_to_Peer,Hyderabad,DEV_2640,iOS,0,1,3,1145.34,0.45,0,0,0
TX_UPI_102387,2026-08-06 14:28:27,14,CUST_1437,normal,BEN_2959,1154.18,Cred,@upi,Utilities,Bengaluru,DEV_2010,Android,0,1,5,758.52,1.52,0,0,0
TX_UPI_102388,2026-08-09 10:40:04,10,CUST_1724,normal,BEN_1755,606.09,PhonePe,@icici,Grocery,Bengaluru,DEV_1080,Android,0,1,3,1535.49,0.39,0,0,0
TX_UPI_102389,2026-08-08 19:47:23,19,CUST_1540,normal,BEN_3952,1108.95,iMobile,@okaxis,Grocery,Kolkata,DEV_1618,iOS,1,1,6,1089.25,1.02,0,0,0
TX_UPI_102390,2026-08-01 20:25:08,20,CUST_1686,normal,BEN_5600,813.07,PhonePe,@ybl,Utilities,Chennai,DEV_2974,iOS,0,1,3,1039.58,0.78,0,0,0
TX_UPI_102391,2026-08-08 14:20:45,14,CUST_1408,normal,BEN_4967,1682.92,BHIM,@okaxis,Grocery,Pune,DEV_2866,Android,0,1,6,1166.32,1.44,0,0,0
TX_UPI_102392,2026-08-07 03:26:05,3,CUST_1812,normal,BEN_1247,2149.66,BHIM,@paytm,Utilities,Mumbai,DEV_2665,iOS,0,1,2,980.49,2.19,0,1,0
TX_UPI_102393,2026-08-10 16:43:45,16,CUST_1269,mule,BEN_5039,20513.95,Cred,@paytm,Peer_to_Peer,Kolkata,DEV_2962,Android,1,2,28,29346.25,0.7,1,1,1
TX_UPI_102394,2026-08-07 00:27:01,0,CUST_1464,normal,BEN_6349,1783.82,Paytm,@sbi,Utilities,Delhi_NCR,DEV_2448,iOS,0,1,2,1090.33,1.64,0,0,0
TX_UPI_102395,2026-08-01 07:36:05,7,CUST_1200,normal,BEN_6503,1749.49,iMobile,@upi,Peer_to_Peer,Bengaluru,DEV_2335,Android,0,1,1,1589.19,1.1,0,0,0
TX_UPI_102396,2026-08-01 09:01:21,9,CUST_1192,normal,BEN_4477,973.48,Cred,@icici,Travel,Kolkata,DEV_1123,Android,0,1,1,1117.94,0.87,1,0,0
TX_UPI_102397,2026-08-08 05:56:45,5,CUST_1406,normal,BEN_3030,1226.75,BHIM,@sbi,Travel,Hyderabad,DEV_2568,Android,0,1,3,1317.89,0.93,1,0,0
TX_UPI_102398,2026-08-01 02:35:34,2,CUST_1800,normal,BEN_6373,1797.96,GPay,@icici,Utilities,Ahmedabad,DEV_1561,Android,0,1,4,1188.04,1.51,0,0,0
TX_UPI_102399,2026-08-10 16:44:57,16,CUST_1770,normal,BEN_6700,1116.51,BHIM,@paytm,Utilities,Ahmedabad,DEV_1584,iOS,0,1,7,724.99,1.54,0,0,0
TX_UPI_102400,2026-08-05 01:35:29,1,CUST_1614,normal,BEN_5297,1311.72,iMobile,@okaxis,Travel,Ahmedabad,DEV_1291,Android,0,1,4,1275.19,1.03,0,0,0
TX_UPI_102401,2026-08-05 02:21:07,2,CUST_1760,normal,BEN_6080,524.92,Paytm,@paytm,Utilities,Chennai,DEV_1433,Android,0,1,1,1117.64,0.47,0,0,0
TX_UPI_102402,2026-08-07 07:16:49,7,CUST_1169,normal,BEN_6819,1424.98,PhonePe,@upi,Utilities,Ahmedabad,DEV_2121,Android,0,1,6,775.11,1.84,0,0,0
TX_UPI_102403,2026-08-07 10:55:26,10,CUST_1017,normal,BEN_4596,2123.76,GPay,@paytm,Peer_to_Peer,Hyderabad,DEV_1522,iOS,0,1,8,989.34,2.15,0,0,0
TX_UPI_102404,2026-08-09 15:18:03,15,CUST_1272,normal,BEN_1723,167.25,GPay,@upi,Utilities,Hyderabad,DEV_2570,iOS,0,1,3,1083.36,0.15,0,0,0
TX_UPI_102405,2026-08-06 20:02:20,20,CUST_1409,normal,BEN_3473,1651.03,GPay,@okaxis,Grocery,Pune,DEV_2051,iOS,1,1,2,1453.25,1.14,0,0,0
TX_UPI_102406,2026-08-03 03:55:21,3,CUST_1557,normal,BEN_4106,308.37,GPay,@sbi,Travel,Pune,DEV_2439,Android,1,1,1,1345.61,0.23,0,0,0
TX_UPI_102407,2026-08-01 09:02:35,9,CUST_1203,normal,BEN_1181,10.0,BHIM,@okaxis,Travel,Bengaluru,DEV_1818,Android,0,1,3,1828.24,0.01,0,0,0
TX_UPI_102408,2026-08-03 03:06:12,3,CUST_1759,normal,BEN_3092,1190.37,BHIM,@icici,Peer_to_Peer,Hyderabad,DEV_2037,iOS,0,1,1,1066.22,1.12,0,0,0
TX_UPI_102409,2026-08-04 05:44:43,5,CUST_1826,normal,BEN_6619,1159.36,GPay,@ybl,Peer_to_Peer,Pune,DEV_2294,iOS,0,1,4,1238.94,0.94,0,0,0
TX_UPI_102410,2026-08-01 08:20:54,8,CUST_1009,suspicious,BEN_4388,9296.0,PhonePe,@okaxis,Jewelry,Bengaluru,DEV_2230,Android,1,2,31,26523.62,0.35,1,1,1
TX_UPI_102411,2026-08-05 13:38:11,13,CUST_1819,normal,BEN_1810,1781.44,Cred,@upi,Utilities,Pune,DEV_2414,Android,0,1,2,1388.73,1.28,0,0,0
TX_UPI_102412,2026-08-07 10:29:00,10,CUST_1237,normal,BEN_6563,994.36,Cred,@paytm,Grocery,Mumbai,DEV_2715,iOS,1,1,4,856.05,1.16,0,0,0
TX_UPI_102413,2026-08-08 08:05:26,8,CUST_1587,normal,BEN_1929,402.45,GPay,@upi,Grocery,Chennai,DEV_2113,Android,0,1,5,973.53,0.41,0,0,0
TX_UPI_102414,2026-08-10 21:44:56,21,CUST_1540,normal,BEN_4881,516.94,iMobile,@paytm,Peer_to_Peer,Pune,DEV_2785,Android,1,1,2,1247.75,0.41,0,0,0
TX_UPI_102415,2026-08-05 00:19:44,0,CUST_1729,normal,BEN_2484,696.77,iMobile,@icici,Peer_to_Peer,Chennai,DEV_1624,Android,0,1,3,1083.61,0.64,0,0,0
TX_UPI_102416,2026-08-04 13:32:29,13,CUST_1141,normal,BEN_4564,10.0,GPay,@sbi,Grocery,Ahmedabad,DEV_2730,iOS,0,1,1,1160.71,0.01,0,0,0
TX_UPI_102417,2026-08-10 00:15:52,0,CUST_1735,normal,BEN_3507,610.38,GPay,@sbi,Utilities,Ahmedabad,DEV_1554,Android,0,1,6,1312.03,0.47,0,0,0
TX_UPI_102418,2026-08-09 04:21:45,4,CUST_1120,normal,BEN_2329,1775.33,BHIM,@sbi,Grocery,Hyderabad,DEV_2686,Android,0,1,7,1060.06,1.67,0,0,0
TX_UPI_102419,2026-08-09 07:05:18,7,CUST_1047,normal,BEN_5556,1719.11,GPay,@okaxis,Travel,Ahmedabad,DEV_1952,Android,1,1,2,1668.57,1.03,0,0,0
TX_UPI_102420,2026-08-01 21:48:50,21,CUST_1755,normal,BEN_5638,2786.91,iMobile,@ybl,Utilities,Mumbai,DEV_2789,iOS,0,1,4,1172.78,2.38,0,0,0
TX_UPI_102421,2026-08-08 17:34:07,17,CUST_1819,normal,BEN_5438,2287.44,PhonePe,@paytm,Peer_to_Peer,Chennai,DEV_2612,Android,0,1,3,922.41,2.48,0,0,0
TX_UPI_102422,2026-08-05 22:04:35,22,CUST_1674,normal,BEN_2134,1899.19,BHIM,@icici,Peer_to_Peer,Bengaluru,DEV_1098,Android,0,1,4,1123.92,1.69,0,0,0
TX_UPI_102423,2026-08-02 00:06:49,0,CUST_1349,normal,BEN_5298,532.58,Cred,@icici,Travel,Delhi_NCR,DEV_2711,Android,0,1,1,1136.67,0.47,0,0,0
TX_UPI_102424,2026-08-09 18:09:42,18,CUST_1002,normal,BEN_1976,1923.97,BHIM,@sbi,Grocery,Bengaluru,DEV_1853,Android,0,1,3,1424.74,1.35,0,0,0
TX_UPI_102425,2026-08-08 01:40:20,1,CUST_1516,normal,BEN_3485,636.87,PhonePe,@okaxis,Travel,Ahmedabad,DEV_2638,iOS,0,1,1,1063.86,0.6,0,0,0
TX_UPI_102426,2026-08-03 05:48:17,5,CUST_1246,normal,BEN_6527,1133.93,BHIM,@sbi,Grocery,Ahmedabad,DEV_2145,iOS,0,1,5,894.01,1.27,0,0,0
TX_UPI_102427,2026-08-05 03:13:03,3,CUST_1248,normal,BEN_6323,2294.48,PhonePe,@paytm,Utilities,Bengaluru,DEV_1177,Android,0,1,7,1070.61,2.14,0,0,0
TX_UPI_102428,2026-08-07 22:32:04,22,CUST_1599,normal,BEN_6963,2199.77,GPay,@icici,Utilities,Kolkata,DEV_1843,iOS,0,1,1,1338.05,1.64,0,0,0
TX_UPI_102429,2026-08-03 14:37:31,14,CUST_1584,normal,BEN_3518,2037.82,iMobile,@paytm,Grocery,Ahmedabad,DEV_1839,Android,0,1,5,1076.26,1.89,0,0,0
TX_UPI_102430,2026-08-03 07:01:28,7,CUST_1699,normal,BEN_1382,10.0,iMobile,@upi,Peer_to_Peer,Mumbai,DEV_1915,Android,0,1,2,929.78,0.01,0,0,0
TX_UPI_102431,2026-08-09 13:21:37,13,CUST_1782,normal,BEN_5085,417.4,BHIM,@icici,Utilities,Hyderabad,DEV_1074,Android,0,1,4,979.45,0.43,0,0,0
TX_UPI_102432,2026-08-04 07:01:39,7,CUST_1608,normal,BEN_3494,540.31,PhonePe,@sbi,Peer_to_Peer,Kolkata,DEV_2479,iOS,0,1,1,908.28,0.59,0,0,0
TX_UPI_102433,2026-08-06 18:17:14,18,CUST_1817,normal,BEN_3594,2097.2,Paytm,@sbi,Grocery,Pune,DEV_1808,iOS,0,1,2,956.41,2.19,0,0,0
TX_UPI_102434,2026-08-07 04:29:56,4,CUST_1164,normal,BEN_4904,834.64,Cred,@okaxis,Travel,Ahmedabad,DEV_2020,iOS,1,1,4,1189.5,0.7,0,1,0
TX_UPI_102435,2026-08-02 14:33:27,14,CUST_1772,normal,BEN_2470,10.0,PhonePe,@okaxis,Peer_to_Peer,Delhi_NCR,DEV_2996,iOS,0,1,6,1424.73,0.01,0,0,0
TX_UPI_102436,2026-08-04 02:28:29,2,CUST_1353,normal,BEN_1082,359.85,PhonePe,@paytm,Travel,Ahmedabad,DEV_1494,Android,0,1,2,971.94,0.37,0,0,0
TX_UPI_102437,2026-08-01 11:25:27,11,CUST_1750,normal,BEN_5218,595.2,BHIM,@ybl,Peer_to_Peer,Chennai,DEV_1886,Android,0,1,4,612.83,0.97,0,0,0
TX_UPI_102438,2026-08-02 12:27:03,12,CUST_1350,normal,BEN_6184,305.66,iMobile,@icici,Utilities,Hyderabad,DEV_2556,iOS,0,1,7,857.23,0.36,0,0,0
TX_UPI_102439,2026-08-10 07:25:30,7,CUST_1417,normal,BEN_4559,2194.74,Cred,@ybl,Travel,Hyderabad,DEV_2008,Android,0,1,4,645.78,3.4,0,0,0
TX_UPI_102440,2026-08-02 22:24:41,22,CUST_1791,normal,BEN_2794,1708.26,Cred,@ybl,Grocery,Ahmedabad,DEV_2833,Android,0,1,3,970.69,1.76,0,0,0
TX_UPI_102441,2026-08-10 19:54:15,19,CUST_1234,normal,BEN_6676,1395.97,iMobile,@upi,Grocery,Mumbai,DEV_2112,Android,0,1,4,1249.82,1.12,0,0,0
TX_UPI_102442,2026-08-06 09:50:24,9,CUST_1011,normal,BEN_2610,2142.6,Paytm,@ybl,Utilities,Hyderabad,DEV_2816,Android,0,1,4,749.85,2.86,0,0,0
TX_UPI_102443,2026-08-05 10:56:08,10,CUST_1408,normal,BEN_4988,821.08,iMobile,@okaxis,Peer_to_Peer,Delhi_NCR,DEV_2322,iOS,0,1,9,1253.88,0.65,1,0,0
TX_UPI_102444,2026-08-07 08:33:27,8,CUST_1820,normal,BEN_4448,3095.43,iMobile,@sbi,Peer_to_Peer,Chennai,DEV_1977,Android,0,1,6,1138.03,2.72,1,0,0
TX_UPI_102445,2026-08-09 13:38:36,13,CUST_1365,normal,BEN_5009,1441.13,Paytm,@paytm,Utilities,Delhi_NCR,DEV_1752,Android,0,1,3,662.93,2.17,0,0,0
TX_UPI_102446,2026-08-01 08:46:20,8,CUST_1330,normal,BEN_6305,1214.44,PhonePe,@sbi,Utilities,Delhi_NCR,DEV_1405,iOS,0,1,6,936.09,1.3,0,0,0
TX_UPI_102447,2026-08-02 14:40:36,14,CUST_1538,normal,BEN_4742,1529.56,Cred,@ybl,Utilities,Mumbai,DEV_2235,Android,0,1,5,861.68,1.78,0,0,0
TX_UPI_102448,2026-08-01 23:23:23,23,CUST_1710,normal,BEN_5864,838.96,Paytm,@okaxis,Travel,Hyderabad,DEV_1193,Android,0,1,1,882.68,0.95,0,0,0
TX_UPI_102449,2026-08-10 11:00:36,11,CUST_1082,normal,BEN_1095,169.92,iMobile,@sbi,Peer_to_Peer,Mumbai,DEV_1679,Android,0,1,2,1420.67,0.12,0,0,0
TX_UPI_102450,2026-08-10 07:31:31,7,CUST_1037,normal,BEN_5048,467.62,BHIM,@sbi,Peer_to_Peer,Ahmedabad,DEV_1609,Android,1,1,4,959.31,0.49,0,0,0
TX_UPI_102451,2026-08-07 18:58:12,18,CUST_1597,normal,BEN_5323,2143.09,Paytm,@sbi,Utilities,Bengaluru,DEV_1473,Android,0,1,6,1287.38,1.66,0,0,0
TX_UPI_102452,2026-08-05 06:39:51,6,CUST_1579,normal,BEN_5692,1444.91,BHIM,@ybl,Travel,Ahmedabad,DEV_1421,iOS,0,1,3,793.95,1.82,0,0,0
TX_UPI_102453,2026-08-04 12:11:10,12,CUST_1007,normal,BEN_3342,2754.82,PhonePe,@icici,Grocery,Chennai,DEV_2613,iOS,0,1,2,1239.28,2.22,0,0,0
TX_UPI_102454,2026-08-07 05:34:53,5,CUST_1502,normal,BEN_1745,2047.65,PhonePe,@okaxis,Utilities,Mumbai,DEV_2512,Android,0,1,2,1329.12,1.54,0,0,0
TX_UPI_102455,2026-08-05 13:31:49,13,CUST_1226,normal,BEN_4199,1811.37,iMobile,@sbi,Utilities,Delhi_NCR,DEV_2506,iOS,0,1,7,967.36,1.87,0,0,0
TX_UPI_102456,2026-08-03 11:33:59,11,CUST_1291,normal,BEN_1535,171.31,Cred,@upi,Grocery,Pune,DEV_2225,Android,0,1,2,1130.12,0.15,0,0,0
TX_UPI_102457,2026-08-04 16:04:11,16,CUST_1561,normal,BEN_4623,1246.57,Cred,@upi,Peer_to_Peer,Kolkata,DEV_2531,Android,0,1,3,621.79,2.0,0,0,0
TX_UPI_102458,2026-08-07 18:25:07,18,CUST_1584,normal,BEN_3927,1576.39,iMobile,@sbi,Peer_to_Peer,Hyderabad,DEV_2052,iOS,0,1,7,1191.42,1.32,0,0,0
TX_UPI_102459,2026-08-10 13:11:56,13,CUST_1631,normal,BEN_4398,1687.31,iMobile,@okaxis,Grocery,Hyderabad,DEV_1198,iOS,0,1,5,1175.29,1.44,0,0,0
TX_UPI_102460,2026-08-05 05:57:54,5,CUST_1769,normal,BEN_5707,1945.33,BHIM,@ybl,Utilities,Pune,DEV_1891,iOS,0,1,4,1004.96,1.94,0,0,0
TX_UPI_102461,2026-08-10 07:43:45,7,CUST_1562,normal,BEN_5690,563.21,GPay,@sbi,Grocery,Chennai,DEV_2026,Android,0,1,3,1155.39,0.49,0,0,0
TX_UPI_102462,2026-08-06 08:53:17,8,CUST_1555,normal,BEN_5861,947.13,Paytm,@sbi,Travel,Ahmedabad,DEV_1185,iOS,0,1,4,1185.4,0.8,0,0,0
TX_UPI_102463,2026-08-04 04:54:08,4,CUST_1363,normal,BEN_2755,1866.54,GPay,@icici,Utilities,Kolkata,DEV_2267,iOS,0,1,6,1098.72,1.7,0,0,0
TX_UPI_102464,2026-08-07 22:12:48,22,CUST_1660,normal,BEN_5982,153.78,Cred,@sbi,Utilities,Kolkata,DEV_1805,iOS,0,1,3,1090.58,0.14,0,0,0
TX_UPI_102465,2026-08-07 09:54:16,9,CUST_1415,suspicious,BEN_1836,10.0,Cred,@paytm,Gaming_Betting,Delhi_NCR,DEV_1382,Android,1,1,29,25968.84,0.0,0,1,1
TX_UPI_102466,2026-08-07 15:00:19,15,CUST_1046,normal,BEN_3381,1505.08,PhonePe,@paytm,Utilities,Pune,DEV_2273,iOS,1,1,6,928.77,1.62,0,0,0
TX_UPI_102467,2026-08-04 03:36:05,3,CUST_1451,normal,BEN_1671,1659.23,Paytm,@upi,Utilities,Kolkata,DEV_2345,Android,0,1,3,1035.82,1.6,0,0,0
TX_UPI_102468,2026-08-10 21:43:13,21,CUST_1696,normal,BEN_4348,582.25,BHIM,@sbi,Grocery,Chennai,DEV_2128,iOS,0,1,7,989.88,0.59,0,0,0
TX_UPI_102469,2026-08-04 16:10:01,16,CUST_1125,normal,BEN_4054,1759.57,Paytm,@icici,Grocery,Hyderabad,DEV_1443,Android,0,1,1,1363.2,1.29,0,0,0
TX_UPI_102470,2026-08-03 17:04:37,17,CUST_1527,normal,BEN_5801,2041.77,Paytm,@paytm,Grocery,Mumbai,DEV_1342,Android,0,1,4,1025.53,1.99,0,0,0
TX_UPI_102471,2026-08-01 09:04:40,9,CUST_1070,normal,BEN_5439,1520.0,PhonePe,@paytm,Grocery,Chennai,DEV_1193,iOS,0,1,8,656.82,2.31,0,0,0
TX_UPI_102472,2026-08-08 08:58:19,8,CUST_1581,normal,BEN_6931,1825.62,Cred,@okaxis,Utilities,Hyderabad,DEV_2280,iOS,0,1,2,1075.22,1.7,0,0,0
TX_UPI_102473,2026-08-07 23:53:06,23,CUST_1421,normal,BEN_6408,1001.7,Cred,@upi,Utilities,Bengaluru,DEV_2628,iOS,0,1,3,1077.49,0.93,0,0,0
TX_UPI_102474,2026-08-03 11:25:17,11,CUST_1724,normal,BEN_6750,292.66,PhonePe,@icici,Utilities,Chennai,DEV_2004,Android,0,1,6,649.41,0.45,0,0,0
TX_UPI_102475,2026-08-01 21:37:11,21,CUST_1780,normal,BEN_2104,1631.81,PhonePe,@paytm,Grocery,Chennai,DEV_2969,Android,0,1,3,798.98,2.04,0,0,0
TX_UPI_102476,2026-08-03 14:05:53,14,CUST_1489,normal,BEN_5277,1361.91,iMobile,@okaxis,Grocery,Ahmedabad,DEV_1743,iOS,0,1,1,1089.53,1.25,0,0,0
TX_UPI_102477,2026-08-02 06:56:16,6,CUST_1069,normal,BEN_1268,61.7,iMobile,@ybl,Travel,Kolkata,DEV_2476,Android,0,1,4,858.15,0.07,0,0,0
TX_UPI_102478,2026-08-06 05:03:01,5,CUST_1325,normal,BEN_1965,839.2,BHIM,@sbi,Grocery,Bengaluru,DEV_1225,Android,1,1,4,894.59,0.94,0,0,0
TX_UPI_102479,2026-08-02 14:22:40,14,CUST_1684,mule,BEN_1485,33840.72,iMobile,@sbi,Electronics,Hyderabad,DEV_1400,Android,1,1,9,35285.25,0.96,0,0,1
TX_UPI_102480,2026-08-02 15:30:47,15,CUST_1060,normal,BEN_3330,2611.93,BHIM,@ybl,Grocery,Hyderabad,DEV_2619,Android,0,1,9,1101.88,2.37,0,0,0
TX_UPI_102481,2026-08-08 01:43:00,1,CUST_1720,normal,BEN_5485,1830.56,BHIM,@sbi,Grocery,Bengaluru,DEV_2761,iOS,0,1,1,1440.66,1.27,0,0,0
TX_UPI_102482,2026-08-01 14:15:31,14,CUST_1222,normal,BEN_3245,1820.98,BHIM,@okaxis,Travel,Bengaluru,DEV_2609,iOS,0,1,3,1376.92,1.32,0,0,0
TX_UPI_102483,2026-08-10 15:55:24,15,CUST_1826,normal,BEN_1837,996.42,BHIM,@okaxis,Peer_to_Peer,Bengaluru,DEV_2857,iOS,0,1,3,1194.08,0.83,0,0,0
TX_UPI_102484,2026-08-04 04:46:57,4,CUST_1287,normal,BEN_5838,349.32,Cred,@paytm,Grocery,Mumbai,DEV_1023,iOS,0,1,6,826.56,0.42,0,0,0
TX_UPI_102485,2026-08-02 14:21:40,14,CUST_1708,normal,BEN_5867,359.96,BHIM,@paytm,Travel,Chennai,DEV_1885,iOS,0,1,2,1262.28,0.29,0,0,0
TX_UPI_102486,2026-08-01 11:49:54,11,CUST_1498,normal,BEN_2172,706.58,Paytm,@ybl,Peer_to_Peer,Pune,DEV_1624,Android,0,1,1,934.64,0.76,0,0,0
TX_UPI_102487,2026-08-03 04:10:43,4,CUST_1323,normal,BEN_4199,1174.37,PhonePe,@sbi,Grocery,Pune,DEV_1831,iOS,0,1,1,803.6,1.46,0,0,0
TX_UPI_102488,2026-08-04 11:12:48,11,CUST_1507,normal,BEN_3404,2889.04,PhonePe,@icici,Grocery,Kolkata,DEV_1961,Android,0,1,2,1002.47,2.88,0,0,0
TX_UPI_102489,2026-08-10 11:51:59,11,CUST_1702,normal,BEN_1990,906.21,BHIM,@ybl,Peer_to_Peer,Ahmedabad,DEV_1173,iOS,0,1,3,1229.12,0.74,0,0,0
TX_UPI_102490,2026-08-03 07:14:12,7,CUST_1315,normal,BEN_4276,1958.51,Cred,@icici,Peer_to_Peer,Delhi_NCR,DEV_2654,iOS,0,1,3,783.25,2.5,0,0,0
TX_UPI_102491,2026-08-01 13:23:25,13,CUST_1127,normal,BEN_5076,2219.55,BHIM,@paytm,Travel,Kolkata,DEV_2718,Android,0,1,3,1495.28,1.48,0,0,0
TX_UPI_102492,2026-08-07 00:49:54,0,CUST_1135,normal,BEN_3240,10.0,PhonePe,@okaxis,Peer_to_Peer,Delhi_NCR,DEV_1303,iOS,0,1,4,1540.47,0.01,0,0,0
TX_UPI_102493,2026-08-01 00:12:01,0,CUST_1533,normal,BEN_1512,917.39,Paytm,@sbi,Utilities,Pune,DEV_2799,iOS,1,1,3,1150.92,0.8,0,0,0
TX_UPI_102494,2026-08-05 08:51:06,8,CUST_1749,normal,BEN_6889,752.96,PhonePe,@paytm,Utilities,Hyderabad,DEV_1385,Android,0,1,3,998.92,0.75,0,1,0
TX_UPI_102495,2026-08-02 19:31:11,19,CUST_1248,normal,BEN_1697,698.06,PhonePe,@ybl,Utilities,Bengaluru,DEV_2238,Android,0,1,6,1190.66,0.59,0,0,0
TX_UPI_102496,2026-08-10 14:55:42,14,CUST_1283,normal,BEN_1253,1400.5,iMobile,@sbi,Travel,Bengaluru,DEV_2765,iOS,0,1,5,1016.55,1.38,0,0,0
TX_UPI_102497,2026-08-10 17:07:16,17,CUST_1201,normal,BEN_5456,580.64,iMobile,@sbi,Grocery,Ahmedabad,DEV_2211,iOS,0,1,2,1080.43,0.54,0,0,0
TX_UPI_102498,2026-08-07 10:38:12,10,CUST_1150,normal,BEN_5635,352.63,PhonePe,@okaxis,Grocery,Hyderabad,DEV_2275,iOS,0,1,2,956.13,0.37,0,0,0
TX_UPI_102499,2026-08-10 18:11:14,18,CUST_1697,normal,BEN_4345,2899.64,Cred,@upi,Peer_to_Peer,Delhi_NCR,DEV_1333,iOS,0,1,1,1036.89,2.8,0,0,0
TX_UPI_102500,2026-08-09 05:51:19,5,CUST_1340,normal,BEN_3312,2580.56,Paytm,@icici,Travel,Ahmedabad,DEV_2991,iOS,0,1,4,1260.82,2.05,0,0,0
TX_UPI_102501,2026-08-07 11:18:06,11,CUST_1147,normal,BEN_3546,1279.86,PhonePe,@sbi,Grocery,Ahmedabad,DEV_1644,Android,0,1,2,541.94,2.36,0,0,0
TX_UPI_102502,2026-08-06 15:42:54,15,CUST_1539,normal,BEN_1377,1364.36,iMobile,@icici,Utilities,Delhi_NCR,DEV_1678,Android,0,1,2,887.92,1.54,0,0,0
TX_UPI_102503,2026-08-06 17:24:01,17,CUST_1162,normal,BEN_4564,800.81,GPay,@paytm,Peer_to_Peer,Ahmedabad,DEV_1968,iOS,0,1,7,1657.16,0.48,0,0,0
TX_UPI_102504,2026-08-09 13:51:41,13,CUST_1713,normal,BEN_6126,1373.77,Cred,@upi,Peer_to_Peer,Bengaluru,DEV_1113,Android,0,1,3,797.47,1.72,0,0,0
TX_UPI_102505,2026-08-08 07:58:45,7,CUST_1194,normal,BEN_1780,1574.83,GPay,@paytm,Grocery,Delhi_NCR,DEV_1262,iOS,1,1,7,1020.64,1.54,0,0,0
TX_UPI_102506,2026-08-04 04:41:59,4,CUST_1225,normal,BEN_4175,10.0,GPay,@sbi,Peer_to_Peer,Bengaluru,DEV_2649,Android,0,1,5,1316.5,0.01,0,0,0
TX_UPI_102507,2026-08-05 06:40:51,6,CUST_1724,normal,BEN_1566,10.0,BHIM,@paytm,Travel,Pune,DEV_1437,Android,0,1,4,1188.29,0.01,0,0,0
TX_UPI_102508,2026-08-10 22:27:36,22,CUST_1248,normal,BEN_4540,1141.51,Paytm,@icici,Utilities,Ahmedabad,DEV_2274,Android,0,1,2,1323.82,0.86,0,0,0
TX_UPI_102509,2026-08-04 16:07:20,16,CUST_1231,normal,BEN_6828,877.3,Paytm,@paytm,Grocery,Ahmedabad,DEV_2513,iOS,0,1,1,588.13,1.49,0,0,0
TX_UPI_102510,2026-08-07 08:28:42,8,CUST_1518,suspicious,BEN_6820,50695.29,GPay,@upi,Jewelry,Kolkata,DEV_2941,Android,0,1,22,25675.06,1.97,1,1,0
TX_UPI_102511,2026-08-04 02:18:40,2,CUST_1222,normal,BEN_3363,847.78,BHIM,@upi,Utilities,Hyderabad,DEV_2005,Android,1,1,2,821.82,1.03,0,0,0
TX_UPI_102512,2026-08-03 18:44:01,18,CUST_1616,normal,BEN_3374,854.84,Paytm,@paytm,Utilities,Mumbai,DEV_1028,iOS,0,1,1,903.34,0.95,0,0,0
TX_UPI_102513,2026-08-07 17:49:23,17,CUST_1474,normal,BEN_1052,951.25,Paytm,@upi,Travel,Ahmedabad,DEV_1523,iOS,0,1,5,1070.42,0.89,0,0,0
TX_UPI_102514,2026-08-01 01:05:13,1,CUST_1688,normal,BEN_5502,1835.94,BHIM,@upi,Utilities,Delhi_NCR,DEV_2750,Android,0,1,6,1333.96,1.38,0,0,0
TX_UPI_102515,2026-08-03 13:54:10,13,CUST_1515,normal,BEN_3142,1576.41,BHIM,@icici,Utilities,Delhi_NCR,DEV_2137,iOS,0,1,4,844.61,1.87,0,0,0
TX_UPI_102516,2026-08-01 03:13:52,3,CUST_1306,normal,BEN_1300,1791.96,iMobile,@paytm,Travel,Kolkata,DEV_2356,Android,0,1,7,1162.11,1.54,0,1,0
TX_UPI_102517,2026-08-03 19:27:43,19,CUST_1096,normal,BEN_3785,2733.81,PhonePe,@ybl,Grocery,Pune,DEV_1421,iOS,0,1,1,803.0,3.4,0,0,0
TX_UPI_102518,2026-08-07 07:42:35,7,CUST_1673,normal,BEN_3141,1884.16,Paytm,@upi,Grocery,Chennai,DEV_1315,Android,1,1,4,1395.31,1.35,0,0,0
TX_UPI_102519,2026-08-09 14:04:49,14,CUST_1019,mule,BEN_6127,34690.57,Paytm,@icici,Jewelry,Hyderabad,DEV_1516,iOS,1,1,16,30218.44,1.15,1,0,0
TX_UPI_102520,2026-08-05 09:16:26,9,CUST_1755,normal,BEN_1600,10.0,Cred,@sbi,Utilities,Chennai,DEV_1341,iOS,0,1,1,1313.39,0.01,0,0,0
TX_UPI_102521,2026-08-05 23:27:14,23,CUST_1198,normal,BEN_5004,1898.23,iMobile,@upi,Utilities,Chennai,DEV_1363,iOS,0,1,4,666.94,2.85,0,0,0
TX_UPI_102522,2026-08-07 18:49:13,18,CUST_1435,normal,BEN_3104,913.28,GPay,@ybl,Grocery,Pune,DEV_1994,Android,1,1,1,1362.37,0.67,0,0,0
TX_UPI_102523,2026-08-08 22:00:46,22,CUST_1557,normal,BEN_2067,733.02,Paytm,@ybl,Peer_to_Peer,Kolkata,DEV_2750,iOS,0,1,1,1087.15,0.67,1,0,0
TX_UPI_102524,2026-08-01 08:01:47,8,CUST_1033,normal,BEN_1870,687.88,GPay,@okaxis,Utilities,Bengaluru,DEV_2248,Android,0,1,6,903.65,0.76,1,0,0
TX_UPI_102525,2026-08-04 01:08:32,1,CUST_1511,normal,BEN_5945,80.62,Cred,@ybl,Grocery,Bengaluru,DEV_2198,iOS,1,1,1,1072.61,0.08,0,0,0
TX_UPI_102526,2026-08-05 15:59:09,15,CUST_1795,normal,BEN_6151,750.46,Paytm,@upi,Peer_to_Peer,Mumbai,DEV_2718,iOS,0,1,1,1365.41,0.55,0,0,0
TX_UPI_102527,2026-08-09 00:40:12,0,CUST_1027,normal,BEN_2893,1733.8,BHIM,@upi,Grocery,Kolkata,DEV_2364,iOS,0,1,3,1407.44,1.23,0,0,0
TX_UPI_102528,2026-08-03 04:47:08,4,CUST_1779,normal,BEN_2832,1730.03,PhonePe,@upi,Peer_to_Peer,Delhi_NCR,DEV_1625,iOS,1,1,2,830.59,2.08,0,0,0
TX_UPI_102529,2026-08-04 05:45:25,5,CUST_1371,normal,BEN_6587,1854.39,Cred,@upi,Grocery,Bengaluru,DEV_1741,iOS,0,1,4,1120.74,1.65,0,0,0
TX_UPI_102530,2026-08-09 06:26:24,6,CUST_1343,normal,BEN_5088,522.8,Paytm,@sbi,Grocery,Bengaluru,DEV_2384,iOS,0,1,5,898.68,0.58,0,0,0
TX_UPI_102531,2026-08-08 02:45:15,2,CUST_1434,normal,BEN_1514,1118.41,Cred,@paytm,Utilities,Kolkata,DEV_2544,iOS,0,1,6,921.4,1.21,0,0,0
TX_UPI_102532,2026-08-07 01:54:48,1,CUST_1387,normal,BEN_6708,10.0,BHIM,@icici,Peer_to_Peer,Pune,DEV_2943,Android,0,1,1,1318.63,0.01,0,0,0
TX_UPI_102533,2026-08-05 15:27:47,15,CUST_1205,normal,BEN_4475,1403.78,PhonePe,@upi,Travel,Kolkata,DEV_2347,iOS,0,1,3,957.82,1.47,0,0,0
TX_UPI_102534,2026-08-07 06:56:56,6,CUST_1455,normal,BEN_3124,1588.29,iMobile,@sbi,Travel,Kolkata,DEV_2267,iOS,0,1,2,1153.36,1.38,0,0,0
TX_UPI_102535,2026-08-08 15:01:20,15,CUST_1828,normal,BEN_3070,615.0,iMobile,@ybl,Grocery,Pune,DEV_2857,iOS,0,1,2,927.0,0.66,0,0,0
TX_UPI_102536,2026-08-03 22:17:40,22,CUST_1453,normal,BEN_5294,899.67,BHIM,@ybl,Travel,Mumbai,DEV_2391,iOS,0,1,3,1136.51,0.79,0,0,0
TX_UPI_102537,2026-08-03 21:02:17,21,CUST_1451,normal,BEN_1059,10.0,Paytm,@paytm,Peer_to_Peer,Mumbai,DEV_2075,iOS,0,1,2,986.02,0.01,0,0,0
TX_UPI_102538,2026-08-03 06:19:50,6,CUST_1738,normal,BEN_4111,2404.05,Cred,@okaxis,Grocery,Hyderabad,DEV_2230,iOS,0,1,1,1119.07,2.15,0,0,0
TX_UPI_102539,2026-08-06 13:34:34,13,CUST_1214,normal,BEN_6912,2396.02,GPay,@paytm,Grocery,Bengaluru,DEV_1002,iOS,0,1,1,1174.55,2.04,0,0,0
TX_UPI_102540,2026-08-01 13:21:58,13,CUST_1821,normal,BEN_2887,558.18,iMobile,@ybl,Travel,Kolkata,DEV_2057,iOS,0,1,2,887.25,0.63,0,0,0
TX_UPI_102541,2026-08-06 16:06:17,16,CUST_1287,normal,BEN_4537,614.51,iMobile,@upi,Peer_to_Peer,Pune,DEV_2768,iOS,0,1,9,1282.67,0.48,0,0,0
TX_UPI_102542,2026-08-10 12:17:43,12,CUST_1584,normal,BEN_5871,2081.39,Cred,@upi,Grocery,Pune,DEV_1687,Android,1,1,4,694.5,3.0,0,0,0
TX_UPI_102543,2026-08-02 01:51:40,1,CUST_1021,normal,BEN_4956,1515.97,PhonePe,@sbi,Peer_to_Peer,Ahmedabad,DEV_1091,iOS,1,1,6,875.18,1.73,0,0,0
TX_UPI_102544,2026-08-07 06:48:18,6,CUST_1268,normal,BEN_5246,1972.26,Cred,@upi,Travel,Ahmedabad,DEV_1414,iOS,0,1,5,1524.49,1.29,0,0,0
TX_UPI_102545,2026-08-04 21:37:25,21,CUST_1457,normal,BEN_5833,865.77,iMobile,@paytm,Utilities,Pune,DEV_2081,iOS,0,1,1,993.21,0.87,0,0,0
TX_UPI_102546,2026-08-03 06:05:51,6,CUST_1778,normal,BEN_4544,2348.46,BHIM,@okaxis,Grocery,Kolkata,DEV_1684,iOS,1,1,1,583.59,4.02,0,0,0
TX_UPI_102547,2026-08-08 06:40:45,6,CUST_1186,normal,BEN_2789,1271.52,PhonePe,@sbi,Travel,Kolkata,DEV_2766,Android,0,1,3,1081.85,1.18,0,0,0
TX_UPI_102548,2026-08-02 05:50:30,5,CUST_1716,normal,BEN_5100,1956.25,iMobile,@ybl,Grocery,Hyderabad,DEV_1842,iOS,0,1,2,630.48,3.1,0,0,0
TX_UPI_102549,2026-08-01 19:15:50,19,CUST_1776,normal,BEN_1245,2835.59,GPay,@sbi,Utilities,Kolkata,DEV_1243,iOS,0,1,2,825.83,3.43,0,0,0
TX_UPI_102550,2026-08-09 06:16:37,6,CUST_1660,normal,BEN_1087,2082.98,Paytm,@upi,Peer_to_Peer,Pune,DEV_2649,Android,0,1,3,1064.79,1.96,0,0,0
TX_UPI_102551,2026-08-04 23:42:03,23,CUST_1675,normal,BEN_3148,1586.23,Paytm,@sbi,Utilities,Mumbai,DEV_2797,iOS,0,1,6,999.97,1.59,0,0,0
TX_UPI_102552,2026-08-06 11:33:47,11,CUST_1567,normal,BEN_1677,2415.96,Cred,@ybl,Travel,Kolkata,DEV_1503,iOS,0,1,1,1262.35,1.91,0,0,0
TX_UPI_102553,2026-08-04 05:48:48,5,CUST_1042,normal,BEN_2637,528.38,Cred,@icici,Travel,Chennai,DEV_1049,Android,0,1,6,1114.09,0.47,0,0,0
TX_UPI_102554,2026-08-09 15:44:52,15,CUST_1350,normal,BEN_3962,661.68,PhonePe,@upi,Peer_to_Peer,Mumbai,DEV_2522,Android,0,1,5,1294.37,0.51,0,0,0
TX_UPI_102555,2026-08-03 15:46:20,15,CUST_1021,normal,BEN_4273,1713.52,Cred,@ybl,Grocery,Hyderabad,DEV_2740,iOS,0,1,1,963.84,1.78,0,1,0
TX_UPI_102556,2026-08-04 08:09:05,8,CUST_1824,normal,BEN_2338,1196.74,GPay,@ybl,Utilities,Ahmedabad,DEV_2893,Android,0,1,3,1259.94,0.95,0,0,0
TX_UPI_102557,2026-08-04 23:03:31,23,CUST_1004,normal,BEN_6441,10.0,GPay,@paytm,Peer_to_Peer,Delhi_NCR,DEV_1160,Android,0,1,4,1010.4,0.01,0,0,0
TX_UPI_102558,2026-08-02 12:47:31,12,CUST_1827,normal,BEN_2945,529.2,GPay,@paytm,Travel,Bengaluru,DEV_2160,Android,1,1,2,1028.51,0.51,0,0,0
TX_UPI_102559,2026-08-03 15:21:20,15,CUST_1528,suspicious,BEN_2675,10.0,Paytm,@upi,Electronics,Ahmedabad,DEV_2812,iOS,1,1,12,20470.6,0.0,0,1,1
TX_UPI_102560,2026-08-04 23:22:01,23,CUST_1242,normal,BEN_2284,1626.23,Cred,@okaxis,Utilities,Chennai,DEV_2097,Android,0,1,2,1028.37,1.58,0,0,0
TX_UPI_102561,2026-08-04 07:57:01,7,CUST_1134,normal,BEN_3968,2433.82,Cred,@paytm,Grocery,Bengaluru,DEV_1378,iOS,0,1,5,1296.55,1.88,0,0,0
TX_UPI_102562,2026-08-05 02:34:48,2,CUST_1605,normal,BEN_4467,800.1,GPay,@ybl,Travel,Mumbai,DEV_2177,Android,0,1,5,1023.86,0.78,0,0,0
TX_UPI_102563,2026-08-06 12:05:11,12,CUST_1396,normal,BEN_6804,1043.13,GPay,@sbi,Travel,Chennai,DEV_2688,Android,0,1,4,936.72,1.11,0,0,0
TX_UPI_102564,2026-08-07 04:40:15,4,CUST_1585,normal,BEN_6831,2394.4,PhonePe,@sbi,Peer_to_Peer,Pune,DEV_1833,iOS,0,1,3,1228.41,1.95,0,0,0
TX_UPI_102565,2026-08-05 09:10:53,9,CUST_1354,normal,BEN_3724,2364.48,Paytm,@icici,Utilities,Hyderabad,DEV_2763,iOS,1,1,6,741.86,3.19,0,0,0
TX_UPI_102566,2026-08-06 10:05:32,10,CUST_1449,normal,BEN_5068,1555.92,Paytm,@paytm,Travel,Ahmedabad,DEV_2285,iOS,0,1,5,1294.05,1.2,0,0,0
TX_UPI_102567,2026-08-02 10:12:58,10,CUST_1129,normal,BEN_3363,309.36,PhonePe,@icici,Grocery,Ahmedabad,DEV_2743,Android,0,1,2,1318.69,0.23,0,0,0
TX_UPI_102568,2026-08-01 18:05:41,18,CUST_1727,normal,BEN_3543,590.59,Paytm,@paytm,Grocery,Chennai,DEV_2121,iOS,0,1,3,1458.21,0.41,0,0,0
TX_UPI_102569,2026-08-02 14:36:51,14,CUST_1202,normal,BEN_5002,1161.76,iMobile,@icici,Grocery,Chennai,DEV_2349,iOS,0,1,2,869.37,1.34,0,0,0
TX_UPI_102570,2026-08-10 10:10:43,10,CUST_1461,normal,BEN_3466,1466.18,BHIM,@upi,Utilities,Pune,DEV_1769,Android,0,1,1,1020.64,1.44,0,0,0
TX_UPI_102571,2026-08-05 19:43:20,19,CUST_1369,normal,BEN_1927,1466.58,PhonePe,@okaxis,Grocery,Pune,DEV_2942,iOS,0,1,6,1240.21,1.18,0,0,0
TX_UPI_102572,2026-08-04 10:24:20,10,CUST_1373,normal,BEN_3913,628.75,Paytm,@icici,Utilities,Hyderabad,DEV_1723,iOS,0,1,6,1008.12,0.62,0,0,0
TX_UPI_102573,2026-08-06 03:29:17,3,CUST_1571,normal,BEN_6390,211.44,iMobile,@ybl,Grocery,Hyderabad,DEV_2626,iOS,0,1,3,1425.16,0.15,0,0,0
TX_UPI_102574,2026-08-10 11:52:01,11,CUST_1627,normal,BEN_5118,1332.19,Paytm,@okaxis,Grocery,Pune,DEV_1061,Android,0,1,4,1472.93,0.9,0,0,0
TX_UPI_102575,2026-08-05 00:00:41,0,CUST_1696,normal,BEN_6126,54.92,BHIM,@icici,Peer_to_Peer,Chennai,DEV_1191,Android,0,1,1,692.2,0.08,0,0,0
TX_UPI_102576,2026-08-10 10:44:09,10,CUST_1630,normal,BEN_5288,1498.12,iMobile,@ybl,Travel,Bengaluru,DEV_1073,iOS,0,1,4,1450.26,1.03,0,0,0
TX_UPI_102577,2026-08-01 07:07:11,7,CUST_1090,normal,BEN_1641,1394.78,GPay,@paytm,Peer_to_Peer,Chennai,DEV_2223,Android,0,1,3,1080.43,1.29,0,1,0
TX_UPI_102578,2026-08-01 09:36:20,9,CUST_1625,normal,BEN_5674,1294.17,iMobile,@ybl,Utilities,Hyderabad,DEV_2926,Android,0,1,1,1730.48,0.75,0,0,0
TX_UPI_102579,2026-08-08 17:19:49,17,CUST_1458,normal,BEN_3434,1615.9,Cred,@ybl,Peer_to_Peer,Bengaluru,DEV_2081,Android,0,1,4,1227.64,1.32,0,0,0
TX_UPI_102580,2026-08-06 05:54:35,5,CUST_1413,normal,BEN_1064,1767.53,PhonePe,@sbi,Utilities,Pune,DEV_2513,Android,0,1,3,928.5,1.9,0,0,0
TX_UPI_102581,2026-08-05 21:53:39,21,CUST_1445,normal,BEN_4383,1679.56,Paytm,@upi,Utilities,Pune,DEV_2490,Android,0,1,4,885.63,1.9,0,0,0
TX_UPI_102582,2026-08-10 06:49:03,6,CUST_1170,normal,BEN_4623,2335.23,BHIM,@icici,Peer_to_Peer,Kolkata,DEV_1490,iOS,0,1,4,1255.16,1.86,0,0,0
TX_UPI_102583,2026-08-04 16:03:59,16,CUST_1279,normal,BEN_5312,2313.54,Cred,@icici,Utilities,Delhi_NCR,DEV_1794,iOS,1,1,4,1156.07,2.0,0,0,0
TX_UPI_102584,2026-08-07 21:44:38,21,CUST_1631,normal,BEN_3679,1848.02,iMobile,@paytm,Travel,Hyderabad,DEV_2659,Android,0,1,2,1092.97,1.69,0,0,0
TX_UPI_102585,2026-08-02 20:26:48,20,CUST_1641,normal,BEN_5826,1300.44,BHIM,@icici,Grocery,Mumbai,DEV_1549,iOS,0,1,2,1636.23,0.79,0,0,0
TX_UPI_102586,2026-08-07 12:38:17,12,CUST_1186,normal,BEN_6324,74.17,PhonePe,@icici,Peer_to_Peer,Delhi_NCR,DEV_2361,Android,0,1,1,1395.41,0.05,0,0,0
TX_UPI_102587,2026-08-01 15:16:40,15,CUST_1231,normal,BEN_5571,1770.61,BHIM,@ybl,Utilities,Hyderabad,DEV_2447,iOS,1,1,1,1225.75,1.44,0,0,0
TX_UPI_102588,2026-08-06 23:17:16,23,CUST_1308,normal,BEN_3003,2374.28,iMobile,@icici,Travel,Chennai,DEV_2026,iOS,0,1,3,1703.72,1.39,0,0,0
TX_UPI_102589,2026-08-06 10:53:03,10,CUST_1678,normal,BEN_4156,10.0,BHIM,@sbi,Utilities,Chennai,DEV_2028,iOS,1,1,5,1359.97,0.01,0,0,0
TX_UPI_102590,2026-08-08 17:35:54,17,CUST_1766,normal,BEN_3092,1913.08,BHIM,@sbi,Utilities,Kolkata,DEV_2308,iOS,0,1,3,1010.29,1.89,0,0,0
TX_UPI_102591,2026-08-05 11:05:03,11,CUST_1420,normal,BEN_3058,1555.32,GPay,@paytm,Peer_to_Peer,Kolkata,DEV_1395,iOS,0,1,5,1224.59,1.27,0,0,0
TX_UPI_102592,2026-08-06 12:47:39,12,CUST_1732,normal,BEN_3668,2032.05,GPay,@paytm,Grocery,Delhi_NCR,DEV_1511,Android,0,1,1,1025.33,1.98,0,0,0
TX_UPI_102593,2026-08-05 23:05:08,23,CUST_1383,normal,BEN_5483,447.99,iMobile,@okaxis,Utilities,Hyderabad,DEV_1648,Android,0,1,3,1323.65,0.34,0,0,0
TX_UPI_102594,2026-08-09 14:40:40,14,CUST_1576,normal,BEN_2677,1286.39,Cred,@upi,Travel,Kolkata,DEV_2454,iOS,0,1,9,1126.42,1.14,0,0,0
TX_UPI_102595,2026-08-03 11:33:06,11,CUST_1561,normal,BEN_5140,1247.75,GPay,@okaxis,Travel,Kolkata,DEV_2884,Android,1,1,4,926.93,1.35,0,1,0
TX_UPI_102596,2026-08-08 07:40:36,7,CUST_1083,normal,BEN_6360,1153.73,Cred,@paytm,Travel,Chennai,DEV_2843,iOS,0,1,6,1107.35,1.04,0,0,0
TX_UPI_102597,2026-08-01 06:05:46,6,CUST_1341,normal,BEN_6049,565.23,PhonePe,@upi,Travel,Mumbai,DEV_1719,Android,1,1,2,971.95,0.58,0,0,0
TX_UPI_102598,2026-08-07 02:44:32,2,CUST_1198,normal,BEN_6993,1259.09,GPay,@paytm,Grocery,Mumbai,DEV_1981,iOS,0,1,6,758.28,1.66,0,1,0
TX_UPI_102599,2026-08-10 02:47:39,2,CUST_1156,normal,BEN_3778,944.14,PhonePe,@okaxis,Peer_to_Peer,Kolkata,DEV_1588,iOS,0,1,4,639.91,1.48,0,0,0
TX_UPI_102600,2026-08-02 21:08:46,21,CUST_1044,normal,BEN_3310,533.12,Paytm,@ybl,Peer_to_Peer,Bengaluru,DEV_1908,Android,1,1,2,888.97,0.6,0,0,0
TX_UPI_102601,2026-08-03 03:07:40,3,CUST_1226,normal,BEN_3914,1353.51,PhonePe,@upi,Travel,Bengaluru,DEV_2982,iOS,1,1,3,946.73,1.43,0,0,0
TX_UPI_102602,2026-08-02 19:37:47,19,CUST_1431,normal,BEN_6153,1542.37,BHIM,@ybl,Grocery,Mumbai,DEV_1829,Android,0,1,7,1473.42,1.05,0,0,0
TX_UPI_102603,2026-08-05 07:45:51,7,CUST_1766,normal,BEN_5743,10.0,iMobile,@upi,Utilities,Ahmedabad,DEV_1872,Android,0,1,5,1037.27,0.01,0,0,0
TX_UPI_102604,2026-08-07 08:12:13,8,CUST_1093,normal,BEN_2973,1324.12,BHIM,@upi,Utilities,Hyderabad,DEV_2990,Android,0,1,3,1108.22,1.19,0,0,0
TX_UPI_102605,2026-08-05 11:56:16,11,CUST_1279,normal,BEN_4429,1321.13,Cred,@paytm,Utilities,Chennai,DEV_2783,Android,0,1,2,864.87,1.53,0,0,0
TX_UPI_102606,2026-08-02 07:32:12,7,CUST_1723,normal,BEN_2447,841.04,Cred,@ybl,Travel,Mumbai,DEV_1555,Android,0,1,4,1223.76,0.69,0,0,0
TX_UPI_102607,2026-08-07 23:03:17,23,CUST_1025,normal,BEN_6344,1882.68,PhonePe,@sbi,Travel,Mumbai,DEV_1140,iOS,0,1,3,1148.12,1.64,0,0,0
TX_UPI_102608,2026-08-08 08:44:27,8,CUST_1226,normal,BEN_3030,1970.0,PhonePe,@paytm,Peer_to_Peer,Kolkata,DEV_2481,iOS,0,1,6,1065.88,1.85,0,1,0
TX_UPI_102609,2026-08-05 11:16:35,11,CUST_1716,normal,BEN_5732,1023.25,Paytm,@ybl,Travel,Ahmedabad,DEV_1005,Android,0,1,4,804.07,1.27,0,0,0
TX_UPI_102610,2026-08-06 10:46:22,10,CUST_1033,normal,BEN_4788,1045.11,iMobile,@sbi,Utilities,Delhi_NCR,DEV_2610,Android,0,1,5,1234.07,0.85,0,0,0
TX_UPI_102611,2026-08-09 11:54:37,11,CUST_1637,suspicious,BEN_6141,23135.18,PhonePe,@icici,Electronics,Hyderabad,DEV_2885,Android,1,1,19,20746.89,1.12,1,0,1
TX_UPI_102612,2026-08-02 07:35:08,7,CUST_1464,normal,BEN_3904,1762.79,BHIM,@icici,Utilities,Ahmedabad,DEV_1075,iOS,0,1,3,1013.77,1.74,0,0,0
TX_UPI_102613,2026-08-09 12:18:38,12,CUST_1070,normal,BEN_5830,910.62,GPay,@sbi,Grocery,Chennai,DEV_2827,iOS,0,1,3,972.51,0.94,0,0,0
TX_UPI_102614,2026-08-03 13:42:54,13,CUST_1384,normal,BEN_5932,1726.51,Paytm,@sbi,Travel,Ahmedabad,DEV_2063,Android,0,1,3,1462.31,1.18,0,0,0
TX_UPI_102615,2026-08-05 07:23:04,7,CUST_1152,normal,BEN_1175,2372.17,iMobile,@paytm,Grocery,Hyderabad,DEV_1956,iOS,0,1,2,1096.73,2.16,0,0,0
TX_UPI_102616,2026-08-05 18:09:57,18,CUST_1184,normal,BEN_6345,679.47,GPay,@upi,Utilities,Chennai,DEV_1301,iOS,0,1,3,1560.58,0.44,0,0,0
TX_UPI_102617,2026-08-10 05:23:28,5,CUST_1131,normal,BEN_5596,953.94,iMobile,@sbi,Utilities,Kolkata,DEV_1248,Android,0,1,4,1209.92,0.79,1,0,0
TX_UPI_102618,2026-08-01 00:56:24,0,CUST_1601,normal,BEN_5552,399.5,iMobile,@okaxis,Utilities,Pune,DEV_2668,Android,0,1,2,790.55,0.51,0,0,0
TX_UPI_102619,2026-08-05 22:19:08,22,CUST_1682,normal,BEN_6474,491.22,PhonePe,@icici,Peer_to_Peer,Mumbai,DEV_2902,iOS,0,1,1,1210.7,0.41,0,0,0
TX_UPI_102620,2026-08-02 00:38:57,0,CUST_1284,normal,BEN_4159,2843.36,iMobile,@icici,Peer_to_Peer,Ahmedabad,DEV_2428,Android,0,1,4,740.1,3.84,0,0,0
TX_UPI_102621,2026-08-10 09:07:33,9,CUST_1752,normal,BEN_5021,685.78,Cred,@upi,Grocery,Pune,DEV_1057,iOS,0,1,3,835.78,0.82,0,0,0
TX_UPI_102622,2026-08-10 22:05:43,22,CUST_1171,normal,BEN_2676,1888.15,PhonePe,@okaxis,Peer_to_Peer,Chennai,DEV_2988,Android,0,1,5,802.69,2.35,0,0,0
TX_UPI_102623,2026-08-09 20:48:16,20,CUST_1543,suspicious,BEN_1399,41051.46,iMobile,@icici,Peer_to_Peer,Delhi_NCR,DEV_1091,iOS,1,1,30,35473.81,1.16,1,1,1
TX_UPI_102624,2026-08-03 07:05:24,7,CUST_1371,normal,BEN_6955,3492.17,Cred,@okaxis,Peer_to_Peer,Delhi_NCR,DEV_2003,Android,0,1,2,1757.81,1.99,0,0,0
TX_UPI_102625,2026-08-05 12:52:54,12,CUST_1628,normal,BEN_5399,916.63,Cred,@sbi,Grocery,Chennai,DEV_1442,iOS,0,1,2,1158.5,0.79,0,0,0
TX_UPI_102626,2026-08-02 18:06:59,18,CUST_1791,normal,BEN_4112,734.35,GPay,@okaxis,Peer_to_Peer,Hyderabad,DEV_2427,Android,0,1,4,763.18,0.96,0,0,0
TX_UPI_102627,2026-08-02 01:56:12,1,CUST_1582,normal,BEN_2957,1009.0,BHIM,@icici,Peer_to_Peer,Hyderabad,DEV_1756,Android,0,1,6,1066.31,0.95,0,0,0
TX_UPI_102628,2026-08-01 11:32:09,11,CUST_1328,normal,BEN_2901,1313.28,iMobile,@upi,Grocery,Delhi_NCR,DEV_1765,iOS,0,1,4,1360.96,0.96,0,0,0
TX_UPI_102629,2026-08-09 04:45:51,4,CUST_1283,normal,BEN_2014,10.0,Cred,@upi,Utilities,Pune,DEV_2032,iOS,0,1,5,1015.65,0.01,0,0,0
TX_UPI_102630,2026-08-05 11:18:04,11,CUST_1125,normal,BEN_5743,1333.31,BHIM,@ybl,Grocery,Delhi_NCR,DEV_1281,Android,0,1,6,793.4,1.68,0,0,0
TX_UPI_102631,2026-08-07 21:20:32,21,CUST_1666,normal,BEN_6277,389.88,Paytm,@sbi,Peer_to_Peer,Ahmedabad,DEV_2713,iOS,0,1,1,948.2,0.41,0,0,0
TX_UPI_102632,2026-08-10 11:28:31,11,CUST_1576,normal,BEN_2028,2264.35,GPay,@upi,Utilities,Pune,DEV_1151,Android,0,1,3,758.37,2.99,0,0,0
TX_UPI_102633,2026-08-09 10:37:40,10,CUST_1078,normal,BEN_1259,811.46,GPay,@sbi,Travel,Chennai,DEV_1720,iOS,0,1,1,809.96,1.0,0,0,0
TX_UPI_102634,2026-08-09 21:31:22,21,CUST_1806,normal,BEN_3886,1511.06,PhonePe,@upi,Grocery,Chennai,DEV_2318,iOS,0,1,1,1347.03,1.12,0,0,0
TX_UPI_102635,2026-08-05 13:58:28,13,CUST_1809,normal,BEN_4274,1143.1,BHIM,@okaxis,Travel,Chennai,DEV_1033,iOS,0,1,4,1013.19,1.13,0,0,0
TX_UPI_102636,2026-08-02 06:55:11,6,CUST_1061,normal,BEN_4987,1818.28,iMobile,@okaxis,Travel,Mumbai,DEV_1298,iOS,0,1,5,1160.41,1.57,0,0,0
TX_UPI_102637,2026-08-02 19:45:52,19,CUST_1117,normal,BEN_6099,1651.83,GPay,@okaxis,Utilities,Bengaluru,DEV_2251,iOS,0,1,3,1210.13,1.37,0,0,0
TX_UPI_102638,2026-08-04 21:29:10,21,CUST_1215,normal,BEN_3661,929.7,Cred,@paytm,Peer_to_Peer,Bengaluru,DEV_1182,Android,1,1,4,1014.09,0.92,0,0,0
TX_UPI_102639,2026-08-02 02:56:42,2,CUST_1421,normal,BEN_3473,834.23,Paytm,@sbi,Utilities,Delhi_NCR,DEV_1383,iOS,0,1,2,1192.25,0.7,0,0,0
TX_UPI_102640,2026-08-03 03:48:28,3,CUST_1126,suspicious,BEN_6809,51590.91,PhonePe,@paytm,Peer_to_Peer,Pune,DEV_2275,iOS,1,1,27,18414.55,2.8,1,1,1
TX_UPI_102641,2026-08-02 00:16:49,0,CUST_1768,normal,BEN_4153,2231.36,BHIM,@ybl,Travel,Pune,DEV_1565,Android,1,1,3,1224.18,1.82,0,0,0
TX_UPI_102642,2026-08-04 03:29:38,3,CUST_1483,normal,BEN_3046,475.03,iMobile,@okaxis,Travel,Mumbai,DEV_1103,iOS,0,1,4,1155.29,0.41,0,0,0
TX_UPI_102643,2026-08-03 07:18:29,7,CUST_1345,normal,BEN_2452,12.32,PhonePe,@okaxis,Travel,Pune,DEV_2515,Android,0,1,5,1403.02,0.01,0,0,0
TX_UPI_102644,2026-08-05 15:32:52,15,CUST_1526,normal,BEN_6443,1060.28,GPay,@icici,Grocery,Chennai,DEV_1518,iOS,0,1,6,1034.47,1.02,0,0,0
TX_UPI_102645,2026-08-09 04:20:57,4,CUST_1201,normal,BEN_5242,1879.67,BHIM,@upi,Peer_to_Peer,Chennai,DEV_1287,Android,0,1,1,1660.51,1.13,0,0,0
TX_UPI_102646,2026-08-04 21:03:34,21,CUST_1565,normal,BEN_4878,2396.37,GPay,@upi,Travel,Bengaluru,DEV_2488,iOS,0,1,3,606.7,3.95,0,0,0
TX_UPI_102647,2026-08-03 01:34:10,1,CUST_1087,normal,BEN_5672,1430.42,Cred,@okaxis,Travel,Bengaluru,DEV_1327,iOS,0,1,1,1186.76,1.21,0,0,0
TX_UPI_102648,2026-08-02 00:29:35,0,CUST_1221,normal,BEN_1991,1529.25,Cred,@paytm,Grocery,Kolkata,DEV_2188,Android,0,1,2,1349.03,1.13,0,1,0
TX_UPI_102649,2026-08-10 23:04:21,23,CUST_1727,normal,BEN_1351,1844.46,GPay,@okaxis,Travel,Ahmedabad,DEV_2822,iOS,0,1,5,1082.13,1.7,0,0,0
TX_UPI_102650,2026-08-07 02:33:59,2,CUST_1525,normal,BEN_3435,67.58,Cred,@upi,Grocery,Kolkata,DEV_2278,iOS,0,1,5,1015.11,0.07,0,0,0
TX_UPI_102651,2026-08-05 16:18:35,16,CUST_1468,normal,BEN_3237,88.18,iMobile,@paytm,Utilities,Bengaluru,DEV_1639,iOS,0,1,6,1583.86,0.06,0,0,0
TX_UPI_102652,2026-08-09 17:31:04,17,CUST_1116,normal,BEN_2562,1167.0,Cred,@sbi,Peer_to_Peer,Mumbai,DEV_1201,Android,0,1,8,1101.92,1.06,0,0,0
TX_UPI_102653,2026-08-07 11:25:41,11,CUST_1785,normal,BEN_3053,895.64,PhonePe,@ybl,Travel,Pune,DEV_2112,Android,0,1,2,1472.9,0.61,0,0,0
TX_UPI_102654,2026-08-05 18:29:19,18,CUST_1488,normal,BEN_2142,575.88,GPay,@sbi,Utilities,Hyderabad,DEV_1020,Android,0,1,5,945.8,0.61,0,0,0
TX_UPI_102655,2026-08-06 03:28:23,3,CUST_1451,normal,BEN_3547,831.75,GPay,@upi,Peer_to_Peer,Ahmedabad,DEV_1060,iOS,0,1,6,988.79,0.84,0,0,0
TX_UPI_102656,2026-08-06 04:15:29,4,CUST_1725,normal,BEN_5416,876.16,BHIM,@upi,Grocery,Pune,DEV_2989,Android,0,1,6,1463.38,0.6,0,0,0
TX_UPI_102657,2026-08-08 21:24:37,21,CUST_1346,normal,BEN_2791,1715.75,PhonePe,@paytm,Peer_to_Peer,Mumbai,DEV_1493,Android,0,1,2,957.45,1.79,0,0,0
TX_UPI_102658,2026-08-02 18:07:46,18,CUST_1290,mule,BEN_4541,36598.31,BHIM,@ybl,Jewelry,Chennai,DEV_1374,iOS,1,1,28,25572.8,1.43,1,0,1
TX_UPI_102659,2026-08-03 12:24:00,12,CUST_1607,normal,BEN_5513,1778.43,PhonePe,@upi,Utilities,Kolkata,DEV_2189,Android,0,1,4,668.23,2.66,0,0,0
TX_UPI_102660,2026-08-07 04:55:25,4,CUST_1590,normal,BEN_4763,456.86,PhonePe,@upi,Grocery,Hyderabad,DEV_2591,Android,0,1,2,1062.51,0.43,1,0,0
TX_UPI_102661,2026-08-08 21:32:02,21,CUST_1237,normal,BEN_6031,2711.42,Paytm,@upi,Peer_to_Peer,Hyderabad,DEV_2067,Android,0,1,4,878.21,3.09,0,0,0
TX_UPI_102662,2026-08-08 04:46:24,4,CUST_1191,normal,BEN_3559,1376.5,iMobile,@okaxis,Grocery,Hyderabad,DEV_1510,iOS,0,1,3,1157.94,1.19,0,0,0
TX_UPI_102663,2026-08-05 13:12:50,13,CUST_1006,normal,BEN_5733,1664.45,iMobile,@icici,Peer_to_Peer,Pune,DEV_2348,iOS,0,1,6,1074.17,1.55,0,0,0
TX_UPI_102664,2026-08-06 01:12:43,1,CUST_1721,normal,BEN_1094,2511.17,BHIM,@ybl,Travel,Bengaluru,DEV_2119,Android,0,1,5,910.21,2.76,0,0,0
TX_UPI_102665,2026-08-09 23:29:46,23,CUST_1367,normal,BEN_4037,2967.88,Paytm,@sbi,Utilities,Delhi_NCR,DEV_2843,Android,0,1,4,879.57,3.37,0,0,0
TX_UPI_102666,2026-08-10 00:16:03,0,CUST_1335,normal,BEN_5766,2522.33,Cred,@okaxis,Grocery,Chennai,DEV_1197,iOS,0,1,8,1072.07,2.35,0,0,0
TX_UPI_102667,2026-08-05 23:37:52,23,CUST_1509,normal,BEN_4513,797.08,Paytm,@paytm,Travel,Bengaluru,DEV_2762,Android,0,1,3,1251.54,0.64,0,1,0
TX_UPI_102668,2026-08-04 01:20:40,1,CUST_1066,normal,BEN_2943,2222.29,BHIM,@ybl,Peer_to_Peer,Ahmedabad,DEV_1288,Android,0,1,5,1104.41,2.01,0,0,0
TX_UPI_102669,2026-08-01 11:30:58,11,CUST_1726,normal,BEN_5464,2398.41,PhonePe,@sbi,Utilities,Delhi_NCR,DEV_2297,Android,0,1,3,1327.42,1.81,0,0,0
TX_UPI_102670,2026-08-04 17:28:50,17,CUST_1690,normal,BEN_1983,969.55,BHIM,@sbi,Peer_to_Peer,Chennai,DEV_2954,Android,0,1,4,1052.74,0.92,0,0,0
TX_UPI_102671,2026-08-07 01:03:56,1,CUST_1222,normal,BEN_1861,1155.32,GPay,@okaxis,Utilities,Pune,DEV_1488,Android,0,1,3,1402.76,0.82,0,0,0
TX_UPI_102672,2026-08-06 05:49:28,5,CUST_1749,normal,BEN_2924,613.66,Paytm,@icici,Peer_to_Peer,Pune,DEV_1054,Android,0,1,2,1589.04,0.39,0,1,0
TX_UPI_102673,2026-08-05 12:25:04,12,CUST_1732,normal,BEN_1554,1982.28,GPay,@sbi,Grocery,Mumbai,DEV_1264,Android,0,1,1,944.34,2.1,0,1,0
TX_UPI_102674,2026-08-02 15:14:19,15,CUST_1530,normal,BEN_5506,10.0,Paytm,@upi,Grocery,Bengaluru,DEV_2299,iOS,0,1,2,326.76,0.03,0,0,0
TX_UPI_102675,2026-08-08 08:40:47,8,CUST_1587,normal,BEN_1168,1090.41,BHIM,@okaxis,Utilities,Hyderabad,DEV_2971,Android,0,1,1,1094.38,1.0,0,0,0
TX_UPI_102676,2026-08-02 13:46:50,13,CUST_1106,normal,BEN_1368,10.0,GPay,@upi,Travel,Chennai,DEV_2783,Android,0,1,4,980.42,0.01,0,0,0
TX_UPI_102677,2026-08-02 11:31:22,11,CUST_1240,normal,BEN_3485,2401.56,Paytm,@paytm,Utilities,Chennai,DEV_2169,iOS,0,1,6,1268.48,1.89,0,0,0
TX_UPI_102678,2026-08-08 05:49:45,5,CUST_1365,normal,BEN_1697,938.71,BHIM,@sbi,Peer_to_Peer,Ahmedabad,DEV_2345,Android,0,1,7,707.27,1.33,0,0,0
TX_UPI_102679,2026-08-10 23:45:57,23,CUST_1464,normal,BEN_4039,77.15,BHIM,@upi,Utilities,Ahmedabad,DEV_2879,iOS,0,1,3,1620.97,0.05,0,0,0
TX_UPI_102680,2026-08-08 08:38:51,8,CUST_1549,normal,BEN_6208,1038.13,GPay,@icici,Travel,Hyderabad,DEV_2317,iOS,1,1,3,733.94,1.41,0,0,0
TX_UPI_102681,2026-08-08 02:57:19,2,CUST_1258,normal,BEN_4737,1956.74,Paytm,@paytm,Grocery,Kolkata,DEV_2321,Android,0,1,5,1269.38,1.54,0,0,0
TX_UPI_102682,2026-08-08 00:34:11,0,CUST_1673,normal,BEN_6191,696.62,BHIM,@paytm,Travel,Mumbai,DEV_2282,Android,0,1,2,769.65,0.91,0,0,0
TX_UPI_102683,2026-08-07 21:39:14,21,CUST_1108,normal,BEN_4205,1267.1,Cred,@sbi,Utilities,Chennai,DEV_2355,Android,1,1,1,797.42,1.59,0,0,0
TX_UPI_102684,2026-08-08 01:57:54,1,CUST_1187,normal,BEN_4363,861.05,BHIM,@okaxis,Utilities,Chennai,DEV_1063,iOS,0,1,3,950.89,0.91,0,0,0
TX_UPI_102685,2026-08-09 23:12:53,23,CUST_1479,normal,BEN_5578,1573.16,iMobile,@okaxis,Travel,Chennai,DEV_1939,Android,0,1,4,1010.84,1.56,0,0,0
TX_UPI_102686,2026-08-10 04:07:53,4,CUST_1224,normal,BEN_1295,1346.41,iMobile,@paytm,Peer_to_Peer,Pune,DEV_2918,iOS,0,1,2,1105.27,1.22,0,0,0
TX_UPI_102687,2026-08-09 11:27:56,11,CUST_1515,normal,BEN_1867,1320.48,Cred,@icici,Grocery,Delhi_NCR,DEV_2996,Android,1,1,1,1318.97,1.0,0,0,0
TX_UPI_102688,2026-08-01 06:18:36,6,CUST_1787,normal,BEN_2423,494.85,Cred,@paytm,Grocery,Ahmedabad,DEV_1255,Android,1,1,4,1359.46,0.36,0,0,0
TX_UPI_102689,2026-08-04 09:24:25,9,CUST_1097,normal,BEN_4960,1940.54,GPay,@sbi,Peer_to_Peer,Pune,DEV_1837,iOS,0,1,4,993.0,1.95,0,0,0
TX_UPI_102690,2026-08-04 13:09:05,13,CUST_1307,normal,BEN_1673,1958.01,BHIM,@okaxis,Grocery,Pune,DEV_1962,iOS,1,1,5,931.59,2.1,0,0,0
TX_UPI_102691,2026-08-02 21:44:18,21,CUST_1334,normal,BEN_1238,564.09,BHIM,@okaxis,Peer_to_Peer,Pune,DEV_1459,iOS,0,1,1,1116.97,0.51,0,0,0
TX_UPI_102692,2026-08-04 02:40:20,2,CUST_1615,normal,BEN_2864,1133.84,iMobile,@okaxis,Utilities,Hyderabad,DEV_1534,Android,1,1,6,1166.17,0.97,0,0,0
TX_UPI_102693,2026-08-07 23:04:34,23,CUST_1164,normal,BEN_5320,2267.38,Paytm,@upi,Peer_to_Peer,Mumbai,DEV_2751,iOS,0,1,2,1353.16,1.68,0,0,0
TX_UPI_102694,2026-08-04 12:00:22,12,CUST_1250,normal,BEN_3926,776.87,PhonePe,@ybl,Utilities,Bengaluru,DEV_2888,iOS,0,1,5,729.9,1.06,0,0,0
TX_UPI_102695,2026-08-08 05:12:44,5,CUST_1082,normal,BEN_2982,1388.11,BHIM,@okaxis,Travel,Mumbai,DEV_1555,Android,0,1,1,1015.89,1.37,0,0,0
TX_UPI_102696,2026-08-10 18:47:00,18,CUST_1699,normal,BEN_4112,1552.28,BHIM,@paytm,Grocery,Mumbai,DEV_1430,iOS,1,1,2,827.89,1.87,0,0,0
TX_UPI_102697,2026-08-05 02:01:45,2,CUST_1264,normal,BEN_1221,1876.89,GPay,@sbi,Peer_to_Peer,Bengaluru,DEV_2212,Android,1,1,3,962.5,1.95,1,0,0
TX_UPI_102698,2026-08-03 11:23:27,11,CUST_1054,normal,BEN_6528,1233.52,GPay,@paytm,Peer_to_Peer,Delhi_NCR,DEV_1154,Android,0,1,9,1356.84,0.91,0,0,0
TX_UPI_102699,2026-08-03 23:10:13,23,CUST_1766,normal,BEN_4476,2130.06,Paytm,@ybl,Travel,Pune,DEV_1647,Android,0,1,4,1119.96,1.9,0,0,0
TX_UPI_102700,2026-08-02 17:15:50,17,CUST_1423,normal,BEN_2717,10.0,iMobile,@okaxis,Utilities,Pune,DEV_1644,iOS,0,1,2,964.66,0.01,0,0,0
TX_UPI_102701,2026-08-02 13:03:53,13,CUST_1737,normal,BEN_1872,10.0,iMobile,@icici,Grocery,Chennai,DEV_2093,Android,0,1,1,604.6,0.02,0,0,0
TX_UPI_102702,2026-08-03 07:46:46,7,CUST_1136,normal,BEN_3849,1169.34,PhonePe,@paytm,Travel,Chennai,DEV_2690,Android,0,1,5,1345.63,0.87,0,0,0
TX_UPI_102703,2026-08-03 01:55:20,1,CUST_1520,normal,BEN_5061,1531.83,Cred,@okaxis,Peer_to_Peer,Chennai,DEV_2896,Android,0,1,2,616.3,2.49,0,0,0
TX_UPI_102704,2026-08-05 09:03:54,9,CUST_1265,normal,BEN_6765,10.0,Paytm,@ybl,Travel,Chennai,DEV_1574,Android,0,1,1,866.67,0.01,0,0,0
TX_UPI_102705,2026-08-04 05:03:13,5,CUST_1813,normal,BEN_3312,1072.2,Cred,@ybl,Utilities,Mumbai,DEV_1874,iOS,1,1,1,1161.35,0.92,1,0,0
TX_UPI_102706,2026-08-07 15:07:55,15,CUST_1444,normal,BEN_3990,1014.18,PhonePe,@sbi,Travel,Ahmedabad,DEV_2651,iOS,0,1,4,1353.66,0.75,0,0,0
TX_UPI_102707,2026-08-04 12:32:32,12,CUST_1668,normal,BEN_1181,255.81,BHIM,@okaxis,Travel,Bengaluru,DEV_1248,Android,0,1,4,1076.65,0.24,0,0,0
TX_UPI_102708,2026-08-05 07:10:34,7,CUST_1748,normal,BEN_4556,933.21,PhonePe,@icici,Utilities,Kolkata,DEV_1189,Android,0,1,5,1290.96,0.72,0,0,0
TX_UPI_102709,2026-08-08 16:09:04,16,CUST_1761,normal,BEN_2174,442.81,Paytm,@upi,Grocery,Mumbai,DEV_2154,iOS,0,1,3,1147.49,0.39,0,0,0
TX_UPI_102710,2026-08-04 14:24:18,14,CUST_1206,normal,BEN_2078,981.59,GPay,@sbi,Travel,Kolkata,DEV_1445,Android,0,1,5,1147.49,0.86,0,0,0
TX_UPI_102711,2026-08-08 16:50:48,16,CUST_1611,normal,BEN_2266,2666.05,Cred,@icici,Peer_to_Peer,Pune,DEV_2920,iOS,0,1,1,1050.62,2.54,0,0,0
TX_UPI_102712,2026-08-07 01:27:13,1,CUST_1605,normal,BEN_3509,473.2,Paytm,@icici,Peer_to_Peer,Kolkata,DEV_1688,iOS,0,1,5,691.88,0.68,0,0,0
TX_UPI_102713,2026-08-02 09:46:48,9,CUST_1177,normal,BEN_6813,1477.05,BHIM,@sbi,Peer_to_Peer,Hyderabad,DEV_2009,Android,0,1,2,903.8,1.63,0,0,0
TX_UPI_102714,2026-08-07 10:06:24,10,CUST_1234,normal,BEN_2747,42.8,PhonePe,@ybl,Peer_to_Peer,Pune,DEV_1330,Android,0,1,3,1340.28,0.03,0,0,0
TX_UPI_102715,2026-08-06 14:28:15,14,CUST_1418,normal,BEN_3278,1179.85,Paytm,@sbi,Utilities,Mumbai,DEV_1082,iOS,0,1,5,1479.51,0.8,0,0,0
TX_UPI_102716,2026-08-03 19:24:07,19,CUST_1516,normal,BEN_2112,1411.0,GPay,@okaxis,Grocery,Mumbai,DEV_1013,iOS,0,1,2,1192.14,1.18,0,0,0
TX_UPI_102717,2026-08-08 21:16:56,21,CUST_1298,normal,BEN_5308,764.56,iMobile,@sbi,Peer_to_Peer,Chennai,DEV_1347,iOS,0,1,2,715.23,1.07,0,0,0
TX_UPI_102718,2026-08-10 15:26:27,15,CUST_1279,normal,BEN_3170,1941.01,PhonePe,@ybl,Peer_to_Peer,Hyderabad,DEV_2431,iOS,0,1,3,1123.7,1.73,0,0,0
TX_UPI_102719,2026-08-10 13:23:12,13,CUST_1136,normal,BEN_5738,371.23,iMobile,@upi,Utilities,Hyderabad,DEV_2576,iOS,0,1,4,897.13,0.41,0,1,0
TX_UPI_102720,2026-08-06 22:38:25,22,CUST_1451,normal,BEN_6144,1086.63,PhonePe,@okaxis,Peer_to_Peer,Pune,DEV_2830,Android,0,1,5,1269.78,0.86,0,0,0
TX_UPI_102721,2026-08-05 03:59:00,3,CUST_1221,normal,BEN_3036,1182.38,BHIM,@okaxis,Utilities,Chennai,DEV_1975,iOS,1,1,1,1798.27,0.66,0,0,0
TX_UPI_102722,2026-08-06 11:59:49,11,CUST_1227,normal,BEN_6101,2596.69,GPay,@sbi,Utilities,Chennai,DEV_1975,Android,0,1,5,899.23,2.89,0,0,0
TX_UPI_102723,2026-08-02 13:55:02,13,CUST_1626,normal,BEN_3550,1109.13,BHIM,@ybl,Peer_to_Peer,Pune,DEV_2519,Android,1,1,2,1383.33,0.8,0,0,0
TX_UPI_102724,2026-08-05 12:40:42,12,CUST_1621,normal,BEN_5457,1410.0,iMobile,@sbi,Grocery,Mumbai,DEV_1843,Android,1,1,2,967.02,1.46,0,0,0
TX_UPI_102725,2026-08-08 14:59:33,14,CUST_1489,normal,BEN_2474,2096.95,GPay,@ybl,Grocery,Bengaluru,DEV_1711,iOS,0,1,7,1446.8,1.45,0,0,0
TX_UPI_102726,2026-08-03 13:04:51,13,CUST_1077,normal,BEN_4770,1805.63,Paytm,@icici,Grocery,Ahmedabad,DEV_1235,iOS,0,1,3,302.04,5.98,1,0,0
TX_UPI_102727,2026-08-07 16:25:53,16,CUST_1538,normal,BEN_5956,1437.73,Cred,@okaxis,Travel,Kolkata,DEV_2814,Android,1,1,3,1113.6,1.29,0,0,0
TX_UPI_102728,2026-08-03 16:22:52,16,CUST_1024,normal,BEN_3863,1243.12,GPay,@upi,Travel,Kolkata,DEV_2330,iOS,0,1,1,1213.78,1.02,0,0,0
TX_UPI_102729,2026-08-01 01:25:23,1,CUST_1601,normal,BEN_1353,1705.77,Paytm,@icici,Peer_to_Peer,Bengaluru,DEV_1686,iOS,0,1,5,1307.18,1.3,0,0,0
TX_UPI_102730,2026-08-04 12:50:16,12,CUST_1693,normal,BEN_4516,1683.24,BHIM,@ybl,Utilities,Ahmedabad,DEV_2027,Android,1,1,3,1063.0,1.58,0,0,0
TX_UPI_102731,2026-08-10 15:02:41,15,CUST_1231,normal,BEN_1376,1272.9,iMobile,@icici,Peer_to_Peer,Pune,DEV_2870,iOS,0,1,4,1319.57,0.96,0,0,0
TX_UPI_102732,2026-08-04 03:57:38,3,CUST_1678,normal,BEN_4487,1714.94,PhonePe,@paytm,Peer_to_Peer,Hyderabad,DEV_1218,iOS,0,1,8,1609.55,1.07,0,0,0
TX_UPI_102733,2026-08-01 09:45:40,9,CUST_1452,normal,BEN_3577,1263.72,Cred,@sbi,Peer_to_Peer,Kolkata,DEV_2091,iOS,0,1,1,1376.84,0.92,0,0,0
TX_UPI_102734,2026-08-06 07:12:50,7,CUST_1468,normal,BEN_1750,767.7,iMobile,@ybl,Travel,Kolkata,DEV_2944,iOS,0,1,2,984.37,0.78,0,0,0
TX_UPI_102735,2026-08-06 17:41:11,17,CUST_1053,normal,BEN_1897,842.69,GPay,@ybl,Utilities,Pune,DEV_2799,Android,0,1,5,705.74,1.19,0,0,0
TX_UPI_102736,2026-08-04 03:20:45,3,CUST_1252,normal,BEN_1022,337.82,BHIM,@icici,Grocery,Mumbai,DEV_1901,iOS,0,1,4,1229.51,0.27,0,0,0
TX_UPI_102737,2026-08-06 10:12:52,10,CUST_1382,normal,BEN_6711,1713.23,BHIM,@icici,Utilities,Delhi_NCR,DEV_2843,iOS,0,1,2,845.22,2.03,0,0,0
TX_UPI_102738,2026-08-09 19:14:54,19,CUST_1162,normal,BEN_2154,794.69,BHIM,@ybl,Utilities,Chennai,DEV_1241,iOS,0,1,4,1436.51,0.55,0,0,0
TX_UPI_102739,2026-08-01 01:24:55,1,CUST_1027,normal,BEN_5808,10.0,Cred,@paytm,Peer_to_Peer,Ahmedabad,DEV_2613,iOS,0,1,3,760.16,0.01,0,0,0
TX_UPI_102740,2026-08-01 02:00:42,2,CUST_1594,normal,BEN_5023,10.0,Cred,@sbi,Utilities,Mumbai,DEV_2877,iOS,0,1,5,1210.71,0.01,0,1,0
TX_UPI_102741,2026-08-04 06:15:18,6,CUST_1074,normal,BEN_2548,1559.55,PhonePe,@sbi,Travel,Kolkata,DEV_2339,iOS,0,1,5,964.87,1.62,0,0,0
TX_UPI_102742,2026-08-09 05:57:48,5,CUST_1616,normal,BEN_5082,853.89,BHIM,@sbi,Peer_to_Peer,Ahmedabad,DEV_2508,Android,0,1,8,1020.82,0.84,1,0,0
TX_UPI_102743,2026-08-04 08:58:20,8,CUST_1806,normal,BEN_3275,1788.11,PhonePe,@ybl,Travel,Ahmedabad,DEV_1104,Android,1,1,4,636.42,2.81,0,0,0
TX_UPI_102744,2026-08-04 10:38:13,10,CUST_1201,normal,BEN_6965,10.0,BHIM,@icici,Peer_to_Peer,Ahmedabad,DEV_2352,Android,0,1,2,1333.46,0.01,0,0,0
TX_UPI_102745,2026-08-01 23:06:29,23,CUST_1366,normal,BEN_1050,1830.63,BHIM,@sbi,Peer_to_Peer,Ahmedabad,DEV_2704,iOS,0,1,5,843.11,2.17,0,0,0
TX_UPI_102746,2026-08-02 19:28:10,19,CUST_1297,mule,BEN_3245,67317.45,Cred,@sbi,Electronics,Ahmedabad,DEV_1137,iOS,1,1,15,32776.95,2.05,0,0,1
TX_UPI_102747,2026-08-09 21:47:48,21,CUST_1618,normal,BEN_2697,1191.72,Cred,@icici,Utilities,Ahmedabad,DEV_1856,Android,0,1,3,1401.26,0.85,0,0,0
TX_UPI_102748,2026-08-03 15:43:51,15,CUST_1590,normal,BEN_5613,635.91,Cred,@icici,Utilities,Delhi_NCR,DEV_1643,Android,1,1,1,1084.8,0.59,0,0,0
TX_UPI_102749,2026-08-01 01:57:27,1,CUST_1296,normal,BEN_4714,880.14,iMobile,@paytm,Travel,Pune,DEV_1859,iOS,0,1,10,1242.36,0.71,0,0,0
TX_UPI_102750,2026-08-06 15:20:30,15,CUST_1665,normal,BEN_3585,872.53,iMobile,@upi,Grocery,Kolkata,DEV_1607,Android,0,1,1,628.73,1.39,0,0,0
TX_UPI_102751,2026-08-10 22:29:26,22,CUST_1756,normal,BEN_6467,379.82,Paytm,@paytm,Peer_to_Peer,Ahmedabad,DEV_2006,iOS,0,1,4,1422.56,0.27,0,0,0
TX_UPI_102752,2026-08-05 16:06:02,16,CUST_1410,normal,BEN_3890,2097.35,Paytm,@upi,Utilities,Kolkata,DEV_2151,Android,0,1,4,1002.44,2.09,0,0,0
TX_UPI_102753,2026-08-04 18:32:31,18,CUST_1337,normal,BEN_1508,1415.05,Paytm,@ybl,Peer_to_Peer,Bengaluru,DEV_1744,iOS,0,1,2,1492.41,0.95,0,0,0
TX_UPI_102754,2026-08-06 16:19:14,16,CUST_1369,normal,BEN_1040,1048.65,Paytm,@sbi,Peer_to_Peer,Pune,DEV_1341,Android,0,1,3,548.2,1.91,0,0,0
TX_UPI_102755,2026-08-03 01:33:53,1,CUST_1609,normal,BEN_6616,1043.65,Cred,@upi,Peer_to_Peer,Hyderabad,DEV_2607,iOS,1,1,5,823.75,1.27,0,0,0
TX_UPI_102756,2026-08-06 05:46:07,5,CUST_1207,normal,BEN_1718,599.42,Cred,@okaxis,Utilities,Hyderabad,DEV_2638,Android,1,1,5,725.6,0.83,0,0,0
TX_UPI_102757,2026-08-01 05:46:20,5,CUST_1080,normal,BEN_3897,2046.24,GPay,@okaxis,Travel,Pune,DEV_1820,Android,0,1,2,986.74,2.07,0,0,0
TX_UPI_102758,2026-08-04 12:20:14,12,CUST_1364,normal,BEN_1612,300.9,PhonePe,@icici,Peer_to_Peer,Kolkata,DEV_1703,Android,0,1,4,1670.37,0.18,0,0,0
TX_UPI_102759,2026-08-07 08:25:01,8,CUST_1216,normal,BEN_5109,1825.2,Paytm,@okaxis,Peer_to_Peer,Ahmedabad,DEV_2331,Android,0,1,2,1352.55,1.35,0,0,0
TX_UPI_102760,2026-08-08 11:53:49,11,CUST_1442,normal,BEN_5400,946.66,PhonePe,@sbi,Utilities,Hyderabad,DEV_2455,iOS,0,1,6,1273.6,0.74,0,0,0
TX_UPI_102761,2026-08-09 06:47:50,6,CUST_1396,normal,BEN_4540,10.0,GPay,@sbi,Peer_to_Peer,Bengaluru,DEV_2587,Android,0,1,1,1306.65,0.01,0,0,0
TX_UPI_102762,2026-08-03 00:58:07,0,CUST_1606,normal,BEN_5302,1321.33,PhonePe,@upi,Utilities,Pune,DEV_1883,Android,0,1,1,927.94,1.42,0,0,0
TX_UPI_102763,2026-08-07 20:26:54,20,CUST_1744,normal,BEN_6365,10.0,Cred,@okaxis,Grocery,Bengaluru,DEV_1268,Android,0,1,3,1610.57,0.01,0,0,0
TX_UPI_102764,2026-08-08 12:37:55,12,CUST_1320,normal,BEN_5423,1843.95,iMobile,@sbi,Travel,Delhi_NCR,DEV_1384,Android,0,1,8,1291.78,1.43,0,0,0
TX_UPI_102765,2026-08-07 22:38:43,22,CUST_1042,normal,BEN_3496,2021.98,iMobile,@paytm,Grocery,Chennai,DEV_1351,iOS,0,1,7,1170.54,1.73,0,0,0
TX_UPI_102766,2026-08-05 02:02:11,2,CUST_1435,normal,BEN_3890,1050.22,BHIM,@ybl,Utilities,Hyderabad,DEV_2388,Android,0,1,6,1428.92,0.73,0,0,0
TX_UPI_102767,2026-08-09 04:11:57,4,CUST_1551,normal,BEN_6269,816.03,GPay,@paytm,Travel,Mumbai,DEV_1109,Android,0,1,2,1113.33,0.73,0,0,0
TX_UPI_102768,2026-08-04 07:42:27,7,CUST_1163,normal,BEN_3838,1865.2,GPay,@ybl,Utilities,Pune,DEV_1388,iOS,0,1,5,738.2,2.53,1,0,0
TX_UPI_102769,2026-08-03 23:52:18,23,CUST_1188,normal,BEN_3170,2729.28,Cred,@okaxis,Grocery,Ahmedabad,DEV_1286,Android,0,1,2,1016.38,2.69,0,0,0
TX_UPI_102770,2026-08-02 04:01:05,4,CUST_1685,normal,BEN_6648,477.88,Cred,@ybl,Utilities,Hyderabad,DEV_2438,iOS,0,1,9,1138.1,0.42,0,0,0
TX_UPI_102771,2026-08-05 07:17:03,7,CUST_1351,normal,BEN_2042,519.22,Paytm,@upi,Grocery,Kolkata,DEV_1896,Android,0,1,5,1264.59,0.41,0,0,0
TX_UPI_102772,2026-08-02 04:20:51,4,CUST_1184,normal,BEN_6597,1049.82,BHIM,@upi,Utilities,Kolkata,DEV_1695,Android,0,1,5,881.93,1.19,0,0,0
TX_UPI_102773,2026-08-03 04:12:18,4,CUST_1473,normal,BEN_1482,805.67,iMobile,@okaxis,Utilities,Delhi_NCR,DEV_1708,Android,1,1,1,762.25,1.06,0,0,0
TX_UPI_102774,2026-08-07 21:50:52,21,CUST_1051,normal,BEN_2482,2646.1,BHIM,@ybl,Grocery,Ahmedabad,DEV_2032,iOS,0,1,7,1095.79,2.41,0,0,0
TX_UPI_102775,2026-08-08 07:38:33,7,CUST_1618,normal,BEN_5919,2530.35,GPay,@ybl,Travel,Ahmedabad,DEV_2410,Android,0,1,3,1021.58,2.48,0,0,0
TX_UPI_102776,2026-08-09 02:33:24,2,CUST_1089,normal,BEN_6516,1245.21,Paytm,@ybl,Travel,Bengaluru,DEV_1863,Android,0,1,3,1028.35,1.21,0,0,0
TX_UPI_102777,2026-08-01 13:21:25,13,CUST_1003,normal,BEN_3057,2114.72,iMobile,@paytm,Utilities,Pune,DEV_1806,Android,0,1,4,1251.0,1.69,0,0,0
TX_UPI_102778,2026-08-07 20:06:36,20,CUST_1827,normal,BEN_2280,2025.1,BHIM,@icici,Peer_to_Peer,Bengaluru,DEV_1301,iOS,0,1,4,847.13,2.39,0,0,0
TX_UPI_102779,2026-08-03 00:06:12,0,CUST_1452,normal,BEN_4783,117.71,BHIM,@sbi,Peer_to_Peer,Hyderabad,DEV_1321,iOS,0,1,4,1038.9,0.11,0,0,0
TX_UPI_102780,2026-08-04 21:05:32,21,CUST_1684,mule,BEN_5427,36747.83,BHIM,@okaxis,Peer_to_Peer,Mumbai,DEV_1385,Android,1,1,24,47001.44,0.78,1,0,1
TX_UPI_102781,2026-08-03 13:39:50,13,CUST_1649,normal,BEN_4653,135.82,PhonePe,@paytm,Peer_to_Peer,Kolkata,DEV_2908,iOS,0,1,1,1159.77,0.12,0,0,0
TX_UPI_102782,2026-08-08 23:40:36,23,CUST_1316,normal,BEN_3246,898.86,BHIM,@sbi,Peer_to_Peer,Mumbai,DEV_1592,Android,0,1,4,1220.13,0.74,0,0,0
TX_UPI_102783,2026-08-10 13:47:56,13,CUST_1778,normal,BEN_3430,2227.28,iMobile,@upi,Peer_to_Peer,Pune,DEV_1684,Android,0,1,1,946.39,2.35,0,0,0
TX_UPI_102784,2026-08-10 04:17:15,4,CUST_1069,normal,BEN_5660,1543.01,Cred,@paytm,Peer_to_Peer,Bengaluru,DEV_1810,iOS,0,1,5,1606.43,0.96,0,0,0
TX_UPI_102785,2026-08-05 23:57:26,23,CUST_1012,suspicious,BEN_3578,45202.67,GPay,@sbi,Electronics,Hyderabad,DEV_1916,Android,1,1,17,20391.65,2.22,1,1,1
TX_UPI_102786,2026-08-02 01:42:43,1,CUST_1008,normal,BEN_1758,748.57,Cred,@ybl,Travel,Delhi_NCR,DEV_1667,Android,0,1,2,1237.26,0.61,0,0,0
TX_UPI_102787,2026-08-03 09:39:36,9,CUST_1464,normal,BEN_4385,1405.6,iMobile,@ybl,Utilities,Hyderabad,DEV_1812,iOS,1,1,1,975.38,1.44,0,0,0
TX_UPI_102788,2026-08-08 12:14:47,12,CUST_1483,normal,BEN_4986,1902.04,GPay,@icici,Utilities,Bengaluru,DEV_2618,Android,0,1,4,1216.47,1.56,0,1,0
TX_UPI_102789,2026-08-10 04:33:11,4,CUST_1152,normal,BEN_5975,1506.34,Paytm,@sbi,Travel,Hyderabad,DEV_1340,Android,1,1,7,1136.65,1.33,0,0,0
TX_UPI_102790,2026-08-02 14:45:51,14,CUST_1570,normal,BEN_6295,891.18,Paytm,@okaxis,Peer_to_Peer,Ahmedabad,DEV_2386,iOS,0,1,2,1139.91,0.78,0,0,0
TX_UPI_102791,2026-08-03 13:52:16,13,CUST_1675,normal,BEN_6628,10.0,iMobile,@paytm,Travel,Ahmedabad,DEV_1937,iOS,1,1,3,1030.6,0.01,0,0,0
TX_UPI_102792,2026-08-06 05:31:15,5,CUST_1401,normal,BEN_6605,108.42,BHIM,@icici,Peer_to_Peer,Pune,DEV_1883,Android,0,1,2,1274.32,0.09,0,0,0
TX_UPI_102793,2026-08-09 06:43:38,6,CUST_1761,normal,BEN_5745,1384.57,Paytm,@sbi,Utilities,Mumbai,DEV_1686,iOS,0,1,4,1153.52,1.2,0,0,0
TX_UPI_102794,2026-08-07 20:43:58,20,CUST_1768,normal,BEN_2301,1274.1,PhonePe,@ybl,Peer_to_Peer,Delhi_NCR,DEV_1917,iOS,0,1,6,1109.62,1.15,0,0,0
TX_UPI_102795,2026-08-10 22:51:11,22,CUST_1734,normal,BEN_1449,33.43,Cred,@sbi,Utilities,Delhi_NCR,DEV_2968,iOS,0,1,7,1168.88,0.03,0,0,0
TX_UPI_102796,2026-08-04 01:13:37,1,CUST_1440,normal,BEN_1820,728.6,BHIM,@upi,Grocery,Bengaluru,DEV_1723,Android,0,1,1,1175.02,0.62,0,0,0
TX_UPI_102797,2026-08-07 05:28:51,5,CUST_1405,normal,BEN_6046,1106.26,PhonePe,@icici,Travel,Kolkata,DEV_2930,iOS,0,1,7,996.98,1.11,0,0,0
TX_UPI_102798,2026-08-10 03:35:33,3,CUST_1251,normal,BEN_4499,530.1,iMobile,@sbi,Travel,Chennai,DEV_2065,Android,0,1,5,1302.07,0.41,0,0,0
TX_UPI_102799,2026-08-07 19:31:59,19,CUST_1553,normal,BEN_3028,1334.92,PhonePe,@sbi,Peer_to_Peer,Hyderabad,DEV_2115,Android,0,1,5,1070.96,1.25,0,0,0
TX_UPI_102800,2026-08-01 19:50:25,19,CUST_1823,normal,BEN_5045,1387.09,PhonePe,@sbi,Grocery,Hyderabad,DEV_2977,iOS,0,1,6,1230.08,1.13,0,0,0
TX_UPI_102801,2026-08-09 04:09:22,4,CUST_1161,normal,BEN_1784,1064.58,PhonePe,@okaxis,Utilities,Bengaluru,DEV_1440,iOS,0,1,6,512.43,2.08,0,0,0
TX_UPI_102802,2026-08-05 09:58:04,9,CUST_1155,normal,BEN_4235,2841.66,PhonePe,@okaxis,Grocery,Hyderabad,DEV_2666,Android,0,1,1,929.5,3.06,0,0,0
TX_UPI_102803,2026-08-03 03:40:52,3,CUST_1081,normal,BEN_2001,1167.27,PhonePe,@upi,Grocery,Mumbai,DEV_1500,Android,0,1,3,1321.54,0.88,0,1,0
TX_UPI_102804,2026-08-05 05:16:12,5,CUST_1618,normal,BEN_6206,353.73,GPay,@ybl,Grocery,Bengaluru,DEV_1995,iOS,0,1,4,941.23,0.38,0,1,0
TX_UPI_102805,2026-08-08 23:07:11,23,CUST_1595,normal,BEN_3807,1436.11,iMobile,@sbi,Travel,Bengaluru,DEV_1770,iOS,0,1,3,1102.3,1.3,0,0,0
TX_UPI_102806,2026-08-07 10:15:24,10,CUST_1244,normal,BEN_1595,760.06,Paytm,@ybl,Grocery,Ahmedabad,DEV_1763,Android,0,1,2,1148.95,0.66,0,0,0
TX_UPI_102807,2026-08-08 14:26:21,14,CUST_1059,normal,BEN_4953,1954.97,iMobile,@sbi,Grocery,Ahmedabad,DEV_1273,Android,0,1,2,871.5,2.24,0,0,0
TX_UPI_102808,2026-08-03 21:09:08,21,CUST_1672,normal,BEN_6137,1690.77,iMobile,@sbi,Grocery,Mumbai,DEV_1579,Android,0,1,3,1279.32,1.32,0,0,0
TX_UPI_102809,2026-08-09 06:25:56,6,CUST_1012,suspicious,BEN_6717,11695.65,GPay,@paytm,Jewelry,Hyderabad,DEV_1543,Android,1,1,3,22321.78,0.52,0,0,1
TX_UPI_102810,2026-08-05 15:57:32,15,CUST_1164,normal,BEN_2804,586.92,Paytm,@ybl,Utilities,Mumbai,DEV_1180,Android,0,1,3,927.16,0.63,0,0,0
TX_UPI_102811,2026-08-10 01:01:47,1,CUST_1220,normal,BEN_1683,1792.81,PhonePe,@upi,Peer_to_Peer,Ahmedabad,DEV_1207,Android,0,1,3,1116.11,1.61,0,0,0
TX_UPI_102812,2026-08-10 00:06:52,0,CUST_1549,normal,BEN_3620,1326.11,BHIM,@sbi,Utilities,Delhi_NCR,DEV_1367,Android,0,1,4,1074.21,1.23,0,0,0
TX_UPI_102813,2026-08-03 20:07:01,20,CUST_1798,normal,BEN_5697,1608.48,GPay,@ybl,Utilities,Delhi_NCR,DEV_2259,Android,0,1,2,1415.86,1.14,0,0,0
TX_UPI_102814,2026-08-01 06:44:40,6,CUST_1289,normal,BEN_5983,1010.77,iMobile,@okaxis,Peer_to_Peer,Chennai,DEV_1158,Android,0,1,1,1125.14,0.9,0,0,0
TX_UPI_102815,2026-08-04 21:07:40,21,CUST_1002,normal,BEN_3385,519.06,Cred,@paytm,Travel,Chennai,DEV_2121,Android,0,1,5,1610.31,0.32,0,0,0
TX_UPI_102816,2026-08-08 09:40:01,9,CUST_1503,normal,BEN_6328,570.74,GPay,@sbi,Utilities,Mumbai,DEV_1048,Android,0,1,4,658.68,0.87,0,1,0
TX_UPI_102817,2026-08-09 17:05:58,17,CUST_1007,normal,BEN_4723,1563.12,GPay,@upi,Utilities,Delhi_NCR,DEV_1342,iOS,0,1,2,930.04,1.68,0,0,0
TX_UPI_102818,2026-08-02 10:18:47,10,CUST_1706,normal,BEN_1884,318.97,Cred,@ybl,Peer_to_Peer,Delhi_NCR,DEV_1739,Android,0,1,5,1321.75,0.24,0,0,0
TX_UPI_102819,2026-08-05 15:39:33,15,CUST_1546,normal,BEN_2464,1218.71,GPay,@okaxis,Travel,Mumbai,DEV_1060,iOS,0,1,2,1461.49,0.83,0,0,0
TX_UPI_102820,2026-08-06 18:14:33,18,CUST_1821,normal,BEN_6474,599.67,GPay,@sbi,Peer_to_Peer,Bengaluru,DEV_1100,iOS,0,1,1,1190.01,0.5,0,0,0
TX_UPI_102821,2026-08-07 17:59:26,17,CUST_1415,suspicious,BEN_3085,8114.06,PhonePe,@sbi,Electronics,Bengaluru,DEV_2831,Android,1,1,25,23141.86,0.35,0,1,1
TX_UPI_102822,2026-08-01 23:22:28,23,CUST_1252,normal,BEN_2018,1682.97,Cred,@sbi,Travel,Bengaluru,DEV_2871,Android,0,1,6,789.87,2.13,0,0,0
TX_UPI_102823,2026-08-07 01:35:28,1,CUST_1814,normal,BEN_1583,747.25,iMobile,@upi,Grocery,Ahmedabad,DEV_1852,iOS,0,1,3,1449.01,0.52,0,0,0
TX_UPI_102824,2026-08-01 11:21:45,11,CUST_1581,normal,BEN_3712,673.29,PhonePe,@okaxis,Grocery,Ahmedabad,DEV_1627,iOS,0,1,2,1194.75,0.56,0,0,0
TX_UPI_102825,2026-08-02 20:26:21,20,CUST_1681,normal,BEN_3867,738.22,PhonePe,@icici,Peer_to_Peer,Mumbai,DEV_2441,iOS,0,1,4,707.63,1.04,0,0,0
TX_UPI_102826,2026-08-04 21:57:45,21,CUST_1194,normal,BEN_5817,2971.46,iMobile,@ybl,Peer_to_Peer,Mumbai,DEV_2302,iOS,0,1,1,1002.78,2.96,0,0,0
TX_UPI_102827,2026-08-05 09:04:45,9,CUST_1725,normal,BEN_2404,1174.02,Cred,@upi,Travel,Delhi_NCR,DEV_2960,iOS,0,1,7,762.04,1.54,0,0,0
TX_UPI_102828,2026-08-09 07:21:50,7,CUST_1642,normal,BEN_6016,2786.96,GPay,@ybl,Travel,Pune,DEV_2831,Android,0,1,5,1180.1,2.36,0,0,0
TX_UPI_102829,2026-08-04 11:21:23,11,CUST_1546,normal,BEN_5796,412.29,Paytm,@paytm,Travel,Delhi_NCR,DEV_1508,iOS,0,1,5,906.36,0.45,0,0,0
TX_UPI_102830,2026-08-03 21:49:52,21,CUST_1617,normal,BEN_2360,2213.33,GPay,@icici,Utilities,Kolkata,DEV_1829,iOS,0,1,2,1052.84,2.1,0,0,0
TX_UPI_102831,2026-08-04 18:48:00,18,CUST_1003,normal,BEN_1854,755.78,BHIM,@sbi,Travel,Delhi_NCR,DEV_2745,Android,0,1,2,1257.92,0.6,0,0,0
TX_UPI_102832,2026-08-02 14:47:42,14,CUST_1094,normal,BEN_6644,1628.37,Paytm,@upi,Utilities,Hyderabad,DEV_2806,iOS,0,1,6,652.83,2.49,0,0,0
TX_UPI_102833,2026-08-07 09:50:35,9,CUST_1569,normal,BEN_4763,2051.34,BHIM,@ybl,Grocery,Hyderabad,DEV_1746,Android,0,1,9,971.61,2.11,0,0,0
TX_UPI_102834,2026-08-08 22:01:36,22,CUST_1313,normal,BEN_1634,2716.12,PhonePe,@paytm,Travel,Pune,DEV_1172,Android,0,1,3,750.62,3.62,0,0,0
TX_UPI_102835,2026-08-04 12:07:28,12,CUST_1170,normal,BEN_6123,955.49,GPay,@sbi,Grocery,Pune,DEV_2753,Android,0,1,6,878.84,1.09,0,0,0
TX_UPI_102836,2026-08-02 08:24:07,8,CUST_1125,normal,BEN_3061,719.73,BHIM,@paytm,Peer_to_Peer,Ahmedabad,DEV_2847,Android,0,1,5,1080.73,0.67,0,0,0
TX_UPI_102837,2026-08-06 08:25:45,8,CUST_1745,normal,BEN_6285,1667.7,PhonePe,@paytm,Peer_to_Peer,Hyderabad,DEV_1767,iOS,1,1,4,1195.11,1.4,0,1,0
TX_UPI_102838,2026-08-02 10:43:41,10,CUST_1267,normal,BEN_3277,854.16,Paytm,@sbi,Grocery,Bengaluru,DEV_2754,Android,0,1,4,857.43,1.0,0,0,0
TX_UPI_102839,2026-08-06 15:35:51,15,CUST_1832,normal,BEN_2610,2230.75,Cred,@ybl,Peer_to_Peer,Pune,DEV_2515,iOS,1,1,2,1350.92,1.65,0,0,0
TX_UPI_102840,2026-08-03 21:30:02,21,CUST_1760,normal,BEN_2684,1013.11,BHIM,@icici,Peer_to_Peer,Kolkata,DEV_1631,Android,0,1,4,961.21,1.05,0,0,0
TX_UPI_102841,2026-08-06 02:32:35,2,CUST_1754,normal,BEN_1216,387.2,iMobile,@icici,Peer_to_Peer,Kolkata,DEV_2485,Android,0,1,1,826.72,0.47,0,0,0
TX_UPI_102842,2026-08-08 08:50:28,8,CUST_1104,normal,BEN_3770,940.87,PhonePe,@okaxis,Travel,Ahmedabad,DEV_1790,Android,1,1,4,1322.49,0.71,0,0,0
TX_UPI_102843,2026-08-02 05:49:08,5,CUST_1110,normal,BEN_2564,843.39,PhonePe,@paytm,Utilities,Mumbai,DEV_2489,Android,1,1,2,733.75,1.15,0,0,0
TX_UPI_102844,2026-08-06 19:59:03,19,CUST_1169,normal,BEN_2094,1584.05,Cred,@icici,Travel,Kolkata,DEV_2308,Android,0,1,6,1383.92,1.14,0,0,0
TX_UPI_102845,2026-08-08 11:44:35,11,CUST_1561,normal,BEN_4785,1767.95,Paytm,@ybl,Peer_to_Peer,Chennai,DEV_2741,Android,0,1,5,1487.43,1.19,0,0,0
TX_UPI_102846,2026-08-04 04:05:59,4,CUST_1167,normal,BEN_3279,1465.67,GPay,@okaxis,Utilities,Bengaluru,DEV_1173,iOS,0,1,5,1003.01,1.46,0,0,0
TX_UPI_102847,2026-08-03 01:23:37,1,CUST_1252,normal,BEN_3899,110.37,iMobile,@icici,Travel,Kolkata,DEV_2471,Android,0,1,2,1077.8,0.1,0,0,0
TX_UPI_102848,2026-08-04 22:16:31,22,CUST_1675,normal,BEN_5012,1248.63,BHIM,@sbi,Travel,Kolkata,DEV_2833,Android,0,1,7,1099.51,1.14,0,0,0
TX_UPI_102849,2026-08-06 19:11:12,19,CUST_1588,normal,BEN_4559,2143.07,BHIM,@sbi,Utilities,Hyderabad,DEV_1908,iOS,0,1,3,1005.2,2.13,0,1,0
TX_UPI_102850,2026-08-09 20:33:32,20,CUST_1688,normal,BEN_3299,136.79,Cred,@okaxis,Peer_to_Peer,Chennai,DEV_2580,Android,0,1,2,1206.48,0.11,0,0,0
TX_UPI_102851,2026-08-02 14:50:46,14,CUST_1543,suspicious,BEN_6871,28136.08,Paytm,@icici,Peer_to_Peer,Kolkata,DEV_1871,iOS,1,1,25,26178.77,1.07,1,1,1
TX_UPI_102852,2026-08-05 18:24:36,18,CUST_1017,normal,BEN_1466,918.04,BHIM,@paytm,Peer_to_Peer,Bengaluru,DEV_1178,Android,0,1,8,1057.46,0.87,0,0,0
TX_UPI_102853,2026-08-08 22:53:56,22,CUST_1292,normal,BEN_3272,2130.4,GPay,@icici,Utilities,Mumbai,DEV_2750,Android,0,1,3,1250.3,1.7,0,0,0
TX_UPI_102854,2026-08-05 12:47:24,12,CUST_1246,normal,BEN_4712,1942.41,Paytm,@ybl,Peer_to_Peer,Pune,DEV_1963,Android,0,1,4,514.92,3.77,0,0,0
TX_UPI_102855,2026-08-05 09:35:31,9,CUST_1792,normal,BEN_3064,1214.6,Paytm,@upi,Utilities,Hyderabad,DEV_2792,iOS,0,1,6,1206.6,1.01,0,0,0
TX_UPI_102856,2026-08-03 01:39:03,1,CUST_1174,normal,BEN_5854,1556.67,Paytm,@sbi,Utilities,Pune,DEV_1937,iOS,1,1,1,907.09,1.72,0,0,0
TX_UPI_102857,2026-08-06 19:53:45,19,CUST_1603,normal,BEN_2327,1529.09,iMobile,@ybl,Grocery,Pune,DEV_1671,iOS,0,1,4,1371.52,1.11,0,0,0
TX_UPI_102858,2026-08-10 22:49:21,22,CUST_1229,normal,BEN_4585,1084.11,iMobile,@icici,Grocery,Chennai,DEV_1077,iOS,0,1,4,1083.93,1.0,0,0,0
TX_UPI_102859,2026-08-04 10:23:29,10,CUST_1146,normal,BEN_3622,410.45,BHIM,@icici,Utilities,Chennai,DEV_2820,iOS,0,1,1,1183.44,0.35,0,0,0
TX_UPI_102860,2026-08-08 09:10:19,9,CUST_1493,suspicious,BEN_6038,31131.05,BHIM,@sbi,Jewelry,Hyderabad,DEV_1329,iOS,1,1,13,16456.47,1.89,1,1,1
TX_UPI_102861,2026-08-01 17:20:43,17,CUST_1523,normal,BEN_3015,1703.79,Paytm,@ybl,Peer_to_Peer,Mumbai,DEV_2619,iOS,0,1,3,1213.65,1.4,0,0,0
TX_UPI_102862,2026-08-03 07:00:29,7,CUST_1459,normal,BEN_3861,2691.24,PhonePe,@icici,Grocery,Delhi_NCR,DEV_2847,iOS,0,1,1,912.1,2.95,0,0,0
TX_UPI_102863,2026-08-09 15:21:19,15,CUST_1627,normal,BEN_3008,1032.5,GPay,@upi,Travel,Bengaluru,DEV_1098,iOS,0,1,6,687.26,1.5,0,0,0
TX_UPI_102864,2026-08-02 01:17:35,1,CUST_1541,normal,BEN_4521,2748.69,iMobile,@paytm,Utilities,Hyderabad,DEV_2336,iOS,0,1,4,1056.96,2.6,1,0,0
TX_UPI_102865,2026-08-06 17:15:16,17,CUST_1566,normal,BEN_5754,1041.55,Cred,@okaxis,Peer_to_Peer,Delhi_NCR,DEV_1064,Android,0,1,3,1331.55,0.78,0,0,0
TX_UPI_102866,2026-08-06 13:18:37,13,CUST_1801,normal,BEN_4736,345.18,BHIM,@upi,Grocery,Hyderabad,DEV_1700,iOS,0,1,4,987.8,0.35,0,0,0
TX_UPI_102867,2026-08-07 02:52:39,2,CUST_1113,normal,BEN_6913,590.29,Cred,@paytm,Travel,Pune,DEV_1733,Android,0,1,9,1180.57,0.5,0,0,0
TX_UPI_102868,2026-08-03 20:27:36,20,CUST_1050,normal,BEN_3043,1690.61,Cred,@icici,Grocery,Delhi_NCR,DEV_2415,Android,0,1,6,738.88,2.29,0,0,0
TX_UPI_102869,2026-08-08 22:43:54,22,CUST_1532,normal,BEN_2173,2601.83,Paytm,@paytm,Grocery,Mumbai,DEV_1046,iOS,1,1,1,895.5,2.91,0,0,0
TX_UPI_102870,2026-08-04 09:58:32,9,CUST_1734,normal,BEN_5153,832.77,GPay,@paytm,Peer_to_Peer,Bengaluru,DEV_1626,iOS,0,1,5,1132.49,0.74,0,0,0
TX_UPI_102871,2026-08-07 19:50:10,19,CUST_1250,normal,BEN_5742,1066.55,iMobile,@paytm,Travel,Delhi_NCR,DEV_2427,iOS,1,1,3,845.27,1.26,0,0,0
TX_UPI_102872,2026-08-03 01:11:18,1,CUST_1353,normal,BEN_3959,10.0,PhonePe,@sbi,Travel,Mumbai,DEV_1468,Android,0,1,5,1246.49,0.01,0,0,0
TX_UPI_102873,2026-08-07 12:24:58,12,CUST_1270,normal,BEN_5942,2467.6,Cred,@icici,Grocery,Bengaluru,DEV_2700,iOS,1,1,2,1246.28,1.98,0,0,0
TX_UPI_102874,2026-08-09 12:00:13,12,CUST_1597,normal,BEN_4543,973.03,Paytm,@paytm,Grocery,Kolkata,DEV_1611,iOS,0,1,6,1325.27,0.73,0,0,0
TX_UPI_102875,2026-08-05 11:53:13,11,CUST_1173,normal,BEN_3993,1368.97,Paytm,@ybl,Peer_to_Peer,Kolkata,DEV_2102,iOS,0,1,3,1310.62,1.04,1,0,0
TX_UPI_102876,2026-08-08 06:30:18,6,CUST_1703,normal,BEN_4698,1717.52,Paytm,@okaxis,Peer_to_Peer,Bengaluru,DEV_1769,iOS,0,1,2,761.33,2.26,0,0,0
TX_UPI_102877,2026-08-10 05:00:28,5,CUST_1657,normal,BEN_6662,969.17,Paytm,@okaxis,Peer_to_Peer,Delhi_NCR,DEV_1117,Android,1,1,7,1355.16,0.72,0,0,0
TX_UPI_102878,2026-08-09 12:11:47,12,CUST_1433,normal,BEN_1800,310.14,GPay,@sbi,Utilities,Hyderabad,DEV_1847,Android,0,1,1,1385.92,0.22,0,0,0
TX_UPI_102879,2026-08-10 01:13:01,1,CUST_1089,normal,BEN_2453,291.49,BHIM,@paytm,Utilities,Chennai,DEV_1662,iOS,0,1,5,932.14,0.31,0,0,0
TX_UPI_102880,2026-08-10 05:26:52,5,CUST_1575,normal,BEN_3908,2493.64,BHIM,@upi,Grocery,Chennai,DEV_2964,Android,0,1,2,1354.41,1.84,0,0,0
TX_UPI_102881,2026-08-10 00:19:53,0,CUST_1479,normal,BEN_4406,1347.89,GPay,@sbi,Travel,Chennai,DEV_2711,iOS,1,1,4,607.13,2.22,0,0,0
TX_UPI_102882,2026-08-07 20:45:51,20,CUST_1245,normal,BEN_4336,10.0,BHIM,@sbi,Peer_to_Peer,Hyderabad,DEV_1513,iOS,0,1,3,1139.26,0.01,0,0,0
TX_UPI_102883,2026-08-01 20:53:56,20,CUST_1224,normal,BEN_2534,299.84,PhonePe,@icici,Travel,Chennai,DEV_1384,iOS,0,1,1,1214.75,0.25,0,0,0
TX_UPI_102884,2026-08-05 21:41:59,21,CUST_1068,normal,BEN_6808,1650.28,Cred,@ybl,Peer_to_Peer,Bengaluru,DEV_2313,Android,0,1,3,1267.25,1.3,0,0,0
TX_UPI_102885,2026-08-07 17:12:10,17,CUST_1311,normal,BEN_5682,260.64,Cred,@upi,Grocery,Kolkata,DEV_1174,Android,0,1,3,1475.49,0.18,0,0,0
TX_UPI_102886,2026-08-03 11:40:17,11,CUST_1398,normal,BEN_5615,1254.66,Cred,@ybl,Grocery,Delhi_NCR,DEV_2666,iOS,0,1,4,1633.43,0.77,0,1,0
TX_UPI_102887,2026-08-04 10:00:44,10,CUST_1415,suspicious,BEN_4198,2811.84,Cred,@sbi,Peer_to_Peer,Mumbai,DEV_1999,Android,1,1,24,34185.53,0.08,1,1,1
TX_UPI_102888,2026-08-09 06:41:51,6,CUST_1667,normal,BEN_4181,940.11,GPay,@icici,Utilities,Chennai,DEV_1463,iOS,0,1,5,844.32,1.11,0,1,0
TX_UPI_102889,2026-08-06 17:01:42,17,CUST_1211,normal,BEN_4061,650.61,iMobile,@sbi,Travel,Chennai,DEV_1931,iOS,0,1,4,1271.66,0.51,0,0,0
TX_UPI_102890,2026-08-01 00:32:37,0,CUST_1818,normal,BEN_2305,2096.75,Paytm,@okaxis,Utilities,Mumbai,DEV_2751,Android,1,1,7,1063.81,1.97,0,0,0
TX_UPI_102891,2026-08-04 16:43:22,16,CUST_1711,normal,BEN_6936,2154.89,BHIM,@ybl,Utilities,Chennai,DEV_2399,Android,0,1,3,1296.5,1.66,0,0,0
TX_UPI_102892,2026-08-03 22:43:50,22,CUST_1553,normal,BEN_6457,1365.99,GPay,@sbi,Utilities,Kolkata,DEV_2035,iOS,0,1,4,1181.64,1.16,0,0,0
TX_UPI_102893,2026-08-09 01:35:10,1,CUST_1065,normal,BEN_1643,10.0,iMobile,@okaxis,Peer_to_Peer,Bengaluru,DEV_2029,Android,0,1,1,1104.61,0.01,0,0,0
TX_UPI_102894,2026-08-05 18:32:26,18,CUST_1234,normal,BEN_5154,10.0,BHIM,@sbi,Travel,Pune,DEV_1358,iOS,0,1,5,1289.17,0.01,0,0,0
TX_UPI_102895,2026-08-03 08:04:05,8,CUST_1205,normal,BEN_6439,1461.74,iMobile,@upi,Travel,Mumbai,DEV_2367,Android,0,1,1,1411.23,1.04,0,0,0
TX_UPI_102896,2026-08-08 16:21:27,16,CUST_1705,normal,BEN_6820,2829.77,PhonePe,@sbi,Travel,Bengaluru,DEV_1318,Android,0,1,4,1202.53,2.35,0,0,0
TX_UPI_102897,2026-08-02 04:35:11,4,CUST_1596,normal,BEN_4024,1361.39,iMobile,@paytm,Utilities,Mumbai,DEV_1111,Android,0,1,5,1051.31,1.29,0,0,0
TX_UPI_102898,2026-08-10 09:06:51,9,CUST_1407,normal,BEN_5438,1172.35,Paytm,@ybl,Utilities,Pune,DEV_2629,iOS,0,1,5,1642.95,0.71,0,0,0
TX_UPI_102899,2026-08-03 01:17:49,1,CUST_1004,normal,BEN_5809,79.94,iMobile,@okaxis,Peer_to_Peer,Chennai,DEV_1566,Android,0,1,3,796.69,0.1,0,0,0
TX_UPI_102900,2026-08-05 22:53:58,22,CUST_1360,normal,BEN_2364,2473.62,BHIM,@upi,Travel,Chennai,DEV_2040,Android,0,1,2,733.63,3.37,0,0,0
TX_UPI_102901,2026-08-09 14:20:47,14,CUST_1577,normal,BEN_3158,1710.55,iMobile,@okaxis,Travel,Delhi_NCR,DEV_2150,iOS,0,1,7,1239.26,1.38,0,0,0
TX_UPI_102902,2026-08-04 21:09:36,21,CUST_1469,normal,BEN_2947,1363.84,BHIM,@upi,Grocery,Kolkata,DEV_2478,Android,0,1,4,1419.56,0.96,0,0,0
TX_UPI_102903,2026-08-01 09:53:32,9,CUST_1724,normal,BEN_4279,500.64,Cred,@okaxis,Travel,Chennai,DEV_2475,iOS,0,1,3,971.35,0.52,0,0,0
TX_UPI_102904,2026-08-10 04:25:54,4,CUST_1605,normal,BEN_3332,265.71,PhonePe,@upi,Travel,Mumbai,DEV_2186,Android,0,1,3,1345.85,0.2,0,0,0
TX_UPI_102905,2026-08-05 23:21:07,23,CUST_1035,normal,BEN_4590,1653.28,iMobile,@icici,Utilities,Ahmedabad,DEV_2917,Android,0,1,5,1115.15,1.48,1,0,0
TX_UPI_102906,2026-08-09 15:22:20,15,CUST_1219,normal,BEN_1093,1618.66,Cred,@icici,Peer_to_Peer,Bengaluru,DEV_1323,Android,0,1,2,1005.72,1.61,0,0,0
TX_UPI_102907,2026-08-06 08:59:48,8,CUST_1167,normal,BEN_3049,1353.6,GPay,@ybl,Grocery,Ahmedabad,DEV_1604,Android,0,1,4,1156.85,1.17,0,0,0
TX_UPI_102908,2026-08-02 05:18:49,5,CUST_1593,normal,BEN_6401,1089.33,iMobile,@sbi,Utilities,Mumbai,DEV_1830,iOS,0,1,3,1837.87,0.59,0,0,0
TX_UPI_102909,2026-08-06 22:27:57,22,CUST_1489,normal,BEN_4691,1925.43,GPay,@paytm,Grocery,Pune,DEV_2676,iOS,0,1,4,1024.03,1.88,0,0,0
TX_UPI_102910,2026-08-10 00:19:32,0,CUST_1349,normal,BEN_6415,839.02,Paytm,@upi,Grocery,Ahmedabad,DEV_2471,Android,0,1,3,1150.28,0.73,0,0,0
TX_UPI_102911,2026-08-02 22:50:40,22,CUST_1338,normal,BEN_4437,10.0,PhonePe,@okaxis,Grocery,Delhi_NCR,DEV_1865,Android,0,1,1,927.15,0.01,0,0,0
TX_UPI_102912,2026-08-07 20:08:45,20,CUST_1335,normal,BEN_1742,1365.71,Cred,@okaxis,Peer_to_Peer,Pune,DEV_2739,Android,0,1,3,1434.75,0.95,0,0,0
TX_UPI_102913,2026-08-01 03:47:07,3,CUST_1041,normal,BEN_2717,14.08,GPay,@okaxis,Utilities,Mumbai,DEV_1923,Android,0,1,2,1444.82,0.01,0,0,0
TX_UPI_102914,2026-08-09 20:10:49,20,CUST_1508,normal,BEN_5700,1304.9,Paytm,@ybl,Grocery,Kolkata,DEV_2679,Android,1,1,5,1572.3,0.83,0,0,0
TX_UPI_102915,2026-08-04 20:36:41,20,CUST_1589,suspicious,BEN_1894,15511.52,BHIM,@upi,Electronics,Bengaluru,DEV_1293,Android,1,1,17,23728.89,0.65,1,0,1
TX_UPI_102916,2026-08-09 14:43:22,14,CUST_1179,normal,BEN_5775,10.0,Paytm,@sbi,Grocery,Bengaluru,DEV_1177,Android,0,1,3,1291.45,0.01,0,0,0
TX_UPI_102917,2026-08-03 00:21:58,0,CUST_1677,normal,BEN_5626,1632.47,Cred,@paytm,Utilities,Bengaluru,DEV_1642,Android,0,1,5,989.88,1.65,0,1,0
TX_UPI_102918,2026-08-02 16:38:19,16,CUST_1252,normal,BEN_4188,675.12,Cred,@icici,Travel,Ahmedabad,DEV_1958,iOS,1,1,6,960.64,0.7,0,0,0
TX_UPI_102919,2026-08-01 20:41:24,20,CUST_1206,normal,BEN_2784,1435.27,Paytm,@okaxis,Grocery,Hyderabad,DEV_2126,iOS,0,1,4,1430.81,1.0,0,0,0
TX_UPI_102920,2026-08-07 04:42:13,4,CUST_1201,normal,BEN_6107,1977.13,BHIM,@ybl,Peer_to_Peer,Delhi_NCR,DEV_2297,Android,0,1,1,794.99,2.49,0,0,0
TX_UPI_102921,2026-08-03 00:35:48,0,CUST_1004,normal,BEN_1654,1663.13,BHIM,@okaxis,Grocery,Chennai,DEV_2145,iOS,1,1,3,970.76,1.71,0,0,0
TX_UPI_102922,2026-08-07 04:21:37,4,CUST_1424,normal,BEN_4705,2012.5,GPay,@paytm,Utilities,Ahmedabad,DEV_1831,iOS,0,1,4,1092.59,1.84,0,0,0
TX_UPI_102923,2026-08-03 18:18:48,18,CUST_1060,normal,BEN_4586,1823.86,PhonePe,@icici,Utilities,Ahmedabad,DEV_2646,iOS,0,1,3,1456.44,1.25,0,0,0
TX_UPI_102924,2026-08-01 03:46:07,3,CUST_1214,normal,BEN_5340,569.56,BHIM,@okaxis,Peer_to_Peer,Kolkata,DEV_2001,iOS,0,1,5,1424.12,0.4,0,0,0
TX_UPI_102925,2026-08-03 02:57:46,2,CUST_1387,normal,BEN_4316,98.16,Paytm,@paytm,Travel,Ahmedabad,DEV_1387,Android,0,1,3,1354.13,0.07,0,0,0
TX_UPI_102926,2026-08-10 01:01:34,1,CUST_1316,normal,BEN_2455,2125.8,Paytm,@ybl,Utilities,Ahmedabad,DEV_2567,iOS,0,1,3,903.68,2.35,0,0,0
TX_UPI_102927,2026-08-04 22:07:15,22,CUST_1142,normal,BEN_5264,1964.75,iMobile,@upi,Travel,Mumbai,DEV_2671,Android,1,1,6,800.48,2.45,0,0,0
TX_UPI_102928,2026-08-06 18:44:21,18,CUST_1255,normal,BEN_4767,236.87,PhonePe,@icici,Travel,Chennai,DEV_1654,Android,0,1,4,1231.05,0.19,0,1,0
TX_UPI_102929,2026-08-06 00:30:04,0,CUST_1768,normal,BEN_5775,960.74,Cred,@okaxis,Peer_to_Peer,Hyderabad,DEV_1138,Android,0,1,5,909.57,1.06,0,0,0
TX_UPI_102930,2026-08-06 04:45:32,4,CUST_1052,normal,BEN_2660,10.0,PhonePe,@sbi,Utilities,Pune,DEV_1771,iOS,0,1,3,1095.18,0.01,0,0,0
TX_UPI_102931,2026-08-05 08:43:51,8,CUST_1141,normal,BEN_1631,979.33,Paytm,@paytm,Utilities,Ahmedabad,DEV_1694,Android,0,1,1,644.24,1.52,0,0,0
TX_UPI_102932,2026-08-07 11:57:02,11,CUST_1556,normal,BEN_3206,788.73,GPay,@sbi,Peer_to_Peer,Hyderabad,DEV_2969,Android,0,1,5,1381.49,0.57,0,0,0
TX_UPI_102933,2026-08-07 09:00:53,9,CUST_1765,normal,BEN_4790,2150.17,iMobile,@upi,Utilities,Delhi_NCR,DEV_2187,iOS,0,1,2,803.11,2.68,0,0,0
TX_UPI_102934,2026-08-01 07:09:39,7,CUST_1214,normal,BEN_5589,1597.31,iMobile,@icici,Grocery,Chennai,DEV_1961,iOS,0,1,5,1176.04,1.36,0,0,0
TX_UPI_102935,2026-08-03 07:06:41,7,CUST_1125,normal,BEN_6838,10.0,Cred,@ybl,Grocery,Delhi_NCR,DEV_1184,iOS,0,1,2,1072.87,0.01,0,0,0
TX_UPI_102936,2026-08-10 06:36:57,6,CUST_1401,normal,BEN_6999,1589.77,PhonePe,@paytm,Grocery,Hyderabad,DEV_2776,iOS,0,1,5,1114.62,1.43,0,0,0
TX_UPI_102937,2026-08-08 10:31:29,10,CUST_1168,normal,BEN_1029,1464.63,Paytm,@icici,Utilities,Hyderabad,DEV_1535,Android,0,1,4,1244.55,1.18,0,1,0
TX_UPI_102938,2026-08-06 05:33:53,5,CUST_1486,normal,BEN_4659,1450.29,PhonePe,@paytm,Grocery,Pune,DEV_1631,Android,0,1,4,1015.59,1.43,0,0,0
TX_UPI_102939,2026-08-10 15:02:16,15,CUST_1515,normal,BEN_2594,1265.03,Cred,@sbi,Utilities,Kolkata,DEV_1189,Android,0,1,4,1144.19,1.11,0,0,0
TX_UPI_102940,2026-08-05 22:46:31,22,CUST_1549,normal,BEN_4590,1504.66,Paytm,@upi,Utilities,Pune,DEV_1610,Android,0,1,6,1143.64,1.32,0,0,0
TX_UPI_102941,2026-08-07 23:57:09,23,CUST_1174,normal,BEN_5898,680.8,Paytm,@icici,Utilities,Ahmedabad,DEV_2066,Android,0,1,5,752.11,0.91,0,0,0
TX_UPI_102942,2026-08-01 22:43:44,22,CUST_1406,normal,BEN_1343,334.87,PhonePe,@ybl,Grocery,Mumbai,DEV_1793,iOS,0,1,4,1203.94,0.28,0,0,0
TX_UPI_102943,2026-08-03 12:26:03,12,CUST_1717,normal,BEN_6468,203.96,BHIM,@paytm,Utilities,Mumbai,DEV_2603,iOS,0,1,3,934.54,0.22,0,0,0
TX_UPI_102944,2026-08-08 21:54:29,21,CUST_1724,normal,BEN_1778,810.66,PhonePe,@sbi,Peer_to_Peer,Mumbai,DEV_2930,Android,0,1,5,1249.56,0.65,0,0,0
TX_UPI_102945,2026-08-10 02:57:34,2,CUST_1147,normal,BEN_1592,1184.7,Cred,@paytm,Peer_to_Peer,Chennai,DEV_1626,iOS,1,1,2,756.08,1.57,0,0,0
TX_UPI_102946,2026-08-07 23:27:45,23,CUST_1360,normal,BEN_4497,2336.15,GPay,@okaxis,Grocery,Mumbai,DEV_2079,iOS,0,1,5,910.4,2.57,0,0,0
TX_UPI_102947,2026-08-10 14:12:55,14,CUST_1061,normal,BEN_5842,1775.68,PhonePe,@upi,Utilities,Mumbai,DEV_1857,iOS,1,1,3,1011.09,1.76,0,0,0
TX_UPI_102948,2026-08-08 16:43:29,16,CUST_1639,normal,BEN_3558,1548.17,GPay,@sbi,Travel,Kolkata,DEV_2846,Android,0,1,2,997.5,1.55,0,0,0
TX_UPI_102949,2026-08-06 17:05:00,17,CUST_1226,normal,BEN_2455,1297.17,PhonePe,@okaxis,Utilities,Kolkata,DEV_1114,iOS,0,1,3,1240.58,1.05,0,0,0
TX_UPI_102950,2026-08-10 00:16:45,0,CUST_1260,normal,BEN_1125,2695.25,GPay,@upi,Utilities,Bengaluru,DEV_2315,Android,0,1,2,680.37,3.96,0,0,0
TX_UPI_102951,2026-08-08 23:53:00,23,CUST_1026,normal,BEN_4641,10.0,Paytm,@sbi,Utilities,Mumbai,DEV_1888,iOS,0,1,3,920.84,0.01,0,0,0
TX_UPI_102952,2026-08-07 01:31:25,1,CUST_1782,normal,BEN_3092,1366.29,GPay,@paytm,Utilities,Ahmedabad,DEV_1730,iOS,1,1,4,695.23,1.97,0,0,0
TX_UPI_102953,2026-08-10 04:54:38,4,CUST_1592,normal,BEN_6500,10.0,PhonePe,@ybl,Travel,Mumbai,DEV_2039,Android,1,1,4,1112.5,0.01,0,0,0
TX_UPI_102954,2026-08-06 08:18:04,8,CUST_1401,normal,BEN_5974,859.35,Cred,@okaxis,Grocery,Bengaluru,DEV_1854,Android,0,1,1,1193.13,0.72,0,0,0
TX_UPI_102955,2026-08-03 18:24:07,18,CUST_1729,normal,BEN_5921,2217.52,PhonePe,@paytm,Utilities,Bengaluru,DEV_2817,Android,1,1,4,876.61,2.53,0,0,0
TX_UPI_102956,2026-08-10 00:05:06,0,CUST_1773,normal,BEN_2244,1235.64,PhonePe,@upi,Travel,Pune,DEV_2667,iOS,0,1,1,1333.91,0.93,0,0,0
TX_UPI_102957,2026-08-09 05:49:21,5,CUST_1237,normal,BEN_2724,1265.48,BHIM,@sbi,Travel,Kolkata,DEV_1526,iOS,0,1,1,1007.84,1.26,0,0,0
TX_UPI_102958,2026-08-01 05:34:48,5,CUST_1195,normal,BEN_1786,1570.64,PhonePe,@okaxis,Grocery,Kolkata,DEV_2681,iOS,0,1,3,1013.79,1.55,0,0,0
TX_UPI_102959,2026-08-10 20:33:08,20,CUST_1020,normal,BEN_1866,220.48,Paytm,@okaxis,Utilities,Pune,DEV_2353,iOS,1,1,5,924.37,0.24,0,0,0
TX_UPI_102960,2026-08-03 01:37:52,1,CUST_1107,normal,BEN_3366,10.0,GPay,@icici,Grocery,Mumbai,DEV_1518,iOS,0,1,3,1315.48,0.01,0,0,0
TX_UPI_102961,2026-08-06 21:05:56,21,CUST_1257,normal,BEN_3098,890.46,iMobile,@okaxis,Peer_to_Peer,Mumbai,DEV_2454,Android,0,1,7,1182.95,0.75,0,0,0
TX_UPI_102962,2026-08-06 21:46:48,21,CUST_1772,normal,BEN_4099,1471.01,PhonePe,@upi,Peer_to_Peer,Pune,DEV_2226,iOS,0,1,3,1063.61,1.38,0,0,0
TX_UPI_102963,2026-08-10 07:32:48,7,CUST_1299,normal,BEN_5573,989.26,BHIM,@paytm,Utilities,Bengaluru,DEV_1013,Android,1,1,3,1207.41,0.82,0,0,0
TX_UPI_102964,2026-08-02 14:40:07,14,CUST_1809,normal,BEN_2769,451.34,Cred,@sbi,Peer_to_Peer,Pune,DEV_1626,Android,0,1,1,810.43,0.56,0,1,0
TX_UPI_102965,2026-08-09 14:22:50,14,CUST_1336,normal,BEN_4527,2836.52,BHIM,@upi,Grocery,Chennai,DEV_2412,Android,0,1,5,1153.08,2.46,0,0,0
TX_UPI_102966,2026-08-05 20:37:11,20,CUST_1481,mule,BEN_3143,13849.71,Cred,@okaxis,Electronics,Ahmedabad,DEV_1306,iOS,1,2,31,30800.57,0.45,1,1,1
TX_UPI_102967,2026-08-02 21:39:05,21,CUST_1624,normal,BEN_6112,1371.34,Cred,@ybl,Peer_to_Peer,Hyderabad,DEV_1428,Android,0,1,2,1118.46,1.23,0,0,0
TX_UPI_102968,2026-08-08 22:20:06,22,CUST_1550,normal,BEN_2939,860.93,Paytm,@ybl,Peer_to_Peer,Delhi_NCR,DEV_2801,iOS,0,1,2,1256.19,0.69,0,0,0
TX_UPI_102969,2026-08-04 16:42:55,16,CUST_1466,normal,BEN_6359,10.0,Paytm,@paytm,Grocery,Ahmedabad,DEV_2376,Android,0,1,5,1244.28,0.01,0,0,0
TX_UPI_102970,2026-08-06 01:27:47,1,CUST_1469,normal,BEN_4189,496.29,Cred,@okaxis,Peer_to_Peer,Pune,DEV_2685,iOS,0,1,2,1026.47,0.48,0,0,0
TX_UPI_102971,2026-08-01 09:07:20,9,CUST_1679,normal,BEN_4851,1425.63,PhonePe,@sbi,Grocery,Pune,DEV_1702,Android,0,1,3,1184.05,1.2,0,0,0
TX_UPI_102972,2026-08-07 07:08:14,7,CUST_1763,normal,BEN_3570,2610.38,GPay,@paytm,Utilities,Bengaluru,DEV_2979,iOS,0,1,2,668.36,3.91,0,1,0
TX_UPI_102973,2026-08-09 07:26:03,7,CUST_1514,normal,BEN_1559,1860.74,iMobile,@icici,Peer_to_Peer,Ahmedabad,DEV_2642,iOS,0,1,7,1174.26,1.58,0,0,0
TX_UPI_102974,2026-08-06 14:44:24,14,CUST_1185,normal,BEN_1574,329.8,PhonePe,@upi,Peer_to_Peer,Hyderabad,DEV_2563,iOS,0,1,3,811.55,0.41,0,0,0
TX_UPI_102975,2026-08-02 08:08:58,8,CUST_1148,normal,BEN_1546,1714.28,BHIM,@paytm,Utilities,Ahmedabad,DEV_2124,Android,0,1,1,1007.97,1.7,0,0,0
TX_UPI_102976,2026-08-10 04:49:27,4,CUST_1575,normal,BEN_5730,396.53,Cred,@sbi,Travel,Chennai,DEV_1528,Android,0,1,4,992.08,0.4,0,0,0
TX_UPI_102977,2026-08-09 10:38:02,10,CUST_1356,normal,BEN_4810,1341.41,iMobile,@icici,Peer_to_Peer,Chennai,DEV_1395,iOS,1,1,4,843.2,1.59,0,0,0
TX_UPI_102978,2026-08-07 10:15:38,10,CUST_1328,normal,BEN_5039,1701.5,Paytm,@icici,Grocery,Kolkata,DEV_1044,iOS,0,1,3,842.75,2.02,0,0,0
TX_UPI_102979,2026-08-04 16:57:42,16,CUST_1002,normal,BEN_4641,2992.74,GPay,@okaxis,Grocery,Pune,DEV_2606,Android,1,1,4,1043.22,2.87,0,0,0
TX_UPI_102980,2026-08-06 03:09:07,3,CUST_1319,normal,BEN_4367,2332.16,GPay,@upi,Travel,Ahmedabad,DEV_2196,Android,0,1,7,1045.12,2.23,0,0,0
TX_UPI_102981,2026-08-04 16:59:04,16,CUST_1157,normal,BEN_6826,1477.92,BHIM,@ybl,Travel,Pune,DEV_2205,iOS,0,1,2,1044.67,1.41,0,0,0
TX_UPI_102982,2026-08-08 19:01:06,19,CUST_1610,normal,BEN_6169,1040.75,BHIM,@sbi,Travel,Hyderabad,DEV_1835,iOS,0,1,4,1159.86,0.9,0,0,0
TX_UPI_102983,2026-08-06 14:24:16,14,CUST_1573,normal,BEN_1548,1647.86,iMobile,@sbi,Utilities,Hyderabad,DEV_2863,iOS,0,1,4,789.42,2.09,0,0,0
TX_UPI_102984,2026-08-09 15:57:07,15,CUST_1604,normal,BEN_5573,449.23,GPay,@upi,Peer_to_Peer,Ahmedabad,DEV_1246,iOS,0,1,2,1012.26,0.44,1,0,0
TX_UPI_102985,2026-08-03 17:21:39,17,CUST_1717,normal,BEN_4088,2040.62,GPay,@paytm,Grocery,Mumbai,DEV_1717,Android,1,1,1,994.22,2.05,0,0,0
TX_UPI_102986,2026-08-05 19:35:22,19,CUST_1506,normal,BEN_1004,1962.41,BHIM,@paytm,Peer_to_Peer,Delhi_NCR,DEV_2590,iOS,0,1,3,1190.5,1.65,0,0,0
TX_UPI_102987,2026-08-06 05:14:20,5,CUST_1218,normal,BEN_3421,1088.37,iMobile,@paytm,Grocery,Mumbai,DEV_2788,iOS,0,1,4,1025.17,1.06,0,0,0
TX_UPI_102988,2026-08-03 13:21:32,13,CUST_1524,normal,BEN_6892,1733.65,Cred,@sbi,Peer_to_Peer,Bengaluru,DEV_2860,iOS,0,1,1,992.81,1.75,0,0,0
TX_UPI_102989,2026-08-09 23:01:43,23,CUST_1356,normal,BEN_2901,1437.26,Paytm,@ybl,Peer_to_Peer,Bengaluru,DEV_2311,iOS,0,1,5,1438.31,1.0,0,0,0
TX_UPI_102990,2026-08-06 01:54:32,1,CUST_1055,normal,BEN_1367,887.18,Paytm,@upi,Grocery,Ahmedabad,DEV_2338,Android,0,1,6,921.83,0.96,1,0,0
TX_UPI_102991,2026-08-10 15:43:03,15,CUST_1719,normal,BEN_1529,2262.92,Paytm,@okaxis,Utilities,Delhi_NCR,DEV_2864,iOS,1,1,5,860.77,2.63,0,0,0
TX_UPI_102992,2026-08-02 15:20:27,15,CUST_1158,normal,BEN_4567,1445.63,iMobile,@okaxis,Utilities,Kolkata,DEV_1899,iOS,0,1,3,1230.14,1.18,0,0,0
TX_UPI_102993,2026-08-08 14:41:17,14,CUST_1667,normal,BEN_3743,1021.38,GPay,@sbi,Grocery,Kolkata,DEV_1453,iOS,0,1,3,1408.58,0.73,0,0,0
TX_UPI_102994,2026-08-09 01:50:58,1,CUST_1012,suspicious,BEN_5254,26223.02,Paytm,@icici,Peer_to_Peer,Bengaluru,DEV_2998,Android,1,1,24,23983.1,1.09,1,1,1
TX_UPI_102995,2026-08-06 09:12:09,9,CUST_1571,normal,BEN_3721,2533.33,iMobile,@icici,Peer_to_Peer,Kolkata,DEV_1730,iOS,0,1,2,932.61,2.72,0,0,0
TX_UPI_102996,2026-08-09 22:06:20,22,CUST_1356,normal,BEN_2281,2419.61,iMobile,@paytm,Travel,Ahmedabad,DEV_1745,Android,0,1,3,1464.26,1.65,0,0,0
TX_UPI_102997,2026-08-02 12:54:22,12,CUST_1790,normal,BEN_3604,1913.47,PhonePe,@paytm,Peer_to_Peer,Kolkata,DEV_2910,Android,0,1,3,644.81,2.97,0,0,0
TX_UPI_102998,2026-08-05 15:31:14,15,CUST_1663,normal,BEN_1715,1184.55,PhonePe,@paytm,Travel,Chennai,DEV_1749,Android,0,1,4,1360.13,0.87,0,0,0
TX_UPI_102999,2026-08-08 02:24:08,2,CUST_1205,normal,BEN_1548,2470.76,BHIM,@icici,Travel,Pune,DEV_1446,iOS,0,1,2,1272.28,1.94,0,0,0
TX_UPI_103000,2026-08-05 01:21:06,1,CUST_1542,normal,BEN_6633,1812.32,iMobile,@okaxis,Peer_to_Peer,Bengaluru,DEV_1866,iOS,0,1,6,1199.69,1.51,0,0,0
TX_UPI_103001,2026-08-05 13:43:25,13,CUST_1078,normal,BEN_2238,10.0,Paytm,@ybl,Peer_to_Peer,Kolkata,DEV_1508,iOS,0,1,3,802.63,0.01,0,0,0
TX_UPI_103002,2026-08-09 05:02:49,5,CUST_1522,normal,BEN_6660,1037.92,GPay,@okaxis,Travel,Bengaluru,DEV_2081,iOS,0,1,5,1153.24,0.9,0,0,0
TX_UPI_103003,2026-08-07 17:49:03,17,CUST_1615,normal,BEN_3474,2118.47,iMobile,@paytm,Grocery,Hyderabad,DEV_2572,iOS,0,1,4,768.4,2.76,0,0,0
TX_UPI_103004,2026-08-05 21:02:50,21,CUST_1527,normal,BEN_1116,10.0,GPay,@upi,Grocery,Hyderabad,DEV_2490,Android,1,1,4,1028.66,0.01,0,0,0
TX_UPI_103005,2026-08-08 22:36:11,22,CUST_1520,normal,BEN_2577,418.44,GPay,@icici,Grocery,Bengaluru,DEV_1032,iOS,0,1,1,903.66,0.46,1,0,0
TX_UPI_103006,2026-08-01 14:02:47,14,CUST_1347,normal,BEN_6255,1044.41,BHIM,@sbi,Grocery,Hyderabad,DEV_2960,iOS,0,1,5,1125.27,0.93,0,0,0
TX_UPI_103007,2026-08-02 06:46:33,6,CUST_1796,normal,BEN_4398,2486.45,PhonePe,@okaxis,Grocery,Bengaluru,DEV_2436,iOS,0,1,1,1291.45,1.93,0,0,0
TX_UPI_103008,2026-08-04 12:38:48,12,CUST_1440,normal,BEN_1940,1237.84,BHIM,@upi,Utilities,Pune,DEV_2035,Android,0,1,5,975.24,1.27,0,0,0
TX_UPI_103009,2026-08-02 22:13:21,22,CUST_1052,normal,BEN_1613,2057.34,BHIM,@paytm,Utilities,Pune,DEV_2226,iOS,0,1,4,916.93,2.24,0,0,0
TX_UPI_103010,2026-08-09 18:52:42,18,CUST_1265,normal,BEN_6626,1190.38,iMobile,@upi,Peer_to_Peer,Chennai,DEV_2983,iOS,0,1,3,1197.4,0.99,0,0,0
TX_UPI_103011,2026-08-07 05:12:55,5,CUST_1646,normal,BEN_6108,256.18,GPay,@ybl,Peer_to_Peer,Mumbai,DEV_2176,iOS,1,1,3,1174.87,0.22,0,0,0
TX_UPI_103012,2026-08-02 05:15:05,5,CUST_1407,normal,BEN_6931,1226.42,Paytm,@paytm,Utilities,Mumbai,DEV_1295,iOS,0,1,6,1265.77,0.97,0,0,0
TX_UPI_103013,2026-08-03 17:51:33,17,CUST_1023,normal,BEN_3086,1194.02,BHIM,@ybl,Travel,Pune,DEV_1789,iOS,0,1,4,1150.96,1.04,0,0,0
TX_UPI_103014,2026-08-10 10:58:54,10,CUST_1371,normal,BEN_5128,1522.64,BHIM,@paytm,Utilities,Chennai,DEV_1242,iOS,0,1,1,1007.63,1.51,0,0,0
TX_UPI_103015,2026-08-01 10:31:32,10,CUST_1530,normal,BEN_2153,12.45,PhonePe,@paytm,Grocery,Pune,DEV_2721,iOS,0,1,6,1065.4,0.01,0,0,0
TX_UPI_103016,2026-08-01 04:25:14,4,CUST_1443,normal,BEN_2606,1045.33,Cred,@upi,Peer_to_Peer,Chennai,DEV_2255,iOS,0,1,5,1181.36,0.88,0,0,0
TX_UPI_103017,2026-08-02 23:32:41,23,CUST_1142,normal,BEN_2425,297.09,PhonePe,@upi,Travel,Hyderabad,DEV_2651,Android,0,1,3,999.56,0.3,0,0,0
TX_UPI_103018,2026-08-08 16:53:35,16,CUST_1481,mule,BEN_2099,109.34,Cred,@sbi,Jewelry,Mumbai,DEV_2853,Android,1,1,18,30398.76,0.0,0,1,1
TX_UPI_103019,2026-08-06 02:28:40,2,CUST_1133,normal,BEN_4166,1108.04,Cred,@paytm,Travel,Chennai,DEV_1273,Android,0,1,1,1356.4,0.82,0,0,0
TX_UPI_103020,2026-08-04 08:50:56,8,CUST_1097,normal,BEN_2777,1118.32,iMobile,@paytm,Peer_to_Peer,Hyderabad,DEV_1062,Android,0,1,4,1176.15,0.95,0,0,0
TX_UPI_103021,2026-08-10 01:59:29,1,CUST_1437,normal,BEN_6240,569.54,BHIM,@icici,Utilities,Mumbai,DEV_1864,iOS,0,1,4,991.9,0.57,0,0,0
TX_UPI_103022,2026-08-09 15:30:37,15,CUST_1099,normal,BEN_5516,482.73,GPay,@sbi,Utilities,Mumbai,DEV_1003,iOS,0,1,5,1438.0,0.34,0,0,0
TX_UPI_103023,2026-08-10 14:47:24,14,CUST_1086,normal,BEN_4896,1779.86,iMobile,@icici,Travel,Ahmedabad,DEV_2457,iOS,0,1,5,955.05,1.86,0,0,0
TX_UPI_103024,2026-08-04 22:31:05,22,CUST_1216,normal,BEN_2049,10.0,Cred,@ybl,Peer_to_Peer,Delhi_NCR,DEV_1540,Android,0,1,6,1573.08,0.01,0,0,0
TX_UPI_103025,2026-08-05 09:28:21,9,CUST_1456,normal,BEN_6393,2434.25,iMobile,@paytm,Travel,Mumbai,DEV_1218,Android,0,1,3,802.89,3.03,0,0,0
TX_UPI_103026,2026-08-06 05:49:19,5,CUST_1035,normal,BEN_2886,347.45,PhonePe,@sbi,Travel,Kolkata,DEV_2087,Android,0,1,1,1054.23,0.33,0,0,0
TX_UPI_103027,2026-08-10 12:17:23,12,CUST_1016,normal,BEN_6636,2484.54,iMobile,@sbi,Travel,Pune,DEV_1678,iOS,0,1,3,1152.56,2.16,0,0,0
TX_UPI_103028,2026-08-06 18:17:48,18,CUST_1057,normal,BEN_3788,2300.48,BHIM,@icici,Travel,Hyderabad,DEV_2077,Android,0,1,3,1568.53,1.47,0,0,0
TX_UPI_103029,2026-08-01 23:39:18,23,CUST_1429,normal,BEN_4646,2793.68,iMobile,@sbi,Peer_to_Peer,Ahmedabad,DEV_1842,iOS,0,1,3,941.39,2.97,0,0,0
TX_UPI_103030,2026-08-06 00:39:48,0,CUST_1764,normal,BEN_6220,1757.79,GPay,@ybl,Grocery,Chennai,DEV_2597,iOS,0,1,3,802.43,2.19,0,0,0
TX_UPI_103031,2026-08-05 01:40:04,1,CUST_1766,normal,BEN_6163,2224.99,BHIM,@ybl,Peer_to_Peer,Hyderabad,DEV_2968,iOS,0,1,6,1117.32,1.99,0,0,0
TX_UPI_103032,2026-08-09 04:30:57,4,CUST_1201,normal,BEN_5609,189.71,Cred,@icici,Peer_to_Peer,Kolkata,DEV_1598,iOS,0,1,1,1105.74,0.17,0,0,0
TX_UPI_103033,2026-08-08 15:59:06,15,CUST_1157,normal,BEN_1247,800.1,PhonePe,@okaxis,Peer_to_Peer,Mumbai,DEV_1047,Android,0,1,3,1325.27,0.6,0,0,0
TX_UPI_103034,2026-08-05 19:05:05,19,CUST_1186,normal,BEN_5801,1786.54,Paytm,@okaxis,Grocery,Chennai,DEV_1662,iOS,0,1,6,842.25,2.12,0,0,0
TX_UPI_103035,2026-08-05 19:47:29,19,CUST_1455,normal,BEN_6842,925.45,GPay,@sbi,Utilities,Mumbai,DEV_1003,Android,0,1,5,1187.54,0.78,0,0,0
TX_UPI_103036,2026-08-08 23:56:07,23,CUST_1178,normal,BEN_3863,2425.9,BHIM,@sbi,Grocery,Pune,DEV_1867,iOS,0,1,4,1523.55,1.59,0,0,0
TX_UPI_103037,2026-08-05 04:35:06,4,CUST_1117,normal,BEN_3718,1632.01,BHIM,@okaxis,Utilities,Ahmedabad,DEV_2521,Android,0,1,6,1002.36,1.63,0,0,0
TX_UPI_103038,2026-08-06 05:50:05,5,CUST_1474,normal,BEN_4639,1211.43,Paytm,@sbi,Travel,Ahmedabad,DEV_2019,iOS,0,1,5,1467.11,0.83,0,0,0
TX_UPI_103039,2026-08-06 20:25:25,20,CUST_1330,normal,BEN_6806,1783.39,GPay,@ybl,Peer_to_Peer,Bengaluru,DEV_1613,Android,0,1,3,1410.56,1.26,0,1,0
TX_UPI_103040,2026-08-09 07:43:52,7,CUST_1642,normal,BEN_6409,10.0,PhonePe,@icici,Peer_to_Peer,Mumbai,DEV_1174,iOS,0,1,1,1243.59,0.01,0,0,0
TX_UPI_103041,2026-08-09 14:12:52,14,CUST_1422,normal,BEN_1738,1211.29,Cred,@upi,Travel,Pune,DEV_1310,iOS,0,1,5,1095.46,1.11,0,0,0
TX_UPI_103042,2026-08-07 01:46:01,1,CUST_1672,normal,BEN_3852,1656.76,PhonePe,@sbi,Travel,Mumbai,DEV_1314,Android,0,1,2,1216.92,1.36,0,0,0
TX_UPI_103043,2026-08-05 09:33:31,9,CUST_1333,normal,BEN_3622,1995.53,Cred,@upi,Grocery,Kolkata,DEV_1423,iOS,0,1,6,1563.25,1.28,0,0,0
TX_UPI_103044,2026-08-03 03:13:20,3,CUST_1535,normal,BEN_4162,1395.28,iMobile,@ybl,Grocery,Pune,DEV_2722,iOS,0,1,4,714.44,1.95,0,0,0
TX_UPI_103045,2026-08-05 14:21:21,14,CUST_1090,normal,BEN_2937,774.87,Paytm,@icici,Peer_to_Peer,Hyderabad,DEV_2372,iOS,0,1,3,1332.08,0.58,0,0,0
TX_UPI_103046,2026-08-09 11:19:03,11,CUST_1305,normal,BEN_6157,711.2,Paytm,@ybl,Grocery,Mumbai,DEV_1130,iOS,0,1,5,1079.61,0.66,0,0,0
TX_UPI_103047,2026-08-05 18:43:18,18,CUST_1205,normal,BEN_6560,1058.27,BHIM,@ybl,Grocery,Bengaluru,DEV_1734,Android,0,1,4,986.12,1.07,0,0,0
TX_UPI_103048,2026-08-07 02:03:06,2,CUST_1110,normal,BEN_6634,856.77,GPay,@ybl,Peer_to_Peer,Chennai,DEV_2789,Android,0,1,1,1020.49,0.84,0,0,0
TX_UPI_103049,2026-08-02 22:37:48,22,CUST_1494,normal,BEN_4774,816.03,iMobile,@ybl,Grocery,Chennai,DEV_1902,iOS,1,1,2,1180.05,0.69,0,0,0
TX_UPI_103050,2026-08-03 05:03:14,5,CUST_1710,normal,BEN_3395,1726.91,Cred,@icici,Grocery,Kolkata,DEV_1666,Android,0,1,4,1318.9,1.31,0,0,0
TX_UPI_103051,2026-08-07 23:09:17,23,CUST_1253,normal,BEN_4203,1660.45,PhonePe,@sbi,Utilities,Bengaluru,DEV_1263,Android,0,1,3,968.91,1.71,0,0,0
TX_UPI_103052,2026-08-06 06:34:27,6,CUST_1776,normal,BEN_5093,1450.26,Cred,@icici,Travel,Pune,DEV_1736,Android,0,1,5,1415.48,1.02,0,0,0
TX_UPI_103053,2026-08-08 14:09:43,14,CUST_1661,normal,BEN_1696,2152.94,Paytm,@okaxis,Utilities,Chennai,DEV_2541,iOS,0,1,2,1055.52,2.04,0,0,0
TX_UPI_103054,2026-08-09 09:46:10,9,CUST_1377,normal,BEN_1211,1736.81,Paytm,@ybl,Utilities,Chennai,DEV_2368,iOS,0,1,6,1305.35,1.33,0,0,0
TX_UPI_103055,2026-08-07 15:18:26,15,CUST_1796,normal,BEN_2177,1148.9,iMobile,@ybl,Utilities,Hyderabad,DEV_1730,Android,0,1,1,840.26,1.37,0,0,0
TX_UPI_103056,2026-08-08 06:21:45,6,CUST_1664,normal,BEN_5311,1418.11,BHIM,@paytm,Travel,Ahmedabad,DEV_1840,Android,0,1,4,816.32,1.74,0,0,0
TX_UPI_103057,2026-08-06 12:29:08,12,CUST_1700,normal,BEN_1080,1235.66,PhonePe,@icici,Grocery,Hyderabad,DEV_2552,Android,0,1,5,803.71,1.54,0,0,0
TX_UPI_103058,2026-08-01 14:18:23,14,CUST_1552,normal,BEN_3872,2084.0,BHIM,@paytm,Grocery,Kolkata,DEV_2676,iOS,0,1,3,1381.83,1.51,0,0,0
TX_UPI_103059,2026-08-01 03:04:09,3,CUST_1111,normal,BEN_5029,773.24,GPay,@icici,Utilities,Kolkata,DEV_2217,iOS,0,1,1,970.05,0.8,0,0,0
TX_UPI_103060,2026-08-10 20:18:49,20,CUST_1790,normal,BEN_4146,1123.88,iMobile,@icici,Utilities,Kolkata,DEV_1397,iOS,0,1,3,1028.16,1.09,0,0,0
TX_UPI_103061,2026-08-10 22:02:16,22,CUST_1454,normal,BEN_4928,1467.17,BHIM,@paytm,Peer_to_Peer,Kolkata,DEV_1406,Android,0,1,3,1064.13,1.38,0,0,0
TX_UPI_103062,2026-08-03 01:35:39,1,CUST_1514,normal,BEN_2485,10.0,GPay,@icici,Utilities,Bengaluru,DEV_1001,iOS,0,1,4,1058.59,0.01,0,0,0
TX_UPI_103063,2026-08-04 19:13:57,19,CUST_1051,normal,BEN_3617,2488.23,Paytm,@ybl,Grocery,Bengaluru,DEV_1017,iOS,1,1,2,646.01,3.85,0,0,0
TX_UPI_103064,2026-08-08 18:52:41,18,CUST_1577,normal,BEN_5812,1694.45,BHIM,@ybl,Travel,Bengaluru,DEV_1727,iOS,0,1,4,837.98,2.02,0,0,0
TX_UPI_103065,2026-08-08 08:39:19,8,CUST_1570,normal,BEN_6903,10.0,GPay,@upi,Travel,Pune,DEV_3000,iOS,0,1,7,1419.39,0.01,0,0,0
TX_UPI_103066,2026-08-10 18:50:02,18,CUST_1306,normal,BEN_1954,10.0,Cred,@sbi,Travel,Chennai,DEV_1927,iOS,0,1,3,1479.41,0.01,0,0,0
TX_UPI_103067,2026-08-10 14:52:29,14,CUST_1740,normal,BEN_5624,819.15,Cred,@upi,Travel,Bengaluru,DEV_1497,iOS,0,1,3,1012.14,0.81,0,0,0
TX_UPI_103068,2026-08-08 18:28:28,18,CUST_1161,normal,BEN_4728,303.28,GPay,@ybl,Grocery,Hyderabad,DEV_2055,iOS,0,1,1,1332.61,0.23,0,0,0
TX_UPI_103069,2026-08-10 04:11:15,4,CUST_1576,normal,BEN_5854,10.0,Cred,@upi,Utilities,Chennai,DEV_2009,iOS,0,1,4,1292.78,0.01,0,0,0
TX_UPI_103070,2026-08-01 11:47:37,11,CUST_1654,normal,BEN_3348,39.02,GPay,@okaxis,Travel,Chennai,DEV_1654,Android,1,1,2,1371.16,0.03,0,0,0
TX_UPI_103071,2026-08-04 21:56:26,21,CUST_1746,normal,BEN_2514,1626.31,Cred,@okaxis,Grocery,Hyderabad,DEV_1620,iOS,0,1,2,1368.54,1.19,0,0,0
TX_UPI_103072,2026-08-03 06:53:17,6,CUST_1624,normal,BEN_2939,2165.23,PhonePe,@ybl,Peer_to_Peer,Mumbai,DEV_1688,iOS,0,1,4,863.96,2.51,0,0,0
TX_UPI_103073,2026-08-10 23:10:47,23,CUST_1599,normal,BEN_2281,869.24,iMobile,@icici,Grocery,Mumbai,DEV_2660,iOS,0,1,4,1034.74,0.84,0,0,0
TX_UPI_103074,2026-08-07 19:09:09,19,CUST_1500,normal,BEN_6747,1951.17,iMobile,@paytm,Utilities,Ahmedabad,DEV_2593,Android,0,1,1,721.38,2.7,0,0,0
TX_UPI_103075,2026-08-06 16:33:58,16,CUST_1466,normal,BEN_4152,1344.7,PhonePe,@icici,Travel,Hyderabad,DEV_2731,iOS,0,1,3,929.51,1.45,0,0,0
TX_UPI_103076,2026-08-01 03:14:36,3,CUST_1809,normal,BEN_6421,10.0,GPay,@sbi,Grocery,Pune,DEV_1745,iOS,0,1,4,1067.34,0.01,0,0,0
TX_UPI_103077,2026-08-01 05:00:54,5,CUST_1452,normal,BEN_3913,1722.78,Cred,@ybl,Grocery,Delhi_NCR,DEV_1828,Android,0,1,4,1048.18,1.64,0,0,0
TX_UPI_103078,2026-08-04 16:37:50,16,CUST_1686,normal,BEN_1991,2141.6,GPay,@sbi,Peer_to_Peer,Chennai,DEV_2023,iOS,0,1,1,1208.73,1.77,0,0,0
TX_UPI_103079,2026-08-10 17:28:02,17,CUST_1652,normal,BEN_1280,10.0,Paytm,@icici,Travel,Bengaluru,DEV_2373,iOS,0,1,2,788.96,0.01,0,0,0
TX_UPI_103080,2026-08-09 09:10:33,9,CUST_1563,normal,BEN_6067,1825.55,GPay,@paytm,Travel,Hyderabad,DEV_1693,iOS,0,1,3,1076.76,1.7,0,0,0
TX_UPI_103081,2026-08-06 12:04:25,12,CUST_1758,normal,BEN_2555,314.61,iMobile,@okaxis,Utilities,Chennai,DEV_2633,Android,0,1,3,896.77,0.35,0,0,0
TX_UPI_103082,2026-08-04 20:29:58,20,CUST_1397,normal,BEN_2500,1506.76,Cred,@ybl,Utilities,Ahmedabad,DEV_2695,Android,0,1,2,1399.15,1.08,0,0,0
TX_UPI_103083,2026-08-09 19:11:05,19,CUST_1587,normal,BEN_1847,10.0,PhonePe,@paytm,Grocery,Bengaluru,DEV_1968,Android,1,1,2,1482.53,0.01,0,0,0
TX_UPI_103084,2026-08-07 10:08:07,10,CUST_1380,normal,BEN_3136,851.89,Cred,@ybl,Grocery,Mumbai,DEV_2145,iOS,0,1,1,1132.58,0.75,0,0,0
TX_UPI_103085,2026-08-02 23:09:06,23,CUST_1203,normal,BEN_4389,819.69,Cred,@upi,Travel,Kolkata,DEV_2365,iOS,0,1,2,816.99,1.0,0,0,0
TX_UPI_103086,2026-08-06 10:45:08,10,CUST_1803,normal,BEN_1024,3414.7,PhonePe,@sbi,Peer_to_Peer,Chennai,DEV_1205,iOS,0,1,3,617.86,5.53,0,0,0
TX_UPI_103087,2026-08-02 14:06:34,14,CUST_1362,normal,BEN_6639,2394.97,GPay,@paytm,Grocery,Mumbai,DEV_1672,Android,0,1,5,896.05,2.67,0,0,0
TX_UPI_103088,2026-08-07 13:27:18,13,CUST_1327,normal,BEN_3806,453.5,Paytm,@icici,Utilities,Ahmedabad,DEV_1432,Android,0,1,5,1020.74,0.44,0,0,0
TX_UPI_103089,2026-08-01 06:11:53,6,CUST_1156,normal,BEN_4029,10.0,Paytm,@okaxis,Utilities,Mumbai,DEV_1175,iOS,0,1,7,975.84,0.01,0,0,0
TX_UPI_103090,2026-08-05 14:23:04,14,CUST_1014,normal,BEN_6574,2396.46,Cred,@sbi,Peer_to_Peer,Bengaluru,DEV_2569,iOS,1,1,6,839.76,2.85,0,0,0
TX_UPI_103091,2026-08-08 20:42:56,20,CUST_1291,normal,BEN_6360,2026.55,GPay,@sbi,Travel,Pune,DEV_2358,iOS,1,1,2,631.99,3.21,0,0,0
TX_UPI_103092,2026-08-08 18:37:25,18,CUST_1567,normal,BEN_4327,860.32,Cred,@ybl,Peer_to_Peer,Delhi_NCR,DEV_1047,iOS,0,1,4,968.94,0.89,0,0,0
TX_UPI_103093,2026-08-10 13:59:50,13,CUST_1315,normal,BEN_3853,954.36,Cred,@ybl,Grocery,Chennai,DEV_2329,iOS,0,1,6,1105.56,0.86,0,0,0
TX_UPI_103094,2026-08-03 17:36:46,17,CUST_1807,normal,BEN_3399,525.36,iMobile,@upi,Grocery,Hyderabad,DEV_1826,Android,0,1,5,1127.44,0.47,0,0,0
TX_UPI_103095,2026-08-07 08:37:10,8,CUST_1747,normal,BEN_3431,10.0,PhonePe,@ybl,Peer_to_Peer,Chennai,DEV_2602,Android,0,1,4,1174.04,0.01,0,0,0
TX_UPI_103096,2026-08-04 00:10:21,0,CUST_1687,normal,BEN_3924,1216.1,Cred,@okaxis,Peer_to_Peer,Mumbai,DEV_1532,Android,0,1,5,918.63,1.32,0,1,0
TX_UPI_103097,2026-08-03 00:16:06,0,CUST_1323,normal,BEN_4584,1469.2,GPay,@paytm,Peer_to_Peer,Mumbai,DEV_1224,iOS,0,1,1,1177.7,1.25,0,0,0
TX_UPI_103098,2026-08-08 03:50:45,3,CUST_1513,normal,BEN_1145,2762.45,GPay,@upi,Utilities,Kolkata,DEV_1456,Android,0,1,2,897.65,3.08,0,0,0
TX_UPI_103099,2026-08-05 10:15:56,10,CUST_1055,normal,BEN_4349,631.99,GPay,@upi,Travel,Pune,DEV_1534,iOS,0,1,4,824.87,0.77,0,0,0
TX_UPI_103100,2026-08-02 07:27:31,7,CUST_1130,normal,BEN_2325,1537.0,BHIM,@upi,Travel,Ahmedabad,DEV_1352,iOS,0,1,5,1208.24,1.27,0,0,0
TX_UPI_103101,2026-08-05 09:58:54,9,CUST_1038,normal,BEN_2896,10.0,Cred,@okaxis,Peer_to_Peer,Ahmedabad,DEV_1954,Android,1,1,5,1304.97,0.01,0,0,0
TX_UPI_103102,2026-08-04 08:53:56,8,CUST_1176,normal,BEN_1717,1864.13,BHIM,@okaxis,Grocery,Pune,DEV_1917,iOS,0,1,4,1132.85,1.65,0,0,0
TX_UPI_103103,2026-08-06 05:17:14,5,CUST_1267,normal,BEN_5882,2025.91,Paytm,@paytm,Grocery,Delhi_NCR,DEV_2512,iOS,0,1,7,851.27,2.38,0,0,0
TX_UPI_103104,2026-08-09 20:42:48,20,CUST_1474,normal,BEN_4510,2062.5,Cred,@okaxis,Peer_to_Peer,Pune,DEV_2696,iOS,0,1,3,1048.88,1.97,0,0,0
TX_UPI_103105,2026-08-05 18:13:47,18,CUST_1333,normal,BEN_4893,10.0,iMobile,@ybl,Grocery,Pune,DEV_2672,Android,1,1,3,840.66,0.01,0,0,0
TX_UPI_103106,2026-08-04 04:10:33,4,CUST_1781,normal,BEN_2015,828.92,Paytm,@okaxis,Peer_to_Peer,Delhi_NCR,DEV_2420,iOS,0,1,1,972.26,0.85,0,0,0
TX_UPI_103107,2026-08-03 09:30:48,9,CUST_1146,normal,BEN_5369,875.11,BHIM,@sbi,Grocery,Delhi_NCR,DEV_1425,Android,0,1,4,692.46,1.26,0,0,0
TX_UPI_103108,2026-08-05 06:24:10,6,CUST_1279,normal,BEN_4942,43.59,PhonePe,@sbi,Grocery,Chennai,DEV_2774,Android,0,1,4,888.61,0.05,0,0,0
TX_UPI_103109,2026-08-04 07:46:13,7,CUST_1662,normal,BEN_4856,2059.62,Cred,@ybl,Utilities,Mumbai,DEV_1320,iOS,0,1,4,1225.62,1.68,0,1,0
TX_UPI_103110,2026-08-03 13:43:04,13,CUST_1500,normal,BEN_4849,2328.55,Cred,@okaxis,Peer_to_Peer,Hyderabad,DEV_1832,Android,0,1,3,942.12,2.47,0,0,0
TX_UPI_103111,2026-08-09 18:00:24,18,CUST_1439,normal,BEN_5150,1897.36,BHIM,@paytm,Peer_to_Peer,Kolkata,DEV_2866,iOS,0,1,5,1035.04,1.83,0,0,0
TX_UPI_103112,2026-08-06 10:00:30,10,CUST_1655,normal,BEN_5711,2313.17,iMobile,@upi,Peer_to_Peer,Pune,DEV_2998,Android,0,1,3,1087.87,2.13,0,0,0
TX_UPI_103113,2026-08-08 17:35:59,17,CUST_1506,normal,BEN_3135,1216.98,PhonePe,@sbi,Travel,Kolkata,DEV_2033,iOS,0,1,2,1098.62,1.11,0,0,0
TX_UPI_103114,2026-08-08 21:04:27,21,CUST_1432,normal,BEN_2567,2317.41,BHIM,@sbi,Grocery,Hyderabad,DEV_1065,Android,0,1,4,1087.46,2.13,0,0,0
TX_UPI_103115,2026-08-08 05:51:06,5,CUST_1015,normal,BEN_2698,1070.59,Paytm,@ybl,Travel,Pune,DEV_2874,Android,0,1,4,1259.94,0.85,0,0,0
TX_UPI_103116,2026-08-09 01:37:17,1,CUST_1745,normal,BEN_4299,1687.39,GPay,@icici,Grocery,Mumbai,DEV_1815,Android,0,1,3,1157.95,1.46,0,0,0
TX_UPI_103117,2026-08-08 05:53:11,5,CUST_1227,normal,BEN_1903,1583.95,Cred,@icici,Peer_to_Peer,Chennai,DEV_1147,Android,0,1,1,1120.38,1.41,0,0,0
TX_UPI_103118,2026-08-02 03:27:05,3,CUST_1368,mule,BEN_3601,10.0,BHIM,@ybl,Peer_to_Peer,Pune,DEV_2761,Android,1,1,29,35462.06,0.0,1,0,1
TX_UPI_103119,2026-08-03 05:24:16,5,CUST_1241,normal,BEN_4253,1798.04,iMobile,@upi,Utilities,Chennai,DEV_1593,Android,0,1,3,1154.17,1.56,0,0,0
TX_UPI_103120,2026-08-07 00:01:15,0,CUST_1565,normal,BEN_3759,2339.16,iMobile,@icici,Peer_to_Peer,Delhi_NCR,DEV_2910,Android,0,1,6,1073.0,2.18,0,0,0
TX_UPI_103121,2026-08-02 04:55:22,4,CUST_1811,normal,BEN_1532,1311.46,PhonePe,@paytm,Peer_to_Peer,Mumbai,DEV_1256,iOS,0,1,6,719.81,1.82,0,0,0
TX_UPI_103122,2026-08-01 05:08:39,5,CUST_1404,normal,BEN_6011,941.54,PhonePe,@sbi,Peer_to_Peer,Bengaluru,DEV_2155,Android,0,1,6,1314.05,0.72,0,0,0
TX_UPI_103123,2026-08-05 12:59:04,12,CUST_1050,normal,BEN_4205,1495.41,Cred,@ybl,Grocery,Kolkata,DEV_2562,Android,0,1,1,1068.02,1.4,0,0,0
TX_UPI_103124,2026-08-03 17:50:15,17,CUST_1482,normal,BEN_3298,728.07,PhonePe,@okaxis,Utilities,Ahmedabad,DEV_2891,Android,0,1,4,885.76,0.82,0,1,0
TX_UPI_103125,2026-08-01 15:09:37,15,CUST_1349,normal,BEN_1324,379.42,iMobile,@sbi,Peer_to_Peer,Kolkata,DEV_1814,Android,0,1,1,1373.23,0.28,0,0,0
TX_UPI_103126,2026-08-04 23:03:39,23,CUST_1668,normal,BEN_2378,880.18,BHIM,@icici,Utilities,Delhi_NCR,DEV_1473,Android,0,1,4,1079.46,0.82,0,0,0
TX_UPI_103127,2026-08-03 12:21:18,12,CUST_1177,normal,BEN_3686,346.05,PhonePe,@icici,Utilities,Ahmedabad,DEV_2974,Android,1,1,1,838.72,0.41,0,0,0
TX_UPI_103128,2026-08-04 14:08:25,14,CUST_1501,suspicious,BEN_5399,14982.97,Paytm,@paytm,Gaming_Betting,Hyderabad,DEV_2036,Android,1,1,20,20903.12,0.72,1,1,1
TX_UPI_103129,2026-08-10 21:05:31,21,CUST_1644,normal,BEN_4275,2597.19,Cred,@ybl,Travel,Pune,DEV_1443,iOS,0,1,6,1274.01,2.04,0,0,0
TX_UPI_103130,2026-08-08 17:59:02,17,CUST_1665,normal,BEN_3754,1104.27,Paytm,@sbi,Peer_to_Peer,Mumbai,DEV_2703,iOS,0,1,7,1027.68,1.07,0,1,0
TX_UPI_103131,2026-08-01 09:07:51,9,CUST_1631,normal,BEN_2186,1174.99,Cred,@okaxis,Grocery,Hyderabad,DEV_1908,Android,0,1,4,1248.44,0.94,0,0,0
TX_UPI_103132,2026-08-03 13:00:53,13,CUST_1242,normal,BEN_1150,1709.53,GPay,@paytm,Utilities,Kolkata,DEV_1541,iOS,1,1,3,952.08,1.8,0,0,0
TX_UPI_103133,2026-08-03 12:49:03,12,CUST_1334,normal,BEN_4139,1711.92,PhonePe,@okaxis,Travel,Kolkata,DEV_1356,Android,0,1,5,985.6,1.74,0,0,0
TX_UPI_103134,2026-08-05 16:31:35,16,CUST_1408,normal,BEN_3398,10.0,PhonePe,@ybl,Grocery,Bengaluru,DEV_1193,iOS,0,1,3,1229.65,0.01,0,0,0
TX_UPI_103135,2026-08-09 09:17:48,9,CUST_1459,normal,BEN_3048,2644.33,GPay,@icici,Travel,Pune,DEV_1952,iOS,0,1,1,977.62,2.7,0,0,0
TX_UPI_103136,2026-08-01 21:26:18,21,CUST_1612,normal,BEN_4612,888.48,iMobile,@okaxis,Utilities,Mumbai,DEV_1845,iOS,0,1,6,1071.61,0.83,0,0,0
TX_UPI_103137,2026-08-05 11:30:08,11,CUST_1089,normal,BEN_3160,474.14,BHIM,@upi,Peer_to_Peer,Hyderabad,DEV_1372,iOS,0,1,5,982.89,0.48,1,0,0
TX_UPI_103138,2026-08-02 04:29:26,4,CUST_1055,normal,BEN_2380,220.49,BHIM,@upi,Peer_to_Peer,Chennai,DEV_1044,iOS,0,1,2,1496.17,0.15,0,0,0
TX_UPI_103139,2026-08-01 23:38:15,23,CUST_1680,normal,BEN_1700,1507.37,Paytm,@icici,Peer_to_Peer,Mumbai,DEV_1964,iOS,0,1,4,1020.03,1.48,0,0,0
TX_UPI_103140,2026-08-09 05:23:29,5,CUST_1786,normal,BEN_5316,1433.72,Paytm,@ybl,Grocery,Kolkata,DEV_1646,Android,0,1,4,1150.12,1.25,0,0,0
TX_UPI_103141,2026-08-09 20:14:53,20,CUST_1567,normal,BEN_1928,1291.88,PhonePe,@okaxis,Travel,Ahmedabad,DEV_1649,Android,0,1,5,1085.55,1.19,0,0,0
TX_UPI_103142,2026-08-07 01:51:15,1,CUST_1319,normal,BEN_1609,417.65,Paytm,@paytm,Peer_to_Peer,Kolkata,DEV_1444,iOS,0,1,2,605.04,0.69,0,0,0
TX_UPI_103143,2026-08-09 15:57:19,15,CUST_1270,normal,BEN_5891,2821.45,GPay,@icici,Travel,Mumbai,DEV_1823,iOS,0,1,5,880.78,3.2,0,0,0
TX_UPI_103144,2026-08-10 21:12:30,21,CUST_1005,normal,BEN_1743,974.52,PhonePe,@paytm,Peer_to_Peer,Mumbai,DEV_2330,Android,0,1,2,1450.21,0.67,0,0,0
TX_UPI_103145,2026-08-08 21:23:57,21,CUST_1037,normal,BEN_5360,64.1,GPay,@okaxis,Grocery,Delhi_NCR,DEV_1436,iOS,1,1,4,1053.95,0.06,0,0,0
TX_UPI_103146,2026-08-01 08:37:31,8,CUST_1250,normal,BEN_4456,1861.47,Paytm,@upi,Travel,Kolkata,DEV_2955,iOS,1,1,3,658.03,2.83,0,0,0
TX_UPI_103147,2026-08-02 13:49:49,13,CUST_1799,normal,BEN_2216,999.11,BHIM,@sbi,Travel,Mumbai,DEV_2132,iOS,1,1,2,1099.1,0.91,0,0,0
TX_UPI_103148,2026-08-03 02:15:08,2,CUST_1310,normal,BEN_4875,2347.34,iMobile,@sbi,Travel,Bengaluru,DEV_1519,Android,0,1,1,887.95,2.64,0,0,0
TX_UPI_103149,2026-08-07 09:50:25,9,CUST_1149,normal,BEN_3407,757.85,PhonePe,@ybl,Travel,Mumbai,DEV_2832,iOS,1,1,3,1257.63,0.6,0,0,0
TX_UPI_103150,2026-08-03 17:20:12,17,CUST_1530,normal,BEN_2219,1061.16,Cred,@paytm,Grocery,Bengaluru,DEV_2256,iOS,0,1,4,929.81,1.14,0,0,0
TX_UPI_103151,2026-08-07 00:15:03,0,CUST_1293,normal,BEN_2913,1383.94,BHIM,@paytm,Travel,Chennai,DEV_2559,Android,0,1,5,904.25,1.53,0,0,0
TX_UPI_103152,2026-08-01 09:49:31,9,CUST_1797,normal,BEN_6660,1825.09,Paytm,@sbi,Utilities,Pune,DEV_1196,Android,0,1,4,1330.91,1.37,0,0,0
TX_UPI_103153,2026-08-04 12:38:36,12,CUST_1656,normal,BEN_6600,1038.86,BHIM,@sbi,Peer_to_Peer,Hyderabad,DEV_2550,Android,0,1,4,1070.25,0.97,0,0,0
TX_UPI_103154,2026-08-07 23:56:51,23,CUST_1700,normal,BEN_1913,1123.03,iMobile,@paytm,Grocery,Ahmedabad,DEV_1109,iOS,0,1,4,1208.83,0.93,0,1,0
TX_UPI_103155,2026-08-04 21:59:46,21,CUST_1649,normal,BEN_5082,200.35,Paytm,@sbi,Peer_to_Peer,Pune,DEV_1627,iOS,0,1,6,633.68,0.32,0,0,0
TX_UPI_103156,2026-08-10 05:05:28,5,CUST_1617,normal,BEN_3951,652.15,BHIM,@okaxis,Peer_to_Peer,Bengaluru,DEV_2028,iOS,0,1,3,1178.97,0.55,0,0,0
TX_UPI_103157,2026-08-04 21:08:23,21,CUST_1049,normal,BEN_1676,2460.94,Paytm,@okaxis,Peer_to_Peer,Hyderabad,DEV_1037,iOS,1,1,1,958.15,2.57,0,0,0
TX_UPI_103158,2026-08-01 05:11:56,5,CUST_1755,normal,BEN_6933,10.0,Cred,@paytm,Utilities,Delhi_NCR,DEV_1670,Android,0,1,4,1145.2,0.01,0,0,0
TX_UPI_103159,2026-08-07 10:33:33,10,CUST_1273,normal,BEN_5139,2472.64,BHIM,@sbi,Utilities,Delhi_NCR,DEV_1815,iOS,0,1,4,1330.57,1.86,0,0,0
TX_UPI_103160,2026-08-06 04:05:15,4,CUST_1650,normal,BEN_6652,1667.07,GPay,@okaxis,Peer_to_Peer,Chennai,DEV_1072,iOS,0,1,3,741.85,2.25,0,0,0
TX_UPI_103161,2026-08-06 22:07:51,22,CUST_1525,normal,BEN_5114,1420.0,iMobile,@icici,Grocery,Mumbai,DEV_1806,Android,1,1,1,1390.85,1.02,0,0,0
TX_UPI_103162,2026-08-08 01:41:06,1,CUST_1340,normal,BEN_2977,1070.35,Cred,@ybl,Travel,Delhi_NCR,DEV_1429,Android,0,1,6,964.75,1.11,0,0,0
TX_UPI_103163,2026-08-09 09:00:55,9,CUST_1725,normal,BEN_4478,1415.08,PhonePe,@icici,Grocery,Chennai,DEV_1252,iOS,0,1,4,1069.19,1.32,0,0,0
TX_UPI_103164,2026-08-10 14:26:28,14,CUST_1178,normal,BEN_2651,853.87,BHIM,@sbi,Utilities,Ahmedabad,DEV_1294,Android,0,1,4,857.72,1.0,0,0,0
TX_UPI_103165,2026-08-02 05:29:08,5,CUST_1692,normal,BEN_3069,232.45,Paytm,@sbi,Grocery,Delhi_NCR,DEV_2247,Android,0,1,6,1254.52,0.19,0,0,0
TX_UPI_103166,2026-08-07 04:01:10,4,CUST_1466,normal,BEN_1412,1252.71,GPay,@icici,Travel,Pune,DEV_1701,Android,0,1,7,1015.74,1.23,0,0,0
TX_UPI_103167,2026-08-08 18:42:13,18,CUST_1826,normal,BEN_6602,2258.16,GPay,@icici,Utilities,Chennai,DEV_2411,iOS,0,1,4,834.06,2.71,0,0,0
TX_UPI_103168,2026-08-09 03:33:40,3,CUST_1802,normal,BEN_3852,2678.43,PhonePe,@upi,Grocery,Hyderabad,DEV_2198,iOS,0,1,5,1050.95,2.55,0,0,0
TX_UPI_103169,2026-08-02 19:16:45,19,CUST_1087,normal,BEN_6215,1781.74,PhonePe,@paytm,Travel,Bengaluru,DEV_2351,Android,0,1,3,1279.0,1.39,0,1,0
TX_UPI_103170,2026-08-10 06:48:21,6,CUST_1692,normal,BEN_5724,10.0,GPay,@ybl,Grocery,Pune,DEV_2995,iOS,0,1,1,1315.02,0.01,0,0,0
TX_UPI_103171,2026-08-02 16:36:47,16,CUST_1746,normal,BEN_1273,1000.28,PhonePe,@ybl,Peer_to_Peer,Hyderabad,DEV_2856,Android,0,1,4,756.77,1.32,0,0,0
TX_UPI_103172,2026-08-10 07:44:08,7,CUST_1775,normal,BEN_1858,2678.29,iMobile,@icici,Peer_to_Peer,Pune,DEV_2197,Android,1,1,6,1031.84,2.6,0,0,0
TX_UPI_103173,2026-08-03 11:44:24,11,CUST_1491,normal,BEN_1914,876.24,Cred,@ybl,Grocery,Bengaluru,DEV_2945,Android,0,1,6,1555.79,0.56,0,0,0
TX_UPI_103174,2026-08-08 11:47:35,11,CUST_1829,normal,BEN_1874,1963.01,Cred,@ybl,Travel,Ahmedabad,DEV_1762,Android,1,1,8,858.64,2.29,0,0,0
TX_UPI_103175,2026-08-07 14:35:12,14,CUST_1572,normal,BEN_6226,544.49,PhonePe,@icici,Grocery,Mumbai,DEV_1909,Android,0,1,1,1186.02,0.46,0,0,0
TX_UPI_103176,2026-08-10 14:58:10,14,CUST_1213,normal,BEN_2384,1340.48,BHIM,@okaxis,Peer_to_Peer,Pune,DEV_1810,iOS,0,1,3,1274.22,1.05,0,0,0
TX_UPI_103177,2026-08-01 04:26:36,4,CUST_1015,normal,BEN_5159,2185.86,Paytm,@ybl,Grocery,Chennai,DEV_2331,iOS,0,1,1,936.73,2.33,0,0,0
TX_UPI_103178,2026-08-10 10:54:58,10,CUST_1523,normal,BEN_3637,1856.11,GPay,@sbi,Peer_to_Peer,Delhi_NCR,DEV_2059,Android,0,1,3,888.43,2.09,0,0,0
TX_UPI_103179,2026-08-07 17:10:12,17,CUST_1782,normal,BEN_4805,2014.83,PhonePe,@paytm,Utilities,Ahmedabad,DEV_1448,iOS,0,1,1,1007.62,2.0,0,0,0
TX_UPI_103180,2026-08-01 09:42:19,9,CUST_1456,normal,BEN_5042,1462.92,GPay,@upi,Utilities,Kolkata,DEV_2394,iOS,0,1,2,1267.96,1.15,0,0,0
TX_UPI_103181,2026-08-07 22:55:08,22,CUST_1807,normal,BEN_5835,744.9,GPay,@sbi,Utilities,Kolkata,DEV_1213,Android,0,1,6,1049.82,0.71,1,0,0
TX_UPI_103182,2026-08-03 07:25:57,7,CUST_1261,normal,BEN_6101,1737.02,iMobile,@okaxis,Utilities,Hyderabad,DEV_2009,iOS,0,1,5,929.39,1.87,0,0,0
TX_UPI_103183,2026-08-02 04:24:19,4,CUST_1830,normal,BEN_1119,10.0,Cred,@icici,Utilities,Delhi_NCR,DEV_2835,Android,0,1,4,1097.35,0.01,0,1,0
TX_UPI_103184,2026-08-05 17:55:54,17,CUST_1186,normal,BEN_4535,1644.66,Paytm,@upi,Travel,Pune,DEV_1611,Android,0,1,3,976.7,1.68,0,0,0
TX_UPI_103185,2026-08-06 03:40:24,3,CUST_1336,normal,BEN_2792,2806.78,PhonePe,@icici,Utilities,Mumbai,DEV_2467,iOS,0,1,1,1256.15,2.23,0,0,0
TX_UPI_103186,2026-08-06 11:09:29,11,CUST_1162,normal,BEN_5495,740.32,iMobile,@sbi,Travel,Mumbai,DEV_1976,iOS,0,1,3,1003.9,0.74,1,0,0
TX_UPI_103187,2026-08-07 12:26:40,12,CUST_1101,normal,BEN_3636,557.25,Cred,@icici,Grocery,Kolkata,DEV_1568,iOS,0,1,5,1413.75,0.39,0,0,0
TX_UPI_103188,2026-08-06 10:16:28,10,CUST_1269,mule,BEN_1454,44400.27,Paytm,@ybl,Electronics,Mumbai,DEV_1533,iOS,1,2,26,25581.36,1.74,0,0,0
TX_UPI_103189,2026-08-09 01:58:51,1,CUST_1333,normal,BEN_2427,1613.46,BHIM,@upi,Utilities,Pune,DEV_2155,Android,0,1,8,988.63,1.63,0,0,0
TX_UPI_103190,2026-08-01 07:00:04,7,CUST_1073,normal,BEN_1272,899.21,PhonePe,@paytm,Grocery,Bengaluru,DEV_2788,iOS,0,1,2,962.54,0.93,0,0,0
TX_UPI_103191,2026-08-04 02:13:42,2,CUST_1802,normal,BEN_3108,10.0,Paytm,@upi,Grocery,Chennai,DEV_2063,iOS,1,1,4,877.07,0.01,0,0,0
TX_UPI_103192,2026-08-06 00:06:13,0,CUST_1260,normal,BEN_2728,10.0,Paytm,@paytm,Travel,Ahmedabad,DEV_2082,iOS,0,1,5,820.32,0.01,0,0,0
TX_UPI_103193,2026-08-04 10:09:15,10,CUST_1564,normal,BEN_4481,929.06,Cred,@icici,Grocery,Delhi_NCR,DEV_1811,iOS,0,1,6,741.79,1.25,0,0,0
TX_UPI_103194,2026-08-08 07:28:22,7,CUST_1339,normal,BEN_6468,10.0,iMobile,@okaxis,Travel,Bengaluru,DEV_1349,Android,0,1,4,1355.88,0.01,0,0,0
TX_UPI_103195,2026-08-09 04:37:07,4,CUST_1120,normal,BEN_2968,10.0,Paytm,@icici,Grocery,Chennai,DEV_1631,Android,0,1,4,1219.44,0.01,0,0,0
TX_UPI_103196,2026-08-04 02:46:33,2,CUST_1072,normal,BEN_4966,10.0,iMobile,@upi,Grocery,Pune,DEV_2944,iOS,0,1,5,1290.39,0.01,0,0,0
TX_UPI_103197,2026-08-09 09:12:16,9,CUST_1234,normal,BEN_4756,950.57,PhonePe,@sbi,Grocery,Hyderabad,DEV_2195,Android,1,1,6,1352.75,0.7,0,0,0
TX_UPI_103198,2026-08-04 01:58:36,1,CUST_1299,normal,BEN_6272,1282.49,Paytm,@upi,Grocery,Kolkata,DEV_1748,iOS,0,1,3,846.52,1.52,0,0,0
TX_UPI_103199,2026-08-07 13:56:22,13,CUST_1233,normal,BEN_2983,1169.95,PhonePe,@icici,Travel,Bengaluru,DEV_2753,Android,0,1,5,1002.2,1.17,0,0,0
TX_UPI_103200,2026-08-09 15:29:45,15,CUST_1609,normal,BEN_1756,10.0,iMobile,@ybl,Travel,Ahmedabad,DEV_2176,iOS,0,1,6,1125.65,0.01,0,0,0
TX_UPI_103201,2026-08-01 01:26:47,1,CUST_1588,normal,BEN_5459,896.3,iMobile,@paytm,Utilities,Kolkata,DEV_2742,iOS,0,1,5,1445.91,0.62,0,0,0
TX_UPI_103202,2026-08-04 12:14:04,12,CUST_1573,normal,BEN_4904,10.0,iMobile,@icici,Peer_to_Peer,Ahmedabad,DEV_2318,Android,0,1,4,737.6,0.01,0,0,0
TX_UPI_103203,2026-08-04 02:10:12,2,CUST_1585,normal,BEN_3033,1599.29,BHIM,@ybl,Peer_to_Peer,Ahmedabad,DEV_1658,Android,0,1,4,1232.57,1.3,0,0,0
TX_UPI_103204,2026-08-02 12:55:55,12,CUST_1551,normal,BEN_4749,800.6,Cred,@upi,Grocery,Pune,DEV_1891,iOS,0,1,1,971.91,0.82,0,0,0
TX_UPI_103205,2026-08-08 07:10:01,7,CUST_1194,normal,BEN_3805,1525.48,Paytm,@ybl,Peer_to_Peer,Kolkata,DEV_1258,iOS,0,1,6,798.76,1.91,0,0,0
TX_UPI_103206,2026-08-01 04:30:48,4,CUST_1543,suspicious,BEN_1956,46487.09,Paytm,@upi,Jewelry,Ahmedabad,DEV_2177,iOS,1,1,12,27157.23,1.71,0,0,1
TX_UPI_103207,2026-08-09 21:42:04,21,CUST_1605,normal,BEN_6419,792.08,iMobile,@sbi,Grocery,Kolkata,DEV_1095,iOS,0,1,4,1294.05,0.61,0,0,0
TX_UPI_103208,2026-08-05 07:31:43,7,CUST_1824,normal,BEN_3991,218.39,BHIM,@upi,Travel,Mumbai,DEV_2985,Android,0,1,2,1124.39,0.19,0,0,0
TX_UPI_103209,2026-08-04 10:11:21,10,CUST_1036,normal,BEN_3652,3121.27,iMobile,@icici,Travel,Chennai,DEV_2663,iOS,0,1,2,1569.63,1.99,0,0,0
TX_UPI_103210,2026-08-07 16:04:30,16,CUST_1275,normal,BEN_6514,2803.54,Paytm,@paytm,Utilities,Chennai,DEV_1799,iOS,0,1,3,1008.44,2.78,0,0,0
TX_UPI_103211,2026-08-05 01:16:27,1,CUST_1027,normal,BEN_4680,646.35,Cred,@paytm,Utilities,Hyderabad,DEV_2404,Android,0,1,3,742.39,0.87,0,0,0
TX_UPI_103212,2026-08-07 22:32:39,22,CUST_1334,normal,BEN_6876,1139.01,iMobile,@icici,Peer_to_Peer,Ahmedabad,DEV_2938,Android,0,1,6,933.34,1.22,0,0,0
TX_UPI_103213,2026-08-01 06:39:20,6,CUST_1240,normal,BEN_4806,1007.42,BHIM,@upi,Travel,Mumbai,DEV_2593,Android,0,1,1,1169.77,0.86,0,0,0
TX_UPI_103214,2026-08-05 08:57:43,8,CUST_1047,normal,BEN_3907,1411.59,GPay,@upi,Travel,Kolkata,DEV_1885,Android,0,1,4,1027.96,1.37,0,0,0
TX_UPI_103215,2026-08-06 23:00:22,23,CUST_1108,normal,BEN_2581,965.79,BHIM,@paytm,Peer_to_Peer,Bengaluru,DEV_1797,Android,0,1,5,1073.08,0.9,0,0,0
TX_UPI_103216,2026-08-05 03:56:14,3,CUST_1621,normal,BEN_5967,1451.98,PhonePe,@paytm,Utilities,Mumbai,DEV_1795,Android,0,1,4,1349.62,1.08,0,0,0
TX_UPI_103217,2026-08-06 19:18:00,19,CUST_1685,normal,BEN_3522,1741.6,GPay,@okaxis,Peer_to_Peer,Bengaluru,DEV_1441,Android,0,1,4,1444.42,1.21,0,0,0
TX_UPI_103218,2026-08-03 03:48:09,3,CUST_1442,normal,BEN_3305,1536.21,Cred,@sbi,Travel,Delhi_NCR,DEV_2276,iOS,1,1,6,1225.67,1.25,0,0,0
TX_UPI_103219,2026-08-08 10:35:58,10,CUST_1120,normal,BEN_3153,10.0,GPay,@sbi,Peer_to_Peer,Delhi_NCR,DEV_1861,iOS,1,1,6,1112.44,0.01,0,0,0
TX_UPI_103220,2026-08-02 03:30:19,3,CUST_1269,mule,BEN_6353,33960.9,BHIM,@paytm,Jewelry,Chennai,DEV_1168,Android,1,2,27,29430.1,1.15,0,0,1
TX_UPI_103221,2026-08-05 11:01:28,11,CUST_1617,normal,BEN_2776,1381.62,BHIM,@upi,Utilities,Kolkata,DEV_1315,iOS,0,1,2,1385.83,1.0,0,0,0
TX_UPI_103222,2026-08-05 08:03:20,8,CUST_1692,normal,BEN_2985,1109.13,iMobile,@paytm,Travel,Delhi_NCR,DEV_1788,iOS,0,1,3,858.02,1.29,0,0,0
TX_UPI_103223,2026-08-03 22:57:55,22,CUST_1009,suspicious,BEN_2119,32837.96,iMobile,@ybl,Gaming_Betting,Ahmedabad,DEV_2618,iOS,1,1,19,27297.49,1.2,1,1,1
TX_UPI_103224,2026-08-05 08:12:08,8,CUST_1047,normal,BEN_4633,378.2,Paytm,@paytm,Travel,Hyderabad,DEV_1869,Android,0,1,1,1230.14,0.31,0,0,0
TX_UPI_103225,2026-08-09 12:44:59,12,CUST_1523,normal,BEN_5574,2387.71,PhonePe,@sbi,Travel,Ahmedabad,DEV_1808,Android,0,1,1,1461.47,1.63,0,0,0
TX_UPI_103226,2026-08-01 23:05:08,23,CUST_1820,normal,BEN_5148,1427.13,PhonePe,@icici,Grocery,Kolkata,DEV_1339,iOS,0,1,3,984.59,1.45,0,0,0
TX_UPI_103227,2026-08-01 05:14:46,5,CUST_1453,normal,BEN_6082,92.39,BHIM,@sbi,Grocery,Delhi_NCR,DEV_2773,iOS,0,1,5,893.85,0.1,0,0,0
TX_UPI_103228,2026-08-06 21:34:48,21,CUST_1225,normal,BEN_3340,576.15,GPay,@sbi,Grocery,Mumbai,DEV_1037,Android,1,1,5,628.08,0.92,0,0,0
TX_UPI_103229,2026-08-02 15:13:11,15,CUST_1609,normal,BEN_2474,10.0,Paytm,@ybl,Peer_to_Peer,Hyderabad,DEV_1115,iOS,0,1,3,1150.39,0.01,0,0,0
TX_UPI_103230,2026-08-05 08:09:35,8,CUST_1325,normal,BEN_1516,1587.79,GPay,@okaxis,Travel,Hyderabad,DEV_1428,iOS,1,1,3,1687.29,0.94,0,0,0
TX_UPI_103231,2026-08-06 09:00:35,9,CUST_1230,normal,BEN_1379,1017.69,GPay,@ybl,Travel,Ahmedabad,DEV_2422,Android,0,1,3,888.72,1.15,0,0,0
TX_UPI_103232,2026-08-02 02:52:37,2,CUST_1461,normal,BEN_1055,1299.13,Paytm,@upi,Peer_to_Peer,Mumbai,DEV_1477,iOS,1,1,5,1368.86,0.95,0,0,0
TX_UPI_103233,2026-08-03 14:03:44,14,CUST_1241,normal,BEN_1046,10.0,Cred,@upi,Utilities,Mumbai,DEV_2723,Android,0,1,3,1187.21,0.01,0,0,0
TX_UPI_103234,2026-08-10 16:41:46,16,CUST_1564,normal,BEN_1000,1669.65,Cred,@ybl,Peer_to_Peer,Delhi_NCR,DEV_1031,iOS,0,1,4,1210.18,1.38,0,0,0
TX_UPI_103235,2026-08-01 15:26:17,15,CUST_1175,normal,BEN_3796,552.83,iMobile,@paytm,Grocery,Bengaluru,DEV_1511,iOS,1,1,7,1318.23,0.42,0,0,0
TX_UPI_103236,2026-08-09 15:09:28,15,CUST_1031,normal,BEN_3587,124.06,GPay,@paytm,Travel,Chennai,DEV_1169,Android,0,1,1,828.74,0.15,0,0,0
TX_UPI_103237,2026-08-10 20:42:57,20,CUST_1642,normal,BEN_5918,1742.38,BHIM,@okaxis,Peer_to_Peer,Delhi_NCR,DEV_1831,iOS,0,1,1,1000.55,1.74,0,0,0
TX_UPI_103238,2026-08-08 08:47:14,8,CUST_1447,normal,BEN_5115,1563.76,BHIM,@okaxis,Grocery,Chennai,DEV_2869,iOS,0,1,3,1142.13,1.37,0,0,0
TX_UPI_103239,2026-08-03 01:15:57,1,CUST_1183,normal,BEN_5838,347.36,Paytm,@upi,Grocery,Pune,DEV_1792,Android,0,1,5,932.83,0.37,0,0,0
TX_UPI_103240,2026-08-10 05:23:23,5,CUST_1503,normal,BEN_5087,940.3,Paytm,@paytm,Grocery,Bengaluru,DEV_2021,Android,1,1,4,1104.74,0.85,0,0,0
TX_UPI_103241,2026-08-05 11:30:23,11,CUST_1569,normal,BEN_5014,1219.18,GPay,@okaxis,Travel,Ahmedabad,DEV_1725,iOS,0,1,2,1008.11,1.21,0,0,0
TX_UPI_103242,2026-08-04 04:30:11,4,CUST_1277,normal,BEN_3285,1201.75,iMobile,@paytm,Peer_to_Peer,Bengaluru,DEV_2855,iOS,0,1,1,968.99,1.24,0,0,0
TX_UPI_103243,2026-08-08 15:15:17,15,CUST_1019,mule,BEN_1357,42753.6,Cred,@icici,Jewelry,Mumbai,DEV_2736,iOS,1,1,12,38439.49,1.11,1,0,1
TX_UPI_103244,2026-08-10 08:32:35,8,CUST_1181,normal,BEN_3402,2215.69,BHIM,@icici,Grocery,Pune,DEV_1088,iOS,1,1,1,1405.83,1.58,0,0,0
TX_UPI_103245,2026-08-01 01:37:28,1,CUST_1455,normal,BEN_1086,1085.13,BHIM,@sbi,Travel,Bengaluru,DEV_2338,iOS,0,1,4,960.8,1.13,0,0,0
TX_UPI_103246,2026-08-02 20:54:10,20,CUST_1687,normal,BEN_1858,1938.44,PhonePe,@icici,Grocery,Ahmedabad,DEV_1841,iOS,0,1,4,884.6,2.19,0,0,0
TX_UPI_103247,2026-08-01 08:31:59,8,CUST_1815,normal,BEN_4745,267.84,BHIM,@upi,Grocery,Mumbai,DEV_2408,Android,0,1,1,1125.11,0.24,0,0,0
TX_UPI_103248,2026-08-06 10:42:57,10,CUST_1484,normal,BEN_4012,1657.98,Cred,@paytm,Peer_to_Peer,Delhi_NCR,DEV_2994,iOS,0,1,5,1051.68,1.58,0,0,0
TX_UPI_103249,2026-08-01 13:19:22,13,CUST_1443,normal,BEN_6948,274.4,BHIM,@upi,Grocery,Delhi_NCR,DEV_2237,Android,0,1,2,1356.56,0.2,0,0,0
TX_UPI_103250,2026-08-01 03:06:31,3,CUST_1650,normal,BEN_4706,812.3,Cred,@ybl,Utilities,Bengaluru,DEV_1324,iOS,0,1,4,821.84,0.99,0,0,0
TX_UPI_103251,2026-08-06 15:06:39,15,CUST_1287,normal,BEN_1368,1469.27,iMobile,@okaxis,Peer_to_Peer,Bengaluru,DEV_2406,Android,0,1,3,1331.21,1.1,0,0,0
TX_UPI_103252,2026-08-10 09:13:34,9,CUST_1400,normal,BEN_6498,1818.85,Cred,@sbi,Utilities,Mumbai,DEV_1361,Android,0,1,3,1049.6,1.73,0,0,0
TX_UPI_103253,2026-08-10 00:24:39,0,CUST_1014,normal,BEN_5021,759.11,Cred,@icici,Utilities,Mumbai,DEV_1732,Android,1,1,1,874.21,0.87,0,0,0
TX_UPI_103254,2026-08-09 22:08:58,22,CUST_1669,normal,BEN_2855,1358.57,BHIM,@sbi,Grocery,Hyderabad,DEV_1127,iOS,0,1,4,1115.65,1.22,0,0,0
TX_UPI_103255,2026-08-05 18:00:38,18,CUST_1448,normal,BEN_5690,958.61,BHIM,@okaxis,Utilities,Kolkata,DEV_1310,iOS,0,1,5,1095.25,0.88,0,0,0
TX_UPI_103256,2026-08-01 15:49:50,15,CUST_1135,normal,BEN_2182,1762.6,Paytm,@ybl,Travel,Kolkata,DEV_1385,iOS,0,1,1,138.62,12.72,0,0,0
TX_UPI_103257,2026-08-07 16:04:36,16,CUST_1020,normal,BEN_4597,1427.03,BHIM,@icici,Peer_to_Peer,Pune,DEV_2254,Android,0,1,1,1029.01,1.39,0,0,0
TX_UPI_103258,2026-08-10 22:02:01,22,CUST_1548,normal,BEN_1458,958.32,PhonePe,@sbi,Travel,Pune,DEV_2545,Android,0,1,7,1176.0,0.81,0,0,0
TX_UPI_103259,2026-08-03 22:09:06,22,CUST_1728,normal,BEN_4527,1332.69,Cred,@ybl,Peer_to_Peer,Mumbai,DEV_1566,Android,0,1,5,1168.44,1.14,0,0,0
TX_UPI_103260,2026-08-07 11:26:46,11,CUST_1623,normal,BEN_3260,833.86,iMobile,@sbi,Grocery,Ahmedabad,DEV_1786,Android,0,1,6,813.66,1.02,0,0,0
TX_UPI_103261,2026-08-06 16:09:46,16,CUST_1625,normal,BEN_3152,1458.6,GPay,@sbi,Utilities,Chennai,DEV_1118,Android,0,1,1,1128.95,1.29,0,0,0
TX_UPI_103262,2026-08-06 03:55:19,3,CUST_1269,mule,BEN_1391,38859.79,Paytm,@okaxis,Jewelry,Hyderabad,DEV_2404,Android,1,2,41,22110.16,1.76,1,0,1
TX_UPI_103263,2026-08-04 23:28:14,23,CUST_1502,normal,BEN_5441,719.29,Paytm,@paytm,Grocery,Ahmedabad,DEV_2849,Android,1,1,5,1160.48,0.62,0,0,0
TX_UPI_103264,2026-08-07 04:42:00,4,CUST_1168,normal,BEN_3821,1344.24,Cred,@paytm,Travel,Mumbai,DEV_1335,iOS,0,1,2,938.2,1.43,0,0,0
TX_UPI_103265,2026-08-05 11:42:37,11,CUST_1057,normal,BEN_4834,2196.03,GPay,@ybl,Travel,Chennai,DEV_1517,Android,0,1,3,1170.09,1.88,0,0,0
TX_UPI_103266,2026-08-05 09:16:41,9,CUST_1125,normal,BEN_5201,1107.85,PhonePe,@icici,Grocery,Bengaluru,DEV_1179,iOS,0,1,1,1304.11,0.85,0,0,0
TX_UPI_103267,2026-08-01 00:56:38,0,CUST_1504,suspicious,BEN_4061,37058.18,Paytm,@sbi,Jewelry,Mumbai,DEV_2505,iOS,1,2,36,19715.86,1.88,1,0,1
TX_UPI_103268,2026-08-02 20:51:46,20,CUST_1484,normal,BEN_5683,1858.06,BHIM,@sbi,Utilities,Delhi_NCR,DEV_2150,iOS,0,1,1,1117.76,1.66,0,0,0
TX_UPI_103269,2026-08-02 19:56:21,19,CUST_1690,normal,BEN_1419,1981.21,Paytm,@ybl,Utilities,Hyderabad,DEV_1768,Android,0,1,1,1030.82,1.92,0,0,0
TX_UPI_103270,2026-08-10 20:48:29,20,CUST_1126,suspicious,BEN_1709,17862.22,PhonePe,@upi,Jewelry,Hyderabad,DEV_2260,iOS,1,1,12,27280.15,0.65,0,1,1
TX_UPI_103271,2026-08-05 17:24:45,17,CUST_1592,normal,BEN_4502,2096.55,Paytm,@ybl,Travel,Kolkata,DEV_1425,iOS,0,1,3,1129.32,1.86,0,0,0
TX_UPI_103272,2026-08-08 05:39:00,5,CUST_1811,normal,BEN_1259,1291.45,Paytm,@paytm,Peer_to_Peer,Kolkata,DEV_1753,Android,0,1,4,818.56,1.58,0,0,0
TX_UPI_103273,2026-08-10 14:02:17,14,CUST_1668,normal,BEN_4365,2086.76,GPay,@icici,Utilities,Ahmedabad,DEV_2796,iOS,0,1,4,1174.77,1.78,0,1,0
TX_UPI_103274,2026-08-02 21:20:15,21,CUST_1829,normal,BEN_6418,554.79,PhonePe,@ybl,Utilities,Hyderabad,DEV_1212,Android,1,1,3,1037.73,0.53,0,1,0
TX_UPI_103275,2026-08-04 03:17:42,3,CUST_1005,normal,BEN_4109,10.0,GPay,@paytm,Utilities,Hyderabad,DEV_2902,iOS,0,1,1,935.82,0.01,0,0,0
TX_UPI_103276,2026-08-09 23:01:21,23,CUST_1164,normal,BEN_4494,1618.02,BHIM,@paytm,Peer_to_Peer,Ahmedabad,DEV_2950,iOS,0,1,2,835.49,1.94,0,0,0
TX_UPI_103277,2026-08-01 16:51:35,16,CUST_1568,normal,BEN_1353,548.25,Cred,@ybl,Utilities,Hyderabad,DEV_2808,Android,1,1,3,995.07,0.55,0,0,0
TX_UPI_103278,2026-08-07 01:37:52,1,CUST_1051,normal,BEN_5289,2932.42,iMobile,@sbi,Peer_to_Peer,Ahmedabad,DEV_1203,iOS,0,1,6,1325.95,2.21,0,0,0
TX_UPI_103279,2026-08-05 21:36:18,21,CUST_1471,normal,BEN_4470,2134.86,Cred,@sbi,Peer_to_Peer,Delhi_NCR,DEV_2800,Android,0,1,2,786.63,2.71,1,0,0
TX_UPI_103280,2026-08-07 02:51:30,2,CUST_1697,normal,BEN_1384,314.5,Cred,@okaxis,Travel,Delhi_NCR,DEV_2204,iOS,0,1,6,948.67,0.33,0,0,0
TX_UPI_103281,2026-08-07 02:40:42,2,CUST_1023,normal,BEN_2099,198.92,BHIM,@icici,Peer_to_Peer,Bengaluru,DEV_2222,iOS,0,1,3,1022.73,0.19,0,0,0
TX_UPI_103282,2026-08-06 08:59:38,8,CUST_1008,normal,BEN_2737,1414.73,PhonePe,@okaxis,Travel,Mumbai,DEV_2087,Android,0,1,4,881.24,1.61,0,0,0
TX_UPI_103283,2026-08-04 03:17:14,3,CUST_1263,normal,BEN_5374,1748.53,Cred,@upi,Peer_to_Peer,Mumbai,DEV_2837,iOS,0,1,2,1042.49,1.68,0,0,0
TX_UPI_103284,2026-08-06 13:21:50,13,CUST_1753,normal,BEN_1818,1749.42,iMobile,@ybl,Peer_to_Peer,Kolkata,DEV_1374,Android,0,1,2,943.36,1.85,0,1,0
TX_UPI_103285,2026-08-06 00:53:02,0,CUST_1304,normal,BEN_6245,1673.33,GPay,@paytm,Utilities,Ahmedabad,DEV_1455,iOS,0,1,2,987.65,1.69,0,0,0
TX_UPI_103286,2026-08-03 02:23:00,2,CUST_1657,normal,BEN_2038,1644.59,Paytm,@sbi,Travel,Hyderabad,DEV_1218,iOS,0,1,8,1225.3,1.34,0,0,0
TX_UPI_103287,2026-08-01 23:23:16,23,CUST_1341,normal,BEN_4601,1578.11,Paytm,@upi,Grocery,Bengaluru,DEV_2293,Android,1,1,5,822.43,1.92,0,0,0
TX_UPI_103288,2026-08-09 02:45:35,2,CUST_1346,normal,BEN_5933,1292.48,BHIM,@ybl,Peer_to_Peer,Pune,DEV_2216,iOS,0,1,3,1157.18,1.12,0,0,0
TX_UPI_103289,2026-08-02 22:19:35,22,CUST_1460,normal,BEN_6051,1293.21,PhonePe,@sbi,Grocery,Mumbai,DEV_2329,iOS,0,1,4,1005.25,1.29,0,0,0
TX_UPI_103290,2026-08-06 08:18:50,8,CUST_1533,normal,BEN_1111,1246.89,Paytm,@sbi,Peer_to_Peer,Kolkata,DEV_2836,iOS,0,1,1,1003.22,1.24,0,0,0
TX_UPI_103291,2026-08-08 06:43:59,6,CUST_1629,normal,BEN_6170,2312.67,iMobile,@upi,Travel,Chennai,DEV_1702,iOS,0,1,4,1074.98,2.15,0,0,0
TX_UPI_103292,2026-08-10 13:35:38,13,CUST_1432,normal,BEN_5973,2716.9,BHIM,@upi,Peer_to_Peer,Delhi_NCR,DEV_2172,Android,0,1,1,813.73,3.34,0,0,0
TX_UPI_103293,2026-08-01 12:43:12,12,CUST_1443,normal,BEN_3128,2570.17,iMobile,@okaxis,Utilities,Bengaluru,DEV_2584,iOS,0,1,4,1021.78,2.52,0,0,0
TX_UPI_103294,2026-08-09 03:25:10,3,CUST_1550,normal,BEN_2662,240.64,Cred,@ybl,Utilities,Hyderabad,DEV_2645,Android,0,1,4,1210.67,0.2,0,0,0
TX_UPI_103295,2026-08-04 01:39:28,1,CUST_1433,normal,BEN_4377,324.4,iMobile,@icici,Travel,Kolkata,DEV_2153,Android,0,1,3,999.48,0.32,0,0,0
TX_UPI_103296,2026-08-08 18:49:42,18,CUST_1567,normal,BEN_6339,1404.78,GPay,@icici,Peer_to_Peer,Pune,DEV_2004,Android,0,1,1,1380.47,1.02,0,0,0
TX_UPI_103297,2026-08-03 19:31:15,19,CUST_1641,normal,BEN_6978,1932.66,Paytm,@okaxis,Peer_to_Peer,Kolkata,DEV_1107,Android,0,1,3,1028.06,1.88,0,0,0
TX_UPI_103298,2026-08-01 10:35:42,10,CUST_1599,normal,BEN_1684,1090.86,BHIM,@okaxis,Travel,Pune,DEV_2160,Android,0,1,2,973.58,1.12,0,0,0
TX_UPI_103299,2026-08-04 18:34:48,18,CUST_1737,normal,BEN_5251,983.78,PhonePe,@okaxis,Peer_to_Peer,Mumbai,DEV_1971,Android,0,1,7,1307.19,0.75,0,0,0
TX_UPI_103300,2026-08-10 05:13:31,5,CUST_1666,normal,BEN_6849,1947.72,iMobile,@ybl,Peer_to_Peer,Mumbai,DEV_1370,iOS,0,1,4,811.84,2.4,0,0,0
TX_UPI_103301,2026-08-03 09:31:39,9,CUST_1057,normal,BEN_4250,1166.81,BHIM,@ybl,Grocery,Delhi_NCR,DEV_1843,Android,0,1,5,778.02,1.5,0,0,0
TX_UPI_103302,2026-08-01 17:13:09,17,CUST_1642,normal,BEN_1966,1709.24,Cred,@sbi,Utilities,Kolkata,DEV_2770,Android,1,1,8,1334.84,1.28,0,0,0
TX_UPI_103303,2026-08-01 06:32:17,6,CUST_1416,normal,BEN_3107,2331.22,Paytm,@ybl,Peer_to_Peer,Delhi_NCR,DEV_1861,iOS,0,1,4,1312.3,1.78,0,0,0
TX_UPI_103304,2026-08-06 05:33:14,5,CUST_1689,normal,BEN_2576,625.72,iMobile,@paytm,Grocery,Mumbai,DEV_2993,iOS,0,1,5,1237.05,0.51,0,0,0
TX_UPI_103305,2026-08-01 04:19:56,4,CUST_1160,normal,BEN_5500,1431.93,Cred,@paytm,Peer_to_Peer,Chennai,DEV_2468,Android,0,1,6,950.69,1.51,0,0,0
TX_UPI_103306,2026-08-07 20:12:46,20,CUST_1756,normal,BEN_3820,1050.35,PhonePe,@okaxis,Utilities,Pune,DEV_2378,Android,0,1,4,832.89,1.26,0,0,0
TX_UPI_103307,2026-08-01 14:29:09,14,CUST_1825,normal,BEN_6397,1381.55,GPay,@upi,Peer_to_Peer,Pune,DEV_1041,Android,0,1,1,1331.27,1.04,0,0,0
TX_UPI_103308,2026-08-04 13:53:57,13,CUST_1658,normal,BEN_6752,1237.31,Paytm,@ybl,Peer_to_Peer,Hyderabad,DEV_2214,Android,0,1,2,879.75,1.41,0,0,0
TX_UPI_103309,2026-08-09 21:03:12,21,CUST_1289,normal,BEN_4722,1012.34,iMobile,@okaxis,Peer_to_Peer,Pune,DEV_2931,iOS,0,1,5,1211.46,0.84,0,0,0
TX_UPI_103310,2026-08-10 13:52:30,13,CUST_1756,normal,BEN_1083,635.57,Cred,@ybl,Grocery,Pune,DEV_2152,Android,0,1,2,1237.66,0.51,0,0,0
TX_UPI_103311,2026-08-07 22:41:46,22,CUST_1452,normal,BEN_5160,622.12,Cred,@paytm,Utilities,Pune,DEV_2256,Android,0,1,4,1109.7,0.56,0,0,0
TX_UPI_103312,2026-08-07 02:26:25,2,CUST_1129,normal,BEN_1412,1449.65,BHIM,@paytm,Grocery,Chennai,DEV_2985,iOS,0,1,5,776.89,1.87,0,0,0
TX_UPI_103313,2026-08-08 19:21:40,19,CUST_1372,normal,BEN_5331,10.0,BHIM,@icici,Peer_to_Peer,Bengaluru,DEV_2570,iOS,0,1,2,1512.37,0.01,0,0,0
TX_UPI_103314,2026-08-02 10:04:18,10,CUST_1666,normal,BEN_3172,2817.74,PhonePe,@ybl,Grocery,Pune,DEV_2882,Android,0,1,7,1033.68,2.73,0,1,0
TX_UPI_103315,2026-08-08 21:59:59,21,CUST_1221,normal,BEN_6312,10.0,GPay,@sbi,Travel,Hyderabad,DEV_2249,iOS,0,1,1,932.63,0.01,0,0,0
TX_UPI_103316,2026-08-08 12:24:24,12,CUST_1021,normal,BEN_5284,1041.54,iMobile,@upi,Travel,Hyderabad,DEV_1319,Android,0,1,6,1288.27,0.81,0,0,0
TX_UPI_103317,2026-08-02 03:34:19,3,CUST_1675,normal,BEN_5061,1381.92,Cred,@okaxis,Peer_to_Peer,Chennai,DEV_1537,iOS,0,1,2,849.41,1.63,0,0,0
TX_UPI_103318,2026-08-01 16:57:48,16,CUST_1378,normal,BEN_6286,1403.3,GPay,@upi,Utilities,Mumbai,DEV_2939,iOS,0,1,5,1174.05,1.2,0,0,0
TX_UPI_103319,2026-08-05 21:52:01,21,CUST_1183,normal,BEN_3741,372.32,Paytm,@sbi,Grocery,Hyderabad,DEV_1875,Android,1,1,5,1182.22,0.31,0,0,0
TX_UPI_103320,2026-08-06 23:02:23,23,CUST_1041,normal,BEN_5236,343.47,BHIM,@icici,Utilities,Hyderabad,DEV_2237,iOS,0,1,2,1245.24,0.28,0,0,0
TX_UPI_103321,2026-08-08 13:05:15,13,CUST_1445,normal,BEN_3270,1012.39,PhonePe,@upi,Utilities,Bengaluru,DEV_1741,iOS,0,1,7,1200.27,0.84,0,0,0
TX_UPI_103322,2026-08-05 09:32:02,9,CUST_1463,normal,BEN_2202,810.7,iMobile,@icici,Grocery,Delhi_NCR,DEV_1818,Android,1,1,3,1095.21,0.74,0,0,0
TX_UPI_103323,2026-08-09 18:44:03,18,CUST_1591,normal,BEN_5451,617.29,Paytm,@ybl,Travel,Ahmedabad,DEV_1914,iOS,0,1,2,1248.33,0.49,0,0,0
TX_UPI_103324,2026-08-03 08:14:05,8,CUST_1209,normal,BEN_6448,1876.22,GPay,@sbi,Grocery,Ahmedabad,DEV_1145,Android,0,1,5,1443.68,1.3,0,0,0
TX_UPI_103325,2026-08-06 03:12:49,3,CUST_1767,normal,BEN_1414,766.58,GPay,@upi,Utilities,Kolkata,DEV_2291,iOS,0,1,7,863.78,0.89,0,0,0
TX_UPI_103326,2026-08-06 03:32:34,3,CUST_1315,normal,BEN_1040,389.85,iMobile,@icici,Grocery,Chennai,DEV_1115,iOS,0,1,1,973.01,0.4,0,0,0
TX_UPI_103327,2026-08-10 12:48:54,12,CUST_1431,normal,BEN_2767,797.02,PhonePe,@okaxis,Utilities,Mumbai,DEV_2843,iOS,0,1,5,1138.53,0.7,0,0,0
TX_UPI_103328,2026-08-06 16:13:01,16,CUST_1648,normal,BEN_6533,245.62,Cred,@sbi,Peer_to_Peer,Delhi_NCR,DEV_1587,iOS,0,1,3,990.85,0.25,0,0,0
TX_UPI_103329,2026-08-02 01:52:43,1,CUST_1078,normal,BEN_2690,10.0,iMobile,@paytm,Peer_to_Peer,Delhi_NCR,DEV_2555,iOS,0,1,2,895.0,0.01,0,0,0
TX_UPI_103330,2026-08-09 21:28:24,21,CUST_1099,normal,BEN_5986,2346.9,Paytm,@sbi,Peer_to_Peer,Pune,DEV_2339,iOS,0,1,4,1238.92,1.89,0,0,0
TX_UPI_103331,2026-08-04 19:55:03,19,CUST_1694,normal,BEN_3152,10.0,Cred,@sbi,Utilities,Kolkata,DEV_2296,Android,0,1,6,1392.26,0.01,1,0,0
TX_UPI_103332,2026-08-06 10:07:37,10,CUST_1680,normal,BEN_6211,10.0,GPay,@paytm,Grocery,Ahmedabad,DEV_2363,Android,0,1,2,1198.98,0.01,0,0,0
TX_UPI_103333,2026-08-02 21:27:15,21,CUST_1357,normal,BEN_2568,1715.51,GPay,@sbi,Peer_to_Peer,Bengaluru,DEV_2920,Android,0,1,2,1006.68,1.7,0,0,0
TX_UPI_103334,2026-08-02 06:42:14,6,CUST_1280,normal,BEN_1632,722.1,Paytm,@sbi,Grocery,Chennai,DEV_1879,iOS,0,1,4,1367.32,0.53,0,0,0
TX_UPI_103335,2026-08-09 17:41:31,17,CUST_1340,normal,BEN_1012,583.17,GPay,@sbi,Travel,Pune,DEV_1557,Android,1,1,6,892.4,0.65,0,0,0
TX_UPI_103336,2026-08-09 10:15:16,10,CUST_1311,normal,BEN_4751,521.9,BHIM,@paytm,Travel,Kolkata,DEV_1742,iOS,0,1,5,1301.26,0.4,0,0,0
TX_UPI_103337,2026-08-01 17:05:07,17,CUST_1345,normal,BEN_6951,1881.13,GPay,@upi,Peer_to_Peer,Chennai,DEV_2622,Android,0,1,1,968.17,1.94,0,0,0
TX_UPI_103338,2026-08-03 06:07:25,6,CUST_1120,normal,BEN_4425,1858.39,Paytm,@sbi,Peer_to_Peer,Ahmedabad,DEV_2769,Android,0,1,4,822.31,2.26,0,0,0
TX_UPI_103339,2026-08-10 14:15:20,14,CUST_1012,suspicious,BEN_5885,36249.72,Paytm,@ybl,Peer_to_Peer,Pune,DEV_2112,Android,1,1,12,34890.43,1.04,1,0,1
TX_UPI_103340,2026-08-03 10:57:04,10,CUST_1063,normal,BEN_1460,2435.87,Cred,@sbi,Peer_to_Peer,Kolkata,DEV_1720,Android,0,1,5,1406.64,1.73,0,0,0
TX_UPI_103341,2026-08-03 16:09:12,16,CUST_1443,normal,BEN_1970,1251.83,BHIM,@okaxis,Peer_to_Peer,Chennai,DEV_1551,Android,0,1,5,1434.65,0.87,0,0,0
TX_UPI_103342,2026-08-06 05:27:45,5,CUST_1690,normal,BEN_1264,1396.4,PhonePe,@okaxis,Travel,Pune,DEV_1907,iOS,0,1,3,670.89,2.08,0,0,0
TX_UPI_103343,2026-08-01 20:09:49,20,CUST_1152,normal,BEN_6484,1133.49,PhonePe,@icici,Utilities,Hyderabad,DEV_2050,Android,0,1,5,1306.95,0.87,0,0,0
TX_UPI_103344,2026-08-03 15:08:47,15,CUST_1466,normal,BEN_6624,1603.49,Paytm,@icici,Utilities,Kolkata,DEV_2101,iOS,0,1,2,605.56,2.65,0,0,0
TX_UPI_103345,2026-08-03 20:15:15,20,CUST_1012,suspicious,BEN_3657,19086.13,GPay,@icici,Gaming_Betting,Ahmedabad,DEV_2841,Android,0,1,15,23510.18,0.81,1,1,1
TX_UPI_103346,2026-08-03 08:37:22,8,CUST_1779,normal,BEN_6389,1694.85,PhonePe,@upi,Grocery,Ahmedabad,DEV_2488,Android,0,1,7,1109.65,1.53,0,0,0
TX_UPI_103347,2026-08-07 12:02:03,12,CUST_1163,normal,BEN_5989,1026.61,Cred,@ybl,Utilities,Pune,DEV_1631,iOS,0,1,3,1109.85,0.92,0,0,0
TX_UPI_103348,2026-08-06 02:22:29,2,CUST_1811,normal,BEN_2774,537.36,Paytm,@okaxis,Peer_to_Peer,Pune,DEV_2359,Android,0,1,4,1188.19,0.45,0,0,0
TX_UPI_103349,2026-08-02 00:59:20,0,CUST_1815,normal,BEN_5199,1367.75,PhonePe,@okaxis,Grocery,Bengaluru,DEV_1217,iOS,0,1,4,1184.1,1.16,0,0,0
TX_UPI_103350,2026-08-06 08:11:16,8,CUST_1608,normal,BEN_5902,10.0,GPay,@paytm,Travel,Kolkata,DEV_1576,iOS,0,1,5,918.96,0.01,0,0,0
TX_UPI_103351,2026-08-10 05:32:11,5,CUST_1228,normal,BEN_5625,323.33,Cred,@paytm,Utilities,Delhi_NCR,DEV_2146,iOS,0,1,1,1184.05,0.27,0,0,0
TX_UPI_103352,2026-08-07 11:48:08,11,CUST_1610,normal,BEN_4463,1021.94,GPay,@okaxis,Travel,Kolkata,DEV_2311,Android,0,1,1,1194.73,0.86,0,0,0
TX_UPI_103353,2026-08-06 04:55:33,4,CUST_1654,normal,BEN_4906,48.31,BHIM,@sbi,Grocery,Kolkata,DEV_1210,Android,0,1,4,1137.24,0.04,0,0,0
TX_UPI_103354,2026-08-06 16:32:41,16,CUST_1051,normal,BEN_2258,1908.46,Cred,@okaxis,Peer_to_Peer,Chennai,DEV_2135,iOS,0,1,7,752.48,2.54,0,0,0
TX_UPI_103355,2026-08-08 03:40:39,3,CUST_1719,normal,BEN_1055,1158.02,Paytm,@sbi,Peer_to_Peer,Ahmedabad,DEV_1583,Android,1,1,3,1184.1,0.98,0,0,0
TX_UPI_103356,2026-08-05 05:13:51,5,CUST_1603,normal,BEN_2247,1372.54,Cred,@icici,Travel,Kolkata,DEV_2583,Android,0,1,3,974.18,1.41,0,0,0
TX_UPI_103357,2026-08-02 05:17:04,5,CUST_1624,normal,BEN_3972,306.84,Paytm,@icici,Peer_to_Peer,Chennai,DEV_1370,Android,0,1,5,1190.21,0.26,0,0,0
TX_UPI_103358,2026-08-04 04:25:01,4,CUST_1637,suspicious,BEN_4878,44519.83,PhonePe,@ybl,Peer_to_Peer,Ahmedabad,DEV_2428,iOS,1,1,15,21653.09,2.06,1,0,1
TX_UPI_103359,2026-08-03 20:23:13,20,CUST_1631,normal,BEN_2626,337.35,iMobile,@sbi,Grocery,Chennai,DEV_1540,iOS,0,1,4,830.45,0.41,0,0,0
TX_UPI_103360,2026-08-04 19:16:10,19,CUST_1663,normal,BEN_1816,2678.93,Paytm,@upi,Travel,Kolkata,DEV_2594,iOS,0,1,1,1145.68,2.34,0,0,0
TX_UPI_103361,2026-08-10 18:45:36,18,CUST_1254,normal,BEN_5130,2453.48,PhonePe,@ybl,Utilities,Ahmedabad,DEV_1028,iOS,0,1,5,1122.16,2.19,0,0,0
TX_UPI_103362,2026-08-02 19:35:23,19,CUST_1697,normal,BEN_3057,425.21,iMobile,@ybl,Peer_to_Peer,Delhi_NCR,DEV_1480,iOS,1,1,1,1264.81,0.34,0,0,0
TX_UPI_103363,2026-08-06 05:57:37,5,CUST_1333,normal,BEN_2824,2404.92,BHIM,@ybl,Travel,Mumbai,DEV_1404,iOS,1,1,3,806.63,2.98,0,0,0
TX_UPI_103364,2026-08-09 17:50:27,17,CUST_1535,normal,BEN_4898,10.0,GPay,@paytm,Travel,Delhi_NCR,DEV_1085,iOS,0,1,2,1052.72,0.01,0,0,0
TX_UPI_103365,2026-08-10 02:00:56,2,CUST_1184,normal,BEN_4504,2479.3,Cred,@ybl,Peer_to_Peer,Ahmedabad,DEV_2569,Android,0,1,5,1153.22,2.15,0,0,0
TX_UPI_103366,2026-08-05 14:50:13,14,CUST_1019,mule,BEN_2089,26997.61,Cred,@okaxis,Jewelry,Chennai,DEV_2102,iOS,1,1,19,39933.89,0.68,1,1,1
TX_UPI_103367,2026-08-05 23:03:44,23,CUST_1471,normal,BEN_2621,1360.59,Paytm,@okaxis,Utilities,Bengaluru,DEV_1757,Android,0,1,1,918.35,1.48,0,1,0
TX_UPI_103368,2026-08-10 07:23:54,7,CUST_1097,normal,BEN_4110,513.43,Paytm,@upi,Peer_to_Peer,Ahmedabad,DEV_2550,iOS,0,1,2,1215.1,0.42,0,0,0
TX_UPI_103369,2026-08-06 08:02:13,8,CUST_1604,normal,BEN_1254,1114.04,Cred,@icici,Utilities,Ahmedabad,DEV_2075,Android,0,1,3,1395.23,0.8,0,0,0
TX_UPI_103370,2026-08-08 01:54:19,1,CUST_1563,normal,BEN_2826,642.83,iMobile,@okaxis,Peer_to_Peer,Delhi_NCR,DEV_2340,Android,0,1,7,918.89,0.7,0,0,0
TX_UPI_103371,2026-08-05 09:57:17,9,CUST_1199,normal,BEN_3360,1271.36,iMobile,@upi,Utilities,Kolkata,DEV_2651,iOS,0,1,3,1109.62,1.15,0,0,0
TX_UPI_103372,2026-08-07 13:46:03,13,CUST_1672,normal,BEN_3202,1555.67,PhonePe,@paytm,Grocery,Kolkata,DEV_2385,iOS,0,1,4,899.25,1.73,0,0,0
TX_UPI_103373,2026-08-01 16:34:04,16,CUST_1458,normal,BEN_6971,301.67,GPay,@icici,Travel,Kolkata,DEV_2875,Android,0,1,9,963.84,0.31,0,0,0
TX_UPI_103374,2026-08-01 10:45:32,10,CUST_1393,normal,BEN_2154,1759.37,iMobile,@icici,Peer_to_Peer,Hyderabad,DEV_2262,Android,0,1,1,1012.89,1.74,0,0,0
TX_UPI_103375,2026-08-09 10:08:49,10,CUST_1189,normal,BEN_1866,1098.24,BHIM,@icici,Travel,Chennai,DEV_2628,iOS,0,1,4,426.61,2.57,0,0,0
TX_UPI_103376,2026-08-05 01:00:33,1,CUST_1666,normal,BEN_1283,1332.91,iMobile,@upi,Travel,Delhi_NCR,DEV_2283,iOS,0,1,1,1157.84,1.15,0,0,0
TX_UPI_103377,2026-08-07 09:59:40,9,CUST_1559,normal,BEN_1254,370.94,Cred,@icici,Travel,Mumbai,DEV_2561,iOS,1,1,2,1014.33,0.37,0,0,0
TX_UPI_103378,2026-08-03 02:48:12,2,CUST_1209,normal,BEN_4391,358.14,iMobile,@upi,Travel,Mumbai,DEV_2597,Android,0,1,3,793.59,0.45,0,0,0
TX_UPI_103379,2026-08-10 08:14:30,8,CUST_1278,normal,BEN_2625,10.0,PhonePe,@upi,Peer_to_Peer,Delhi_NCR,DEV_2721,Android,0,1,6,768.95,0.01,0,0,0
TX_UPI_103380,2026-08-03 13:52:12,13,CUST_1572,normal,BEN_3493,1057.06,PhonePe,@okaxis,Peer_to_Peer,Bengaluru,DEV_2640,Android,0,1,5,932.41,1.13,0,1,0
TX_UPI_103381,2026-08-06 22:12:07,22,CUST_1337,normal,BEN_5549,539.87,BHIM,@icici,Peer_to_Peer,Pune,DEV_1240,Android,0,1,4,1348.3,0.4,0,0,0
TX_UPI_103382,2026-08-03 00:23:21,0,CUST_1612,normal,BEN_2306,264.55,GPay,@sbi,Grocery,Hyderabad,DEV_1251,Android,0,1,3,664.2,0.4,0,0,0
TX_UPI_103383,2026-08-02 14:11:55,14,CUST_1702,normal,BEN_5323,885.44,PhonePe,@okaxis,Utilities,Delhi_NCR,DEV_2002,Android,0,1,4,874.89,1.01,1,0,0
TX_UPI_103384,2026-08-06 23:52:03,23,CUST_1322,normal,BEN_3600,834.41,Cred,@icici,Travel,Bengaluru,DEV_2091,Android,0,1,1,1098.5,0.76,0,1,0
TX_UPI_103385,2026-08-05 04:13:03,4,CUST_1133,normal,BEN_5640,2044.56,BHIM,@ybl,Grocery,Kolkata,DEV_2133,Android,0,1,1,930.56,2.2,0,0,0
TX_UPI_103386,2026-08-01 20:13:37,20,CUST_1470,normal,BEN_2847,1602.04,Cred,@sbi,Grocery,Delhi_NCR,DEV_1131,iOS,0,1,6,721.63,2.22,0,0,0
TX_UPI_103387,2026-08-09 00:58:06,0,CUST_1459,normal,BEN_5888,1064.97,GPay,@ybl,Peer_to_Peer,Mumbai,DEV_2705,Android,1,1,4,1055.51,1.01,0,0,0
TX_UPI_103388,2026-08-09 13:12:19,13,CUST_1241,normal,BEN_5021,10.0,BHIM,@okaxis,Grocery,Ahmedabad,DEV_1292,iOS,0,1,5,1444.64,0.01,0,1,0
TX_UPI_103389,2026-08-03 11:37:20,11,CUST_1706,normal,BEN_2694,1293.33,iMobile,@paytm,Utilities,Hyderabad,DEV_2967,Android,1,1,1,956.85,1.35,0,0,0
TX_UPI_103390,2026-08-01 19:52:29,19,CUST_1036,normal,BEN_1979,2615.93,Paytm,@icici,Travel,Pune,DEV_2921,iOS,1,1,5,1233.61,2.12,0,0,0
TX_UPI_103391,2026-08-03 16:28:10,16,CUST_1673,normal,BEN_1451,1485.13,PhonePe,@okaxis,Utilities,Kolkata,DEV_1415,iOS,0,1,2,1031.86,1.44,0,0,0
TX_UPI_103392,2026-08-01 00:02:06,0,CUST_1489,normal,BEN_6175,1137.66,Paytm,@okaxis,Utilities,Hyderabad,DEV_2161,iOS,0,1,5,1442.14,0.79,0,0,0
TX_UPI_103393,2026-08-03 17:37:11,17,CUST_1676,normal,BEN_2812,2094.67,Cred,@paytm,Grocery,Ahmedabad,DEV_1410,iOS,0,1,1,1133.76,1.85,0,1,0
TX_UPI_103394,2026-08-07 16:57:44,16,CUST_1305,normal,BEN_3953,1789.41,GPay,@upi,Grocery,Delhi_NCR,DEV_1999,iOS,0,1,5,928.98,1.93,0,0,0
TX_UPI_103395,2026-08-05 09:39:02,9,CUST_1005,normal,BEN_3955,3531.29,GPay,@ybl,Travel,Pune,DEV_2776,iOS,0,1,1,820.03,4.31,0,0,0
TX_UPI_103396,2026-08-01 17:05:03,17,CUST_1100,suspicious,BEN_2385,32204.71,Cred,@okaxis,Gaming_Betting,Mumbai,DEV_1437,Android,1,1,34,20684.55,1.56,1,0,1
TX_UPI_103397,2026-08-01 04:36:31,4,CUST_1608,normal,BEN_3814,987.34,GPay,@upi,Peer_to_Peer,Chennai,DEV_1934,Android,0,1,6,1075.71,0.92,0,0,0
TX_UPI_103398,2026-08-05 07:12:10,7,CUST_1821,normal,BEN_4206,932.32,GPay,@paytm,Travel,Kolkata,DEV_2813,Android,0,1,5,1145.4,0.81,0,0,0
TX_UPI_103399,2026-08-09 21:36:32,21,CUST_1618,normal,BEN_6213,2024.35,iMobile,@upi,Grocery,Chennai,DEV_2101,iOS,0,1,6,1153.68,1.75,0,0,0
TX_UPI_103400,2026-08-01 01:01:05,1,CUST_1263,normal,BEN_2862,1433.39,Cred,@upi,Travel,Bengaluru,DEV_2696,Android,0,1,4,1197.39,1.2,0,0,0
TX_UPI_103401,2026-08-04 12:53:48,12,CUST_1804,normal,BEN_5768,1244.14,PhonePe,@sbi,Travel,Ahmedabad,DEV_2405,Android,0,1,3,1367.19,0.91,0,0,0
TX_UPI_103402,2026-08-05 11:14:48,11,CUST_1363,normal,BEN_6145,2412.89,GPay,@icici,Travel,Mumbai,DEV_1297,Android,1,1,1,1082.41,2.23,0,0,0
TX_UPI_103403,2026-08-04 19:47:23,19,CUST_1434,normal,BEN_3082,649.04,Paytm,@ybl,Grocery,Ahmedabad,DEV_2215,Android,0,1,3,1176.6,0.55,0,0,0
TX_UPI_103404,2026-08-02 22:27:13,22,CUST_1267,normal,BEN_4527,1735.55,Paytm,@okaxis,Grocery,Bengaluru,DEV_2453,iOS,0,1,3,620.8,2.8,0,0,0
TX_UPI_103405,2026-08-02 08:43:23,8,CUST_1503,normal,BEN_3973,427.96,GPay,@upi,Grocery,Mumbai,DEV_1355,Android,0,1,5,422.3,1.01,0,0,0
TX_UPI_103406,2026-08-10 00:24:54,0,CUST_1095,normal,BEN_1230,2149.94,BHIM,@upi,Travel,Delhi_NCR,DEV_2118,Android,0,1,5,1395.88,1.54,0,0,0
TX_UPI_103407,2026-08-02 04:01:28,4,CUST_1397,normal,BEN_5500,1041.14,PhonePe,@upi,Utilities,Mumbai,DEV_2579,iOS,0,1,1,1183.29,0.88,0,0,0
TX_UPI_103408,2026-08-08 09:57:39,9,CUST_1760,normal,BEN_5449,2219.72,BHIM,@icici,Peer_to_Peer,Bengaluru,DEV_2558,Android,0,1,5,920.95,2.41,0,0,0
TX_UPI_103409,2026-08-02 15:47:34,15,CUST_1831,normal,BEN_6905,1269.41,GPay,@upi,Travel,Pune,DEV_1568,iOS,0,1,2,883.38,1.44,0,0,0
TX_UPI_103410,2026-08-05 00:22:47,0,CUST_1048,normal,BEN_6574,1964.31,Cred,@paytm,Utilities,Chennai,DEV_2525,Android,0,1,1,865.48,2.27,0,0,0
TX_UPI_103411,2026-08-01 04:32:52,4,CUST_1594,normal,BEN_2181,316.78,Cred,@ybl,Utilities,Kolkata,DEV_1016,Android,0,1,1,1115.14,0.28,0,0,0
TX_UPI_103412,2026-08-02 20:36:06,20,CUST_1330,normal,BEN_2520,2129.2,iMobile,@paytm,Travel,Delhi_NCR,DEV_1504,Android,0,1,3,718.62,2.96,0,0,0
TX_UPI_103413,2026-08-02 10:19:04,10,CUST_1549,normal,BEN_5342,1871.96,GPay,@icici,Travel,Mumbai,DEV_1380,iOS,0,1,7,924.9,2.02,0,0,0
TX_UPI_103414,2026-08-06 06:08:20,6,CUST_1500,normal,BEN_5604,817.16,PhonePe,@okaxis,Peer_to_Peer,Hyderabad,DEV_1464,Android,0,1,5,1469.25,0.56,0,0,0
TX_UPI_103415,2026-08-05 21:02:48,21,CUST_1606,normal,BEN_1142,784.13,PhonePe,@sbi,Grocery,Bengaluru,DEV_2504,Android,0,1,1,1231.54,0.64,0,0,0
TX_UPI_103416,2026-08-06 21:16:37,21,CUST_1300,normal,BEN_4575,1839.25,Paytm,@paytm,Peer_to_Peer,Pune,DEV_2740,Android,0,1,4,946.05,1.94,0,0,0
TX_UPI_103417,2026-08-06 17:08:15,17,CUST_1212,normal,BEN_6667,1995.5,Cred,@sbi,Peer_to_Peer,Pune,DEV_1238,Android,0,1,5,895.58,2.23,0,0,0
TX_UPI_103418,2026-08-08 06:36:23,6,CUST_1472,normal,BEN_4350,1239.28,Cred,@ybl,Utilities,Kolkata,DEV_2509,Android,0,1,1,1244.61,1.0,0,0,0
TX_UPI_103419,2026-08-01 12:29:33,12,CUST_1195,normal,BEN_4351,990.21,iMobile,@sbi,Travel,Bengaluru,DEV_1668,Android,0,1,3,1072.11,0.92,0,0,0
TX_UPI_103420,2026-08-03 20:01:59,20,CUST_1315,normal,BEN_6340,1232.25,PhonePe,@okaxis,Peer_to_Peer,Ahmedabad,DEV_2061,iOS,0,1,5,1221.86,1.01,0,0,0
TX_UPI_103421,2026-08-07 15:24:55,15,CUST_1087,normal,BEN_3901,1074.87,iMobile,@sbi,Grocery,Kolkata,DEV_2909,Android,0,1,5,1176.18,0.91,0,0,0
TX_UPI_103422,2026-08-04 06:04:05,6,CUST_1190,normal,BEN_6971,858.72,PhonePe,@upi,Grocery,Hyderabad,DEV_1512,iOS,0,1,3,1044.43,0.82,0,0,0
TX_UPI_103423,2026-08-04 04:32:39,4,CUST_1197,normal,BEN_6521,1604.21,Paytm,@okaxis,Peer_to_Peer,Hyderabad,DEV_2760,iOS,1,1,3,986.3,1.63,0,0,0
TX_UPI_103424,2026-08-02 07:38:50,7,CUST_1758,normal,BEN_4647,2775.01,Paytm,@upi,Utilities,Kolkata,DEV_1051,Android,0,1,5,897.46,3.09,0,0,0
TX_UPI_103425,2026-08-04 18:53:13,18,CUST_1123,normal,BEN_3501,1656.75,Paytm,@paytm,Peer_to_Peer,Chennai,DEV_2783,iOS,0,1,4,1173.97,1.41,0,0,0
TX_UPI_103426,2026-08-04 23:11:31,23,CUST_1606,normal,BEN_6219,1309.87,PhonePe,@upi,Travel,Kolkata,DEV_1969,Android,1,1,6,1162.95,1.13,0,0,0
TX_UPI_103427,2026-08-03 08:36:24,8,CUST_1046,normal,BEN_1852,1150.33,GPay,@paytm,Grocery,Chennai,DEV_2038,iOS,0,1,6,1135.99,1.01,1,0,0
TX_UPI_103428,2026-08-10 14:44:45,14,CUST_1270,normal,BEN_3329,1297.18,GPay,@icici,Utilities,Mumbai,DEV_1576,Android,0,1,4,1057.53,1.23,0,0,0
TX_UPI_103429,2026-08-06 16:06:27,16,CUST_1210,normal,BEN_5465,1207.38,Paytm,@sbi,Travel,Kolkata,DEV_2899,Android,0,1,2,899.72,1.34,0,0,0
TX_UPI_103430,2026-08-09 08:50:42,8,CUST_1095,normal,BEN_2095,401.14,Cred,@okaxis,Grocery,Hyderabad,DEV_2865,iOS,0,1,1,868.87,0.46,0,0,0
TX_UPI_103431,2026-08-01 01:58:03,1,CUST_1665,normal,BEN_1917,1060.59,PhonePe,@okaxis,Utilities,Hyderabad,DEV_2162,iOS,0,1,4,1014.89,1.05,0,0,0
TX_UPI_103432,2026-08-03 09:33:06,9,CUST_1574,normal,BEN_2915,10.0,iMobile,@upi,Peer_to_Peer,Bengaluru,DEV_2797,Android,0,1,7,1340.76,0.01,0,0,0
TX_UPI_103433,2026-08-10 11:28:04,11,CUST_1571,normal,BEN_2700,1556.61,GPay,@icici,Grocery,Bengaluru,DEV_1707,iOS,0,1,7,845.43,1.84,0,0,0
TX_UPI_103434,2026-08-02 01:44:25,1,CUST_1204,normal,BEN_6338,2710.1,BHIM,@upi,Peer_to_Peer,Bengaluru,DEV_1105,iOS,0,1,2,1137.3,2.38,0,0,0
TX_UPI_103435,2026-08-02 21:00:47,21,CUST_1523,normal,BEN_4388,180.93,BHIM,@paytm,Travel,Mumbai,DEV_1327,iOS,0,1,4,1172.68,0.15,0,0,0
TX_UPI_103436,2026-08-04 00:17:16,0,CUST_1601,normal,BEN_5350,1076.25,GPay,@upi,Travel,Ahmedabad,DEV_1355,Android,0,1,5,1103.76,0.98,0,0,0
TX_UPI_103437,2026-08-07 21:14:42,21,CUST_1228,normal,BEN_4670,782.07,GPay,@icici,Utilities,Delhi_NCR,DEV_2612,Android,0,1,2,1274.62,0.61,0,0,0
TX_UPI_103438,2026-08-03 23:23:11,23,CUST_1792,normal,BEN_2428,677.01,BHIM,@icici,Grocery,Delhi_NCR,DEV_2938,Android,0,1,5,1373.45,0.49,0,0,0
TX_UPI_103439,2026-08-02 00:54:10,0,CUST_1348,normal,BEN_6693,10.0,BHIM,@sbi,Peer_to_Peer,Delhi_NCR,DEV_1106,Android,0,1,6,1574.5,0.01,0,0,0
TX_UPI_103440,2026-08-02 00:39:24,0,CUST_1283,normal,BEN_3415,1401.6,iMobile,@okaxis,Utilities,Delhi_NCR,DEV_1522,Android,0,1,5,1328.88,1.05,0,0,0
TX_UPI_103441,2026-08-02 13:19:45,13,CUST_1291,normal,BEN_2522,979.61,Cred,@upi,Grocery,Pune,DEV_1824,iOS,0,1,4,764.59,1.28,0,0,0
TX_UPI_103442,2026-08-03 16:28:38,16,CUST_1822,normal,BEN_6763,1310.91,PhonePe,@upi,Travel,Ahmedabad,DEV_1051,iOS,0,1,4,1203.88,1.09,0,0,0
TX_UPI_103443,2026-08-09 13:36:27,13,CUST_1245,normal,BEN_4887,2052.34,BHIM,@icici,Utilities,Mumbai,DEV_1736,iOS,0,1,2,952.17,2.16,0,0,0
TX_UPI_103444,2026-08-06 00:56:17,0,CUST_1414,normal,BEN_4043,2716.41,iMobile,@ybl,Utilities,Hyderabad,DEV_2518,iOS,1,1,3,1128.01,2.41,0,0,0
TX_UPI_103445,2026-08-06 11:54:46,11,CUST_1493,suspicious,BEN_5992,26793.82,iMobile,@upi,Jewelry,Chennai,DEV_2409,Android,1,1,11,33967.06,0.79,1,1,1
TX_UPI_103446,2026-08-04 18:53:33,18,CUST_1554,normal,BEN_3310,777.84,Cred,@ybl,Peer_to_Peer,Hyderabad,DEV_1076,iOS,0,1,1,971.82,0.8,1,0,0
TX_UPI_103447,2026-08-01 18:07:41,18,CUST_1159,normal,BEN_5814,10.0,GPay,@upi,Grocery,Delhi_NCR,DEV_2616,iOS,0,1,2,847.65,0.01,0,0,0
TX_UPI_103448,2026-08-06 07:37:22,7,CUST_1738,normal,BEN_2825,1693.94,BHIM,@ybl,Travel,Delhi_NCR,DEV_1005,iOS,0,1,2,1293.07,1.31,0,0,0
TX_UPI_103449,2026-08-04 02:24:30,2,CUST_1092,normal,BEN_6989,2318.79,iMobile,@ybl,Grocery,Kolkata,DEV_2049,Android,0,1,5,1028.31,2.25,0,0,0
TX_UPI_103450,2026-08-08 04:53:41,4,CUST_1473,normal,BEN_1655,1312.89,GPay,@upi,Travel,Hyderabad,DEV_2389,Android,0,1,1,1047.89,1.25,0,0,0
TX_UPI_103451,2026-08-03 04:53:52,4,CUST_1367,normal,BEN_3985,511.65,GPay,@okaxis,Utilities,Kolkata,DEV_1918,iOS,0,1,5,1697.46,0.3,0,0,0
TX_UPI_103452,2026-08-01 03:07:57,3,CUST_1701,normal,BEN_1485,1599.86,iMobile,@upi,Travel,Mumbai,DEV_1807,iOS,0,1,1,993.3,1.61,0,0,0
TX_UPI_103453,2026-08-07 22:40:41,22,CUST_1414,normal,BEN_1953,1297.99,GPay,@okaxis,Travel,Kolkata,DEV_2695,iOS,0,1,4,904.6,1.43,0,0,0
TX_UPI_103454,2026-08-01 23:05:37,23,CUST_1451,normal,BEN_3391,1396.23,BHIM,@upi,Grocery,Mumbai,DEV_1600,Android,0,1,1,853.22,1.64,0,0,0
TX_UPI_103455,2026-08-03 19:02:02,19,CUST_1777,normal,BEN_3723,1716.64,iMobile,@upi,Utilities,Ahmedabad,DEV_1938,iOS,0,1,1,1209.17,1.42,0,1,0
TX_UPI_103456,2026-08-03 04:37:14,4,CUST_1427,mule,BEN_5299,7610.72,GPay,@paytm,Electronics,Hyderabad,DEV_2783,Android,1,2,42,26854.38,0.28,1,0,1
TX_UPI_103457,2026-08-05 13:51:27,13,CUST_1743,normal,BEN_3623,1021.07,GPay,@icici,Utilities,Bengaluru,DEV_2551,iOS,1,1,4,944.32,1.08,0,0,0
TX_UPI_103458,2026-08-03 16:58:12,16,CUST_1313,normal,BEN_2131,1314.72,Cred,@upi,Peer_to_Peer,Pune,DEV_1215,iOS,0,1,5,1310.55,1.0,0,0,0
TX_UPI_103459,2026-08-02 23:58:36,23,CUST_1161,normal,BEN_6296,1833.2,iMobile,@sbi,Utilities,Hyderabad,DEV_2230,Android,0,1,3,1044.81,1.75,0,0,0
TX_UPI_103460,2026-08-03 09:28:01,9,CUST_1281,normal,BEN_6003,3079.29,iMobile,@paytm,Peer_to_Peer,Chennai,DEV_2242,iOS,0,1,5,858.76,3.59,0,0,0
TX_UPI_103461,2026-08-10 04:08:14,4,CUST_1570,normal,BEN_6248,1279.99,BHIM,@ybl,Utilities,Hyderabad,DEV_1781,Android,0,1,3,1047.52,1.22,0,0,0
TX_UPI_103462,2026-08-01 21:28:01,21,CUST_1662,normal,BEN_1811,216.4,iMobile,@paytm,Peer_to_Peer,Bengaluru,DEV_1583,Android,0,1,3,1514.77,0.14,0,0,0
TX_UPI_103463,2026-08-10 18:20:23,18,CUST_1593,normal,BEN_2086,1663.26,iMobile,@sbi,Peer_to_Peer,Hyderabad,DEV_2473,Android,0,1,1,1372.01,1.21,0,0,0
TX_UPI_103464,2026-08-04 23:39:49,23,CUST_1798,normal,BEN_5954,2071.7,BHIM,@icici,Travel,Bengaluru,DEV_1061,Android,0,1,3,1252.14,1.65,1,0,0
TX_UPI_103465,2026-08-03 11:14:16,11,CUST_1573,normal,BEN_5816,512.48,iMobile,@icici,Peer_to_Peer,Delhi_NCR,DEV_2721,iOS,0,1,3,1439.65,0.36,0,0,0
TX_UPI_103466,2026-08-04 06:30:29,6,CUST_1784,normal,BEN_1066,982.62,Cred,@icici,Grocery,Kolkata,DEV_2233,iOS,0,1,1,1064.81,0.92,0,0,0
TX_UPI_103467,2026-08-04 14:30:45,14,CUST_1125,normal,BEN_1312,1137.13,Cred,@sbi,Travel,Hyderabad,DEV_2196,iOS,0,1,6,1083.44,1.05,0,0,0
TX_UPI_103468,2026-08-04 03:51:01,3,CUST_1477,normal,BEN_2128,862.73,Paytm,@ybl,Peer_to_Peer,Ahmedabad,DEV_1927,Android,0,1,6,1108.99,0.78,0,0,0
TX_UPI_103469,2026-08-08 07:13:11,7,CUST_1342,suspicious,BEN_1449,14499.59,Paytm,@upi,Gaming_Betting,Delhi_NCR,DEV_1567,iOS,0,2,27,26245.77,0.55,0,1,1
TX_UPI_103470,2026-08-05 15:12:57,15,CUST_1816,normal,BEN_1253,1202.34,GPay,@ybl,Grocery,Ahmedabad,DEV_2144,Android,0,1,4,823.04,1.46,0,0,0
TX_UPI_103471,2026-08-01 05:25:06,5,CUST_1573,normal,BEN_4760,777.88,iMobile,@sbi,Utilities,Chennai,DEV_1983,iOS,0,1,4,1033.28,0.75,0,0,0
TX_UPI_103472,2026-08-08 06:56:46,6,CUST_1642,normal,BEN_6013,2217.94,PhonePe,@paytm,Peer_to_Peer,Kolkata,DEV_2715,iOS,0,1,4,1285.18,1.73,0,0,0
TX_UPI_103473,2026-08-02 02:47:39,2,CUST_1781,normal,BEN_4328,1207.52,BHIM,@upi,Grocery,Bengaluru,DEV_1371,iOS,0,1,6,1175.41,1.03,0,0,0
TX_UPI_103474,2026-08-03 19:42:03,19,CUST_1814,normal,BEN_5375,1210.74,PhonePe,@icici,Peer_to_Peer,Kolkata,DEV_2620,Android,1,1,3,850.93,1.42,0,0,0
TX_UPI_103475,2026-08-09 07:28:26,7,CUST_1629,normal,BEN_3071,1605.53,Cred,@upi,Peer_to_Peer,Pune,DEV_2249,Android,0,1,3,959.52,1.67,0,0,0
TX_UPI_103476,2026-08-04 19:06:36,19,CUST_1230,normal,BEN_3102,2085.17,BHIM,@paytm,Peer_to_Peer,Pune,DEV_2673,Android,0,1,1,978.6,2.13,0,0,0
TX_UPI_103477,2026-08-01 14:05:47,14,CUST_1553,normal,BEN_5350,2022.17,iMobile,@okaxis,Grocery,Bengaluru,DEV_2769,Android,0,1,4,1068.51,1.89,0,0,0
TX_UPI_103478,2026-08-10 14:03:44,14,CUST_1690,normal,BEN_4156,1400.8,Cred,@ybl,Peer_to_Peer,Mumbai,DEV_1504,iOS,0,1,4,716.0,1.96,0,0,0
TX_UPI_103479,2026-08-01 11:10:10,11,CUST_1081,normal,BEN_3589,920.59,Cred,@ybl,Grocery,Hyderabad,DEV_1183,Android,0,1,7,921.76,1.0,0,0,0
TX_UPI_103480,2026-08-08 17:37:00,17,CUST_1467,normal,BEN_4466,945.36,Paytm,@icici,Peer_to_Peer,Pune,DEV_1946,Android,0,1,2,1059.12,0.89,0,0,0
TX_UPI_103481,2026-08-09 20:06:44,20,CUST_1584,normal,BEN_3692,733.5,iMobile,@ybl,Grocery,Hyderabad,DEV_1489,Android,0,1,4,1127.36,0.65,0,0,0
TX_UPI_103482,2026-08-04 02:42:37,2,CUST_1815,normal,BEN_4392,1818.84,Paytm,@upi,Travel,Kolkata,DEV_1171,iOS,0,1,1,998.32,1.82,0,0,0
TX_UPI_103483,2026-08-06 00:42:28,0,CUST_1288,normal,BEN_3514,1019.42,GPay,@okaxis,Utilities,Hyderabad,DEV_2094,Android,0,1,4,889.63,1.15,0,0,0
TX_UPI_103484,2026-08-08 17:57:33,17,CUST_1417,normal,BEN_4506,1932.52,Paytm,@ybl,Grocery,Hyderabad,DEV_2299,iOS,0,1,6,842.67,2.29,0,0,0
TX_UPI_103485,2026-08-08 23:58:25,23,CUST_1819,normal,BEN_6533,807.3,GPay,@ybl,Utilities,Pune,DEV_1931,iOS,0,1,2,1711.77,0.47,0,0,0
TX_UPI_103486,2026-08-07 04:35:15,4,CUST_1616,normal,BEN_3782,856.08,GPay,@paytm,Peer_to_Peer,Hyderabad,DEV_1434,iOS,0,1,7,776.01,1.1,0,0,0
TX_UPI_103487,2026-08-07 11:13:57,11,CUST_1684,mule,BEN_5187,15206.98,BHIM,@sbi,Electronics,Mumbai,DEV_2420,iOS,1,1,18,26425.86,0.58,0,0,1
TX_UPI_103488,2026-08-06 12:25:03,12,CUST_1814,normal,BEN_1355,985.68,Paytm,@okaxis,Travel,Hyderabad,DEV_2586,iOS,0,1,2,883.36,1.12,0,0,0
TX_UPI_103489,2026-08-09 11:32:27,11,CUST_1548,normal,BEN_3832,2126.78,PhonePe,@sbi,Grocery,Pune,DEV_2552,Android,0,1,6,1307.83,1.63,0,0,0
TX_UPI_103490,2026-08-05 20:57:00,20,CUST_1631,normal,BEN_6113,1619.2,GPay,@sbi,Peer_to_Peer,Kolkata,DEV_1196,Android,0,1,4,960.71,1.69,0,0,0
TX_UPI_103491,2026-08-03 21:26:21,21,CUST_1809,normal,BEN_3235,437.47,GPay,@ybl,Travel,Bengaluru,DEV_2095,iOS,0,1,4,798.33,0.55,0,0,0
TX_UPI_103492,2026-08-10 04:54:52,4,CUST_1130,normal,BEN_1138,404.86,Cred,@okaxis,Utilities,Chennai,DEV_2377,iOS,0,1,6,1536.16,0.26,0,0,0
TX_UPI_103493,2026-08-05 07:22:41,7,CUST_1048,normal,BEN_3803,1514.64,BHIM,@icici,Travel,Ahmedabad,DEV_1030,Android,0,1,6,1021.0,1.48,0,0,0
TX_UPI_103494,2026-08-10 06:24:21,6,CUST_1647,normal,BEN_1205,129.86,PhonePe,@ybl,Travel,Delhi_NCR,DEV_1291,iOS,0,1,5,1216.63,0.11,0,0,0
TX_UPI_103495,2026-08-09 19:07:15,19,CUST_1391,normal,BEN_4150,1257.33,PhonePe,@icici,Utilities,Pune,DEV_1760,iOS,0,1,3,1310.93,0.96,0,0,0
TX_UPI_103496,2026-08-08 07:27:02,7,CUST_1594,normal,BEN_6587,411.41,Paytm,@ybl,Peer_to_Peer,Bengaluru,DEV_2184,Android,0,1,2,838.05,0.49,0,0,0
TX_UPI_103497,2026-08-07 10:35:36,10,CUST_1191,normal,BEN_6947,1267.98,Cred,@okaxis,Grocery,Chennai,DEV_1368,iOS,0,1,1,915.78,1.38,0,0,0
TX_UPI_103498,2026-08-01 20:44:03,20,CUST_1574,normal,BEN_6271,635.4,Cred,@icici,Grocery,Kolkata,DEV_2292,iOS,0,1,3,723.03,0.88,0,0,0
TX_UPI_103499,2026-08-10 03:31:35,3,CUST_1299,normal,BEN_4089,1269.76,Paytm,@upi,Grocery,Delhi_NCR,DEV_2390,iOS,1,1,6,1112.52,1.14,0,0,0
TX_UPI_103500,2026-08-10 19:07:25,19,CUST_1654,normal,BEN_3688,2433.06,Cred,@upi,Grocery,Chennai,DEV_2684,iOS,0,1,6,1266.66,1.92,0,0,0
TX_UPI_103501,2026-08-09 01:06:57,1,CUST_1129,normal,BEN_4790,1259.75,GPay,@paytm,Travel,Kolkata,DEV_2815,Android,0,1,4,1263.31,1.0,1,0,0
TX_UPI_103502,2026-08-04 01:13:27,1,CUST_1491,normal,BEN_3440,886.66,BHIM,@ybl,Peer_to_Peer,Delhi_NCR,DEV_1305,Android,0,1,1,1198.08,0.74,0,0,0
TX_UPI_103503,2026-08-02 05:29:19,5,CUST_1587,normal,BEN_2481,295.15,BHIM,@okaxis,Grocery,Mumbai,DEV_1138,Android,0,1,2,1080.05,0.27,0,0,0
TX_UPI_103504,2026-08-08 12:07:03,12,CUST_1824,normal,BEN_6231,1123.9,iMobile,@paytm,Grocery,Delhi_NCR,DEV_1169,iOS,0,1,1,1119.72,1.0,0,0,0
TX_UPI_103505,2026-08-06 22:20:53,22,CUST_1711,normal,BEN_3798,1972.91,Cred,@ybl,Utilities,Chennai,DEV_1907,Android,0,1,1,1385.4,1.42,0,1,0
TX_UPI_103506,2026-08-09 07:25:51,7,CUST_1780,normal,BEN_4164,10.0,PhonePe,@okaxis,Utilities,Mumbai,DEV_2508,Android,0,1,8,981.3,0.01,0,0,0
TX_UPI_103507,2026-08-01 13:37:01,13,CUST_1060,normal,BEN_4092,1316.49,BHIM,@paytm,Grocery,Bengaluru,DEV_2794,iOS,0,1,1,1065.09,1.24,0,0,0
TX_UPI_103508,2026-08-02 19:12:54,19,CUST_1569,normal,BEN_2149,1382.79,iMobile,@ybl,Travel,Bengaluru,DEV_2005,iOS,0,1,3,944.86,1.46,0,0,0
TX_UPI_103509,2026-08-06 18:07:10,18,CUST_1118,normal,BEN_4523,442.75,GPay,@upi,Utilities,Mumbai,DEV_1125,iOS,0,1,6,1087.39,0.41,0,0,0
TX_UPI_103510,2026-08-02 11:36:27,11,CUST_1556,normal,BEN_5981,2432.6,GPay,@okaxis,Grocery,Mumbai,DEV_1329,iOS,0,1,2,975.65,2.49,0,0,0
TX_UPI_103511,2026-08-08 22:52:14,22,CUST_1097,normal,BEN_4808,1852.48,BHIM,@okaxis,Travel,Chennai,DEV_1555,iOS,0,1,1,788.77,2.35,0,0,0
TX_UPI_103512,2026-08-05 10:12:53,10,CUST_1460,normal,BEN_6148,2077.99,Cred,@okaxis,Travel,Hyderabad,DEV_1816,Android,0,1,1,643.43,3.23,0,0,0
TX_UPI_103513,2026-08-08 07:41:44,7,CUST_1085,normal,BEN_3313,2694.82,GPay,@icici,Grocery,Hyderabad,DEV_2083,iOS,0,1,1,1124.19,2.4,0,0,0
TX_UPI_103514,2026-08-04 12:10:51,12,CUST_1323,normal,BEN_3160,1255.27,PhonePe,@ybl,Grocery,Pune,DEV_1050,Android,0,1,1,1015.84,1.24,1,0,0
TX_UPI_103515,2026-08-02 20:49:51,20,CUST_1402,normal,BEN_3844,1558.73,BHIM,@paytm,Grocery,Chennai,DEV_1914,iOS,0,1,4,1296.84,1.2,0,0,0
TX_UPI_103516,2026-08-03 13:24:19,13,CUST_1541,normal,BEN_2155,890.01,PhonePe,@paytm,Travel,Bengaluru,DEV_1964,Android,0,1,5,914.56,0.97,0,0,0
TX_UPI_103517,2026-08-02 02:08:10,2,CUST_1486,normal,BEN_1239,71.63,PhonePe,@upi,Travel,Hyderabad,DEV_2772,Android,0,1,1,729.09,0.1,0,0,0
TX_UPI_103518,2026-08-10 21:00:16,21,CUST_1652,normal,BEN_2362,2007.67,iMobile,@okaxis,Utilities,Kolkata,DEV_1219,Android,0,1,1,1145.77,1.75,0,0,0
TX_UPI_103519,2026-08-04 20:47:13,20,CUST_1697,normal,BEN_2093,987.26,BHIM,@upi,Grocery,Delhi_NCR,DEV_1204,Android,0,1,3,1407.27,0.7,0,1,0
TX_UPI_103520,2026-08-09 00:05:43,0,CUST_1464,normal,BEN_1698,849.26,BHIM,@upi,Peer_to_Peer,Hyderabad,DEV_1263,iOS,0,1,5,1089.02,0.78,0,0,0
TX_UPI_103521,2026-08-01 03:38:21,3,CUST_1462,normal,BEN_4433,1078.38,GPay,@upi,Utilities,Kolkata,DEV_1561,iOS,0,1,8,734.08,1.47,0,0,0
TX_UPI_103522,2026-08-08 08:45:56,8,CUST_1318,normal,BEN_4822,2231.31,BHIM,@icici,Peer_to_Peer,Chennai,DEV_2302,Android,0,1,5,964.91,2.31,0,0,0
TX_UPI_103523,2026-08-07 21:55:12,21,CUST_1655,normal,BEN_5690,2503.45,iMobile,@upi,Utilities,Ahmedabad,DEV_2393,Android,0,1,1,954.78,2.62,0,1,0
TX_UPI_103524,2026-08-08 21:33:47,21,CUST_1255,normal,BEN_6540,233.21,iMobile,@upi,Grocery,Mumbai,DEV_1542,Android,0,1,4,812.86,0.29,0,0,0
TX_UPI_103525,2026-08-10 15:51:29,15,CUST_1661,normal,BEN_6467,1546.45,GPay,@paytm,Peer_to_Peer,Bengaluru,DEV_2491,iOS,0,1,3,964.96,1.6,0,0,0
TX_UPI_103526,2026-08-02 19:57:59,19,CUST_1344,normal,BEN_1749,1510.92,iMobile,@icici,Utilities,Kolkata,DEV_2437,Android,0,1,3,818.73,1.85,0,0,0
TX_UPI_103527,2026-08-10 10:32:36,10,CUST_1517,normal,BEN_6598,3441.1,Paytm,@okaxis,Peer_to_Peer,Kolkata,DEV_2892,Android,0,1,3,547.77,6.28,0,0,0
TX_UPI_103528,2026-08-09 22:06:59,22,CUST_1782,normal,BEN_1438,526.32,Cred,@okaxis,Grocery,Chennai,DEV_1814,iOS,0,1,1,1278.27,0.41,0,0,0
TX_UPI_103529,2026-08-02 00:25:20,0,CUST_1654,normal,BEN_5648,1457.32,Cred,@ybl,Peer_to_Peer,Pune,DEV_1561,Android,0,1,4,991.19,1.47,0,0,0
TX_UPI_103530,2026-08-08 15:12:29,15,CUST_1775,normal,BEN_6744,976.52,PhonePe,@paytm,Peer_to_Peer,Ahmedabad,DEV_1603,Android,0,1,3,1060.51,0.92,0,0,0
TX_UPI_103531,2026-08-03 22:19:00,22,CUST_1021,normal,BEN_2068,1868.27,Cred,@upi,Travel,Pune,DEV_1617,iOS,0,1,4,1200.03,1.56,0,0,0
TX_UPI_103532,2026-08-01 07:02:35,7,CUST_1618,normal,BEN_4445,1599.65,iMobile,@sbi,Travel,Delhi_NCR,DEV_1213,iOS,0,1,5,1149.16,1.39,0,0,0
TX_UPI_103533,2026-08-10 13:59:38,13,CUST_1158,normal,BEN_2685,1487.08,BHIM,@ybl,Utilities,Ahmedabad,DEV_2855,iOS,0,1,6,920.39,1.62,0,0,0
TX_UPI_103534,2026-08-07 19:13:42,19,CUST_1476,normal,BEN_3098,515.41,BHIM,@upi,Travel,Hyderabad,DEV_1014,iOS,0,1,1,1123.9,0.46,0,0,0
TX_UPI_103535,2026-08-06 16:12:06,16,CUST_1435,normal,BEN_4284,10.0,Paytm,@sbi,Grocery,Delhi_NCR,DEV_1621,Android,0,1,4,1053.79,0.01,0,0,0
TX_UPI_103536,2026-08-03 03:50:24,3,CUST_1068,normal,BEN_3027,2107.71,BHIM,@paytm,Travel,Bengaluru,DEV_1213,iOS,0,1,2,1031.2,2.04,0,0,0
TX_UPI_103537,2026-08-01 08:29:41,8,CUST_1728,normal,BEN_4601,2097.76,iMobile,@paytm,Peer_to_Peer,Mumbai,DEV_1725,Android,0,1,6,916.76,2.29,0,1,0
TX_UPI_103538,2026-08-07 11:44:14,11,CUST_1470,normal,BEN_6459,1345.42,Cred,@paytm,Utilities,Bengaluru,DEV_2117,Android,0,1,4,1169.68,1.15,0,0,0
TX_UPI_103539,2026-08-08 08:41:56,8,CUST_1293,normal,BEN_2038,989.94,Cred,@ybl,Peer_to_Peer,Delhi_NCR,DEV_1742,iOS,0,1,6,626.47,1.58,0,0,0
TX_UPI_103540,2026-08-09 01:13:02,1,CUST_1193,normal,BEN_4472,863.1,Paytm,@ybl,Grocery,Pune,DEV_1997,Android,0,1,4,1189.73,0.73,0,0,0
TX_UPI_103541,2026-08-10 07:00:24,7,CUST_1592,normal,BEN_6517,2282.21,iMobile,@okaxis,Grocery,Mumbai,DEV_1599,Android,0,1,6,1011.47,2.26,0,0,0
TX_UPI_103542,2026-08-08 00:03:21,0,CUST_1518,suspicious,BEN_5587,51397.68,iMobile,@ybl,Peer_to_Peer,Chennai,DEV_1576,iOS,1,1,12,30226.79,1.7,0,1,0
TX_UPI_103543,2026-08-06 08:52:13,8,CUST_1501,suspicious,BEN_5111,60589.4,iMobile,@okaxis,Gaming_Betting,Chennai,DEV_2325,iOS,1,1,27,25771.16,2.35,0,1,0
TX_UPI_103544,2026-08-04 10:04:32,10,CUST_1277,normal,BEN_5310,934.58,BHIM,@icici,Utilities,Pune,DEV_2868,Android,0,1,1,1154.53,0.81,0,0,0
TX_UPI_103545,2026-08-08 17:01:09,17,CUST_1045,normal,BEN_5553,307.83,BHIM,@paytm,Peer_to_Peer,Bengaluru,DEV_1667,iOS,1,1,2,794.22,0.39,0,0,0
TX_UPI_103546,2026-08-02 12:55:04,12,CUST_1425,normal,BEN_1116,831.69,iMobile,@paytm,Utilities,Ahmedabad,DEV_2074,Android,0,1,3,1145.67,0.73,0,0,0
TX_UPI_103547,2026-08-01 12:44:33,12,CUST_1013,normal,BEN_1984,719.59,Cred,@okaxis,Utilities,Chennai,DEV_2370,Android,0,1,6,1030.03,0.7,0,1,0
TX_UPI_103548,2026-08-05 00:45:15,0,CUST_1199,normal,BEN_5291,569.82,BHIM,@icici,Utilities,Delhi_NCR,DEV_2772,iOS,0,1,4,1551.25,0.37,0,0,0
TX_UPI_103549,2026-08-10 04:07:50,4,CUST_1195,normal,BEN_5443,1468.13,GPay,@upi,Utilities,Bengaluru,DEV_2758,Android,0,1,3,713.41,2.06,0,0,0
TX_UPI_103550,2026-08-09 14:06:16,14,CUST_1604,normal,BEN_4000,1024.47,BHIM,@upi,Grocery,Kolkata,DEV_1231,Android,0,1,4,986.98,1.04,0,0,0
TX_UPI_103551,2026-08-10 10:46:59,10,CUST_1695,normal,BEN_6689,10.0,PhonePe,@upi,Peer_to_Peer,Delhi_NCR,DEV_2703,Android,0,1,2,1429.09,0.01,0,0,0
TX_UPI_103552,2026-08-07 12:41:08,12,CUST_1787,normal,BEN_5582,2347.2,PhonePe,@paytm,Travel,Delhi_NCR,DEV_1410,iOS,0,1,2,1241.46,1.89,0,0,0
TX_UPI_103553,2026-08-05 06:16:44,6,CUST_1623,normal,BEN_2964,257.14,GPay,@okaxis,Utilities,Delhi_NCR,DEV_2925,Android,0,1,6,1138.86,0.23,0,0,0
TX_UPI_103554,2026-08-08 21:10:07,21,CUST_1226,normal,BEN_4560,1959.71,Paytm,@upi,Peer_to_Peer,Hyderabad,DEV_2817,Android,0,1,1,1242.63,1.58,0,0,0
TX_UPI_103555,2026-08-01 05:24:11,5,CUST_1714,normal,BEN_6894,1193.86,iMobile,@ybl,Travel,Kolkata,DEV_1556,Android,0,1,5,1299.57,0.92,0,0,0
TX_UPI_103556,2026-08-06 16:19:10,16,CUST_1579,normal,BEN_4802,1252.63,Paytm,@sbi,Grocery,Delhi_NCR,DEV_1383,Android,0,1,2,1267.13,0.99,0,0,0
TX_UPI_103557,2026-08-04 04:40:47,4,CUST_1554,normal,BEN_2324,1151.88,GPay,@okaxis,Peer_to_Peer,Bengaluru,DEV_2282,iOS,0,1,2,859.16,1.34,0,0,0
TX_UPI_103558,2026-08-04 02:59:30,2,CUST_1043,normal,BEN_5527,18.27,GPay,@icici,Grocery,Delhi_NCR,DEV_1376,iOS,0,1,2,1344.65,0.01,0,0,0
TX_UPI_103559,2026-08-06 23:40:09,23,CUST_1672,normal,BEN_4742,1342.26,PhonePe,@okaxis,Utilities,Mumbai,DEV_1728,Android,1,1,2,1273.17,1.05,0,0,0
TX_UPI_103560,2026-08-08 23:32:19,23,CUST_1680,normal,BEN_6053,534.02,Paytm,@upi,Travel,Chennai,DEV_2346,Android,0,1,4,1036.89,0.52,0,0,0
TX_UPI_103561,2026-08-06 02:49:11,2,CUST_1512,normal,BEN_5913,1823.3,GPay,@sbi,Grocery,Pune,DEV_2675,iOS,1,1,1,875.95,2.08,0,0,0
TX_UPI_103562,2026-08-03 13:28:36,13,CUST_1389,normal,BEN_6288,10.0,PhonePe,@paytm,Utilities,Delhi_NCR,DEV_2271,iOS,0,1,3,1370.74,0.01,0,1,0
TX_UPI_103563,2026-08-05 04:28:30,4,CUST_1118,normal,BEN_6331,795.64,Cred,@sbi,Grocery,Mumbai,DEV_2835,iOS,0,1,2,1289.21,0.62,0,0,0
TX_UPI_103564,2026-08-05 08:43:24,8,CUST_1828,normal,BEN_3353,2054.84,BHIM,@sbi,Grocery,Ahmedabad,DEV_2715,Android,0,1,3,1244.33,1.65,0,0,0
TX_UPI_103565,2026-08-07 10:47:20,10,CUST_1217,normal,BEN_6062,338.44,Paytm,@upi,Peer_to_Peer,Delhi_NCR,DEV_2934,Android,0,1,6,1595.69,0.21,0,0,0
TX_UPI_103566,2026-08-08 18:41:18,18,CUST_1471,normal,BEN_3163,1616.97,Paytm,@sbi,Grocery,Bengaluru,DEV_2679,Android,0,1,1,946.02,1.71,0,0,0
TX_UPI_103567,2026-08-07 20:10:52,20,CUST_1488,normal,BEN_4544,1690.26,Paytm,@upi,Peer_to_Peer,Hyderabad,DEV_2591,Android,0,1,3,1385.33,1.22,0,0,0
TX_UPI_103568,2026-08-06 10:52:30,10,CUST_1368,mule,BEN_5169,46763.15,iMobile,@paytm,Peer_to_Peer,Chennai,DEV_1679,Android,1,1,17,31693.59,1.48,1,0,1
TX_UPI_103569,2026-08-06 04:08:21,4,CUST_1780,normal,BEN_4283,484.93,BHIM,@paytm,Grocery,Ahmedabad,DEV_2347,Android,0,1,3,946.9,0.51,0,0,0
TX_UPI_103570,2026-08-05 04:01:25,4,CUST_1360,normal,BEN_3042,2139.81,Paytm,@upi,Travel,Pune,DEV_2737,iOS,0,1,8,736.51,2.91,0,0,0
TX_UPI_103571,2026-08-07 04:10:35,4,CUST_1293,normal,BEN_1968,10.0,Paytm,@upi,Peer_to_Peer,Mumbai,DEV_2675,iOS,0,1,3,715.58,0.01,0,0,0
TX_UPI_103572,2026-08-03 09:02:18,9,CUST_1493,suspicious,BEN_1537,28831.81,GPay,@upi,Peer_to_Peer,Chennai,DEV_2746,Android,1,1,23,33268.37,0.87,1,1,1
TX_UPI_103573,2026-08-05 10:00:52,10,CUST_1670,normal,BEN_2459,1361.12,Cred,@paytm,Utilities,Chennai,DEV_1334,iOS,0,1,3,605.19,2.25,0,0,0
TX_UPI_103574,2026-08-08 11:25:21,11,CUST_1683,normal,BEN_5258,1220.95,Cred,@upi,Peer_to_Peer,Ahmedabad,DEV_1165,Android,1,1,4,1233.35,0.99,0,0,0
TX_UPI_103575,2026-08-10 22:14:14,22,CUST_1198,normal,BEN_5858,633.21,BHIM,@okaxis,Utilities,Pune,DEV_2773,Android,0,1,3,725.28,0.87,0,0,0
TX_UPI_103576,2026-08-07 23:01:37,23,CUST_1788,normal,BEN_6209,10.0,Paytm,@upi,Utilities,Pune,DEV_2985,Android,0,1,1,703.12,0.01,0,0,0
TX_UPI_103577,2026-08-06 01:43:32,1,CUST_1083,normal,BEN_4763,1469.37,BHIM,@sbi,Travel,Bengaluru,DEV_2648,iOS,0,1,2,950.82,1.55,0,0,0
TX_UPI_103578,2026-08-10 13:56:01,13,CUST_1633,normal,BEN_1551,412.47,BHIM,@sbi,Grocery,Chennai,DEV_2486,Android,0,1,1,1441.99,0.29,0,1,0
TX_UPI_103579,2026-08-03 08:25:25,8,CUST_1679,normal,BEN_3609,399.78,GPay,@ybl,Travel,Kolkata,DEV_1758,Android,0,1,3,730.83,0.55,0,0,0
TX_UPI_103580,2026-08-08 12:55:45,12,CUST_1376,normal,BEN_5630,1977.54,Cred,@upi,Utilities,Kolkata,DEV_1766,iOS,1,1,4,881.67,2.24,0,0,0
TX_UPI_103581,2026-08-07 07:00:12,7,CUST_1247,normal,BEN_5763,886.22,BHIM,@ybl,Travel,Bengaluru,DEV_1713,Android,1,1,7,1062.49,0.83,0,0,0
TX_UPI_103582,2026-08-09 16:47:02,16,CUST_1176,normal,BEN_2483,1054.61,PhonePe,@ybl,Peer_to_Peer,Chennai,DEV_2975,Android,0,1,2,625.3,1.69,0,0,0
TX_UPI_103583,2026-08-10 20:12:33,20,CUST_1716,normal,BEN_3318,1071.97,BHIM,@paytm,Grocery,Hyderabad,DEV_1210,iOS,0,1,4,1343.9,0.8,0,0,0
TX_UPI_103584,2026-08-02 05:01:13,5,CUST_1475,normal,BEN_1608,10.0,Paytm,@sbi,Peer_to_Peer,Mumbai,DEV_2074,Android,0,1,1,940.62,0.01,0,0,0
TX_UPI_103585,2026-08-04 14:26:05,14,CUST_1280,normal,BEN_2486,1197.22,PhonePe,@ybl,Utilities,Pune,DEV_1004,iOS,0,1,3,1050.79,1.14,0,0,0
TX_UPI_103586,2026-08-05 10:47:30,10,CUST_1407,normal,BEN_5483,1526.48,Paytm,@okaxis,Grocery,Kolkata,DEV_2213,Android,0,1,2,1304.19,1.17,0,0,0
TX_UPI_103587,2026-08-09 18:18:51,18,CUST_1090,normal,BEN_1780,1546.76,Paytm,@sbi,Travel,Hyderabad,DEV_2749,iOS,0,1,3,1464.22,1.06,0,0,0
TX_UPI_103588,2026-08-09 20:41:32,20,CUST_1762,normal,BEN_1420,2445.13,iMobile,@paytm,Travel,Chennai,DEV_1795,Android,0,1,5,355.55,6.88,0,0,0
TX_UPI_103589,2026-08-06 17:04:01,17,CUST_1157,normal,BEN_6933,2463.16,PhonePe,@paytm,Peer_to_Peer,Mumbai,DEV_2899,iOS,0,1,5,1561.54,1.58,0,1,0
TX_UPI_103590,2026-08-02 09:45:55,9,CUST_1231,normal,BEN_6374,2189.97,Cred,@okaxis,Utilities,Mumbai,DEV_1748,iOS,0,1,7,1290.88,1.7,0,0,0
TX_UPI_103591,2026-08-01 15:00:05,15,CUST_1518,suspicious,BEN_6444,52276.48,BHIM,@okaxis,Electronics,Chennai,DEV_2151,iOS,1,1,33,26369.4,1.98,0,1,1
TX_UPI_103592,2026-08-01 18:26:21,18,CUST_1538,normal,BEN_5618,10.0,PhonePe,@icici,Grocery,Pune,DEV_2254,Android,0,1,3,1173.59,0.01,0,0,0
TX_UPI_103593,2026-08-05 04:33:26,4,CUST_1733,normal,BEN_5297,1259.91,Paytm,@upi,Peer_to_Peer,Hyderabad,DEV_2858,Android,0,1,1,688.54,1.83,0,0,0
TX_UPI_103594,2026-08-09 04:15:26,4,CUST_1295,normal,BEN_4033,607.07,GPay,@paytm,Peer_to_Peer,Pune,DEV_2811,iOS,0,1,5,1459.28,0.42,0,0,0
TX_UPI_103595,2026-08-04 22:09:03,22,CUST_1528,suspicious,BEN_5381,44498.22,Cred,@icici,Jewelry,Mumbai,DEV_1661,iOS,0,1,26,24763.6,1.8,1,0,0
TX_UPI_103596,2026-08-03 01:17:41,1,CUST_1296,normal,BEN_1501,10.0,PhonePe,@okaxis,Peer_to_Peer,Pune,DEV_1037,Android,0,1,3,1017.9,0.01,0,0,0
TX_UPI_103597,2026-08-06 16:42:10,16,CUST_1103,normal,BEN_5847,802.36,iMobile,@ybl,Utilities,Kolkata,DEV_1696,Android,0,1,4,1185.94,0.68,0,0,0
TX_UPI_103598,2026-08-02 20:51:06,20,CUST_1560,normal,BEN_2292,1882.41,BHIM,@okaxis,Travel,Delhi_NCR,DEV_1442,Android,0,1,3,623.1,3.02,0,0,0
TX_UPI_103599,2026-08-10 08:42:18,8,CUST_1134,normal,BEN_2193,813.7,iMobile,@paytm,Utilities,Chennai,DEV_1279,iOS,0,1,4,1373.47,0.59,0,0,0
TX_UPI_103600,2026-08-02 14:18:08,14,CUST_1792,normal,BEN_2562,745.75,iMobile,@okaxis,Utilities,Mumbai,DEV_1197,Android,0,1,5,1149.62,0.65,0,0,0
TX_UPI_103601,2026-08-03 20:40:49,20,CUST_1340,normal,BEN_2911,1235.12,GPay,@sbi,Grocery,Ahmedabad,DEV_2462,Android,0,1,5,921.4,1.34,0,0,0
TX_UPI_103602,2026-08-06 21:10:38,21,CUST_1420,normal,BEN_4999,739.85,PhonePe,@icici,Peer_to_Peer,Pune,DEV_1835,iOS,0,1,3,926.36,0.8,0,0,0
TX_UPI_103603,2026-08-05 09:42:09,9,CUST_1220,normal,BEN_2550,1606.41,BHIM,@okaxis,Utilities,Pune,DEV_2130,Android,0,1,2,1134.31,1.42,0,0,0
TX_UPI_103604,2026-08-02 13:31:59,13,CUST_1496,normal,BEN_6931,1119.86,PhonePe,@okaxis,Utilities,Chennai,DEV_1962,iOS,1,1,4,969.66,1.15,0,0,0
TX_UPI_103605,2026-08-08 03:10:48,3,CUST_1149,normal,BEN_4726,928.73,Paytm,@paytm,Utilities,Ahmedabad,DEV_2771,iOS,0,1,4,1128.5,0.82,0,0,0
TX_UPI_103606,2026-08-06 05:52:50,5,CUST_1170,normal,BEN_5342,1196.64,Cred,@ybl,Travel,Delhi_NCR,DEV_1328,Android,0,1,7,842.22,1.42,0,0,0
TX_UPI_103607,2026-08-02 23:34:33,23,CUST_1222,normal,BEN_4975,1148.64,Paytm,@icici,Grocery,Mumbai,DEV_1296,iOS,0,1,1,1169.3,0.98,0,0,0
TX_UPI_103608,2026-08-09 08:13:52,8,CUST_1098,normal,BEN_3772,307.8,Paytm,@paytm,Travel,Bengaluru,DEV_1637,Android,0,1,3,990.7,0.31,0,0,0
TX_UPI_103609,2026-08-09 04:42:36,4,CUST_1026,normal,BEN_6712,1424.71,Cred,@sbi,Utilities,Hyderabad,DEV_2853,Android,1,1,2,937.13,1.52,0,0,0
TX_UPI_103610,2026-08-06 13:43:00,13,CUST_1285,normal,BEN_6958,2348.69,GPay,@paytm,Travel,Hyderabad,DEV_2132,iOS,0,1,4,945.35,2.48,0,0,0
TX_UPI_103611,2026-08-01 23:12:37,23,CUST_1748,normal,BEN_1264,999.33,Cred,@okaxis,Travel,Chennai,DEV_2561,Android,0,1,7,1023.56,0.98,0,0,0
TX_UPI_103612,2026-08-09 11:41:23,11,CUST_1189,normal,BEN_6719,648.58,Paytm,@upi,Grocery,Delhi_NCR,DEV_1372,Android,1,1,2,948.21,0.68,0,0,0
TX_UPI_103613,2026-08-08 07:38:15,7,CUST_1832,normal,BEN_4738,724.4,Paytm,@icici,Grocery,Pune,DEV_2395,iOS,0,1,1,810.19,0.89,0,0,0
TX_UPI_103614,2026-08-04 00:42:17,0,CUST_1757,normal,BEN_5554,536.54,Paytm,@sbi,Peer_to_Peer,Kolkata,DEV_1084,iOS,0,1,5,988.5,0.54,0,0,0
TX_UPI_103615,2026-08-09 00:24:37,0,CUST_1000,normal,BEN_6596,1034.27,iMobile,@ybl,Grocery,Chennai,DEV_2387,Android,0,1,6,1390.8,0.74,0,0,0
TX_UPI_103616,2026-08-10 01:17:12,1,CUST_1683,normal,BEN_6352,974.3,GPay,@paytm,Peer_to_Peer,Chennai,DEV_1364,iOS,1,1,2,872.54,1.12,0,0,0
TX_UPI_103617,2026-08-07 03:47:27,3,CUST_1026,normal,BEN_3564,1754.22,iMobile,@icici,Travel,Pune,DEV_2513,Android,0,1,3,987.24,1.78,0,0,0
TX_UPI_103618,2026-08-04 12:11:42,12,CUST_1784,normal,BEN_3622,549.07,Paytm,@ybl,Grocery,Delhi_NCR,DEV_1880,Android,0,1,2,1156.81,0.47,0,0,0
TX_UPI_103619,2026-08-03 16:16:14,16,CUST_1305,normal,BEN_3828,147.65,GPay,@sbi,Grocery,Hyderabad,DEV_1145,iOS,0,1,5,951.88,0.16,0,0,0
TX_UPI_103620,2026-08-05 01:37:09,1,CUST_1692,normal,BEN_3991,1080.29,BHIM,@icici,Utilities,Hyderabad,DEV_2267,Android,0,1,1,1077.03,1.0,0,0,0
TX_UPI_103621,2026-08-02 23:36:12,23,CUST_1755,normal,BEN_5497,937.34,BHIM,@paytm,Travel,Ahmedabad,DEV_1897,iOS,0,1,3,1433.21,0.65,0,0,0
TX_UPI_103622,2026-08-07 03:27:35,3,CUST_1423,normal,BEN_1245,1342.16,iMobile,@ybl,Grocery,Mumbai,DEV_2349,iOS,1,1,2,909.28,1.48,0,0,0
TX_UPI_103623,2026-08-04 13:43:42,13,CUST_1296,normal,BEN_6244,1676.1,Cred,@okaxis,Travel,Chennai,DEV_2241,iOS,0,1,6,1147.66,1.46,0,0,0
TX_UPI_103624,2026-08-08 22:10:27,22,CUST_1020,normal,BEN_1447,1750.97,GPay,@paytm,Utilities,Pune,DEV_2692,Android,0,1,5,1420.58,1.23,0,0,0
TX_UPI_103625,2026-08-09 21:12:01,21,CUST_1824,normal,BEN_5656,10.0,Paytm,@icici,Travel,Delhi_NCR,DEV_1580,Android,1,1,5,1316.1,0.01,0,0,0
TX_UPI_103626,2026-08-01 21:22:29,21,CUST_1060,normal,BEN_1239,129.02,BHIM,@okaxis,Peer_to_Peer,Pune,DEV_1153,Android,0,1,2,875.81,0.15,1,0,0
TX_UPI_103627,2026-08-01 11:19:46,11,CUST_1396,normal,BEN_3930,616.97,BHIM,@okaxis,Grocery,Kolkata,DEV_2979,iOS,0,1,3,1138.22,0.54,0,0,0
TX_UPI_103628,2026-08-01 06:07:20,6,CUST_1580,normal,BEN_4750,1892.54,Paytm,@okaxis,Peer_to_Peer,Pune,DEV_2907,Android,0,1,6,878.92,2.15,0,0,0
TX_UPI_103629,2026-08-05 01:33:44,1,CUST_1125,normal,BEN_6938,524.24,GPay,@okaxis,Utilities,Kolkata,DEV_2771,Android,1,1,6,1235.22,0.42,0,0,0
TX_UPI_103630,2026-08-01 10:24:58,10,CUST_1402,normal,BEN_6175,1266.29,GPay,@sbi,Travel,Kolkata,DEV_1021,iOS,0,1,4,1072.85,1.18,0,0,0
TX_UPI_103631,2026-08-09 11:31:48,11,CUST_1036,normal,BEN_2192,1619.67,BHIM,@ybl,Travel,Ahmedabad,DEV_1382,Android,0,1,3,1144.51,1.42,0,0,0
TX_UPI_103632,2026-08-09 19:03:26,19,CUST_1765,normal,BEN_1282,10.0,PhonePe,@paytm,Utilities,Mumbai,DEV_2472,iOS,0,1,2,917.52,0.01,0,0,0
TX_UPI_103633,2026-08-05 22:41:44,22,CUST_1039,normal,BEN_1609,900.49,GPay,@sbi,Travel,Mumbai,DEV_2601,Android,0,1,2,951.95,0.95,0,0,0
TX_UPI_103634,2026-08-01 07:29:50,7,CUST_1830,normal,BEN_6888,10.0,Cred,@icici,Utilities,Bengaluru,DEV_2709,Android,0,1,5,1060.2,0.01,0,0,0
TX_UPI_103635,2026-08-10 14:49:08,14,CUST_1658,normal,BEN_1629,10.0,PhonePe,@icici,Travel,Ahmedabad,DEV_2501,iOS,0,1,2,1160.78,0.01,0,0,0
TX_UPI_103636,2026-08-03 07:50:31,7,CUST_1305,normal,BEN_4492,765.58,iMobile,@paytm,Peer_to_Peer,Mumbai,DEV_1829,Android,0,1,2,1062.1,0.72,0,0,0
TX_UPI_103637,2026-08-05 18:40:39,18,CUST_1447,normal,BEN_3738,1474.88,Paytm,@icici,Peer_to_Peer,Bengaluru,DEV_1076,Android,0,1,1,1212.03,1.22,0,0,0
TX_UPI_103638,2026-08-04 06:57:38,6,CUST_1193,normal,BEN_5077,559.77,GPay,@sbi,Grocery,Kolkata,DEV_1964,iOS,0,1,3,1071.5,0.52,0,0,0
TX_UPI_103639,2026-08-01 00:53:12,0,CUST_1522,normal,BEN_5994,778.35,iMobile,@ybl,Utilities,Pune,DEV_2030,Android,0,1,1,1011.44,0.77,0,0,0
TX_UPI_103640,2026-08-10 05:56:26,5,CUST_1099,normal,BEN_2476,2500.26,Paytm,@upi,Peer_to_Peer,Delhi_NCR,DEV_2150,Android,0,1,1,1486.16,1.68,0,0,0
TX_UPI_103641,2026-08-01 04:42:16,4,CUST_1084,normal,BEN_2150,992.22,BHIM,@ybl,Peer_to_Peer,Chennai,DEV_2391,Android,0,1,4,819.19,1.21,0,0,0
TX_UPI_103642,2026-08-06 03:17:10,3,CUST_1794,normal,BEN_6516,582.98,GPay,@okaxis,Peer_to_Peer,Mumbai,DEV_1003,iOS,1,1,2,829.03,0.7,0,0,0
TX_UPI_103643,2026-08-06 20:48:09,20,CUST_1221,normal,BEN_2693,1032.87,BHIM,@okaxis,Peer_to_Peer,Kolkata,DEV_2818,Android,0,1,3,1524.19,0.68,0,0,0
TX_UPI_103644,2026-08-05 21:47:26,21,CUST_1658,normal,BEN_1162,267.22,BHIM,@upi,Grocery,Mumbai,DEV_1725,iOS,1,1,4,1139.48,0.23,0,0,0
TX_UPI_103645,2026-08-01 15:32:10,15,CUST_1561,normal,BEN_1392,343.74,PhonePe,@okaxis,Travel,Kolkata,DEV_1738,Android,0,1,5,984.4,0.35,0,1,0
TX_UPI_103646,2026-08-04 13:55:23,13,CUST_1319,normal,BEN_2038,10.0,GPay,@icici,Utilities,Pune,DEV_2728,Android,0,1,5,811.93,0.01,0,0,0
TX_UPI_103647,2026-08-10 02:55:00,2,CUST_1598,suspicious,BEN_5761,9140.05,Cred,@okaxis,Electronics,Ahmedabad,DEV_1188,iOS,1,1,23,23325.33,0.39,1,0,1
TX_UPI_103648,2026-08-07 12:17:45,12,CUST_1215,normal,BEN_2097,1934.22,BHIM,@upi,Grocery,Pune,DEV_1485,Android,1,1,6,925.22,2.09,0,0,0
TX_UPI_103649,2026-08-10 07:21:13,7,CUST_1489,normal,BEN_6677,1834.61,BHIM,@upi,Travel,Chennai,DEV_1047,iOS,0,1,2,1615.95,1.14,0,0,0
TX_UPI_103650,2026-08-03 09:59:06,9,CUST_1755,normal,BEN_6446,645.63,GPay,@paytm,Utilities,Ahmedabad,DEV_2320,iOS,0,1,6,1282.51,0.5,0,0,0
TX_UPI_103651,2026-08-05 18:39:45,18,CUST_1036,normal,BEN_5060,1452.87,PhonePe,@icici,Peer_to_Peer,Mumbai,DEV_1869,Android,0,1,2,1043.66,1.39,0,0,0
TX_UPI_103652,2026-08-03 11:14:17,11,CUST_1790,normal,BEN_6418,10.0,Paytm,@okaxis,Utilities,Chennai,DEV_1529,Android,0,1,4,1163.91,0.01,0,0,0
TX_UPI_103653,2026-08-07 06:54:48,6,CUST_1107,normal,BEN_6858,1306.8,PhonePe,@okaxis,Grocery,Ahmedabad,DEV_2561,Android,0,1,1,776.25,1.68,0,1,0
TX_UPI_103654,2026-08-02 17:44:28,17,CUST_1821,normal,BEN_1793,601.53,GPay,@icici,Peer_to_Peer,Delhi_NCR,DEV_1526,Android,0,1,4,1149.44,0.52,0,0,0
TX_UPI_103655,2026-08-09 13:08:25,13,CUST_1532,normal,BEN_1691,1063.82,Cred,@paytm,Grocery,Bengaluru,DEV_1816,iOS,0,1,5,833.7,1.28,0,0,0
TX_UPI_103656,2026-08-10 12:22:44,12,CUST_1604,normal,BEN_6299,1688.19,Paytm,@sbi,Peer_to_Peer,Kolkata,DEV_1889,Android,0,1,4,1170.61,1.44,0,0,0
TX_UPI_103657,2026-08-02 06:28:58,6,CUST_1019,mule,BEN_4125,31359.19,Paytm,@paytm,Electronics,Mumbai,DEV_2483,Android,1,1,43,34459.17,0.91,1,1,1
TX_UPI_103658,2026-08-05 00:26:14,0,CUST_1598,suspicious,BEN_5154,10569.95,PhonePe,@okaxis,Jewelry,Chennai,DEV_2107,iOS,0,1,19,29263.41,0.36,0,0,1
TX_UPI_103659,2026-08-09 02:45:57,2,CUST_1599,normal,BEN_5968,729.51,BHIM,@paytm,Peer_to_Peer,Chennai,DEV_2795,Android,0,1,6,1171.69,0.62,0,0,0
TX_UPI_103660,2026-08-10 12:37:02,12,CUST_1654,normal,BEN_6866,10.0,Paytm,@paytm,Peer_to_Peer,Pune,DEV_2498,Android,0,1,4,982.55,0.01,0,0,0
TX_UPI_103661,2026-08-08 20:08:51,20,CUST_1037,normal,BEN_2824,1629.74,Cred,@okaxis,Utilities,Chennai,DEV_1695,iOS,0,1,5,1126.84,1.45,0,0,0
TX_UPI_103662,2026-08-09 16:21:14,16,CUST_1223,normal,BEN_2298,2532.2,iMobile,@paytm,Travel,Delhi_NCR,DEV_1026,Android,0,1,3,1229.96,2.06,0,0,0
TX_UPI_103663,2026-08-03 11:01:47,11,CUST_1302,normal,BEN_2307,1843.95,BHIM,@sbi,Peer_to_Peer,Bengaluru,DEV_1142,iOS,0,1,3,1266.91,1.46,0,0,0
TX_UPI_103664,2026-08-01 05:44:50,5,CUST_1387,normal,BEN_3543,724.26,BHIM,@paytm,Utilities,Ahmedabad,DEV_2445,Android,0,1,3,765.0,0.95,0,0,0
TX_UPI_103665,2026-08-05 00:00:57,0,CUST_1256,normal,BEN_3413,1393.13,iMobile,@sbi,Peer_to_Peer,Mumbai,DEV_2478,iOS,1,1,4,1363.02,1.02,0,0,0
TX_UPI_103666,2026-08-03 09:48:49,9,CUST_1764,normal,BEN_1981,1832.91,Paytm,@upi,Utilities,Kolkata,DEV_2071,Android,0,1,3,797.24,2.3,0,0,0
TX_UPI_103667,2026-08-05 21:47:52,21,CUST_1812,normal,BEN_1628,1546.28,Paytm,@ybl,Grocery,Delhi_NCR,DEV_2773,Android,0,1,6,1261.24,1.23,1,1,0
TX_UPI_103668,2026-08-10 15:49:51,15,CUST_1298,normal,BEN_1187,2067.58,iMobile,@icici,Utilities,Ahmedabad,DEV_2932,iOS,1,1,3,968.01,2.14,0,0,0
TX_UPI_103669,2026-08-03 21:32:25,21,CUST_1283,normal,BEN_6288,610.48,Paytm,@okaxis,Utilities,Delhi_NCR,DEV_2234,Android,0,1,3,1061.14,0.58,0,0,0
TX_UPI_103670,2026-08-07 19:07:53,19,CUST_1533,normal,BEN_3867,1365.34,GPay,@paytm,Utilities,Ahmedabad,DEV_1296,iOS,0,1,3,1047.93,1.3,0,0,0
TX_UPI_103671,2026-08-03 10:15:14,10,CUST_1609,normal,BEN_5164,578.64,Paytm,@sbi,Travel,Mumbai,DEV_1907,Android,0,1,5,1098.36,0.53,0,1,0
TX_UPI_103672,2026-08-10 02:25:30,2,CUST_1326,normal,BEN_2801,1060.44,BHIM,@sbi,Travel,Kolkata,DEV_2335,Android,0,1,2,760.34,1.39,0,0,0
TX_UPI_103673,2026-08-04 01:45:03,1,CUST_1483,normal,BEN_4559,2246.37,Paytm,@okaxis,Grocery,Chennai,DEV_2701,Android,0,1,5,690.26,3.25,0,0,0
TX_UPI_103674,2026-08-07 04:03:15,4,CUST_1787,normal,BEN_3471,1810.51,iMobile,@ybl,Travel,Pune,DEV_1853,Android,1,1,5,1109.85,1.63,0,0,0
TX_UPI_103675,2026-08-06 18:05:01,18,CUST_1207,normal,BEN_4203,2478.49,GPay,@upi,Peer_to_Peer,Bengaluru,DEV_2782,iOS,0,1,4,739.96,3.35,0,0,0
TX_UPI_103676,2026-08-09 19:22:29,19,CUST_1061,normal,BEN_6542,1492.14,GPay,@sbi,Peer_to_Peer,Delhi_NCR,DEV_1844,iOS,0,1,4,935.21,1.6,0,0,0
TX_UPI_103677,2026-08-06 09:56:19,9,CUST_1532,normal,BEN_4132,1658.85,PhonePe,@sbi,Peer_to_Peer,Ahmedabad,DEV_1980,iOS,1,1,1,1317.74,1.26,0,0,0
TX_UPI_103678,2026-08-04 10:27:52,10,CUST_1352,normal,BEN_1053,497.5,GPay,@ybl,Travel,Ahmedabad,DEV_2349,iOS,0,1,2,1052.68,0.47,0,0,0
TX_UPI_103679,2026-08-08 19:49:53,19,CUST_1790,normal,BEN_6469,1546.38,BHIM,@paytm,Travel,Delhi_NCR,DEV_2870,Android,0,1,4,901.76,1.71,0,0,0
TX_UPI_103680,2026-08-04 03:16:52,3,CUST_1014,normal,BEN_6080,795.13,PhonePe,@paytm,Utilities,Hyderabad,DEV_1739,iOS,0,1,1,1026.08,0.77,0,0,0
TX_UPI_103681,2026-08-01 14:17:59,14,CUST_1592,normal,BEN_3129,2060.02,Paytm,@upi,Utilities,Mumbai,DEV_1526,iOS,0,1,3,1286.26,1.6,0,0,0
TX_UPI_103682,2026-08-10 07:27:33,7,CUST_1724,normal,BEN_6662,2364.32,GPay,@okaxis,Utilities,Ahmedabad,DEV_2582,iOS,0,1,2,1035.22,2.28,0,0,0
TX_UPI_103683,2026-08-05 00:27:27,0,CUST_1740,normal,BEN_3893,2936.95,PhonePe,@icici,Travel,Ahmedabad,DEV_2743,Android,0,1,6,678.62,4.33,0,0,0
TX_UPI_103684,2026-08-02 14:17:19,14,CUST_1596,normal,BEN_3604,1509.72,Cred,@sbi,Utilities,Ahmedabad,DEV_2124,Android,0,1,4,1278.35,1.18,0,0,0
TX_UPI_103685,2026-08-10 08:06:07,8,CUST_1265,normal,BEN_5302,604.02,Cred,@okaxis,Grocery,Pune,DEV_2055,iOS,0,1,2,917.74,0.66,0,0,0
TX_UPI_103686,2026-08-06 11:28:25,11,CUST_1410,normal,BEN_3517,742.46,PhonePe,@paytm,Peer_to_Peer,Delhi_NCR,DEV_1339,iOS,0,1,5,796.51,0.93,0,0,0
TX_UPI_103687,2026-08-10 11:47:17,11,CUST_1549,normal,BEN_4306,701.91,GPay,@paytm,Grocery,Kolkata,DEV_2718,Android,0,1,1,1321.71,0.53,0,0,0
TX_UPI_103688,2026-08-07 09:39:26,9,CUST_1739,normal,BEN_6723,2216.82,BHIM,@ybl,Grocery,Bengaluru,DEV_1041,iOS,0,1,3,1008.49,2.2,0,0,0
TX_UPI_103689,2026-08-06 00:59:29,0,CUST_1793,normal,BEN_6524,1562.58,iMobile,@okaxis,Peer_to_Peer,Kolkata,DEV_1636,Android,0,1,6,1178.07,1.33,0,0,0
TX_UPI_103690,2026-08-05 18:33:10,18,CUST_1176,normal,BEN_4804,641.97,iMobile,@okaxis,Peer_to_Peer,Delhi_NCR,DEV_1639,Android,0,1,1,812.37,0.79,0,0,0
TX_UPI_103691,2026-08-07 16:47:43,16,CUST_1433,normal,BEN_4630,1258.58,BHIM,@okaxis,Utilities,Ahmedabad,DEV_1803,Android,0,1,2,1126.79,1.12,0,0,0
TX_UPI_103692,2026-08-07 12:20:51,12,CUST_1379,normal,BEN_5895,757.66,iMobile,@ybl,Travel,Hyderabad,DEV_1309,iOS,0,1,1,797.51,0.95,1,0,0
TX_UPI_103693,2026-08-03 16:52:02,16,CUST_1795,normal,BEN_2053,2449.88,BHIM,@ybl,Grocery,Pune,DEV_1551,iOS,0,1,5,1495.32,1.64,0,0,0
TX_UPI_103694,2026-08-04 19:39:35,19,CUST_1530,normal,BEN_5634,1631.96,PhonePe,@ybl,Peer_to_Peer,Bengaluru,DEV_2692,Android,0,1,3,1397.6,1.17,0,0,0
TX_UPI_103695,2026-08-06 06:38:24,6,CUST_1467,normal,BEN_1958,1173.55,BHIM,@sbi,Travel,Kolkata,DEV_2693,Android,0,1,4,1069.72,1.1,0,0,0
TX_UPI_103696,2026-08-03 09:13:05,9,CUST_1197,normal,BEN_1066,10.0,BHIM,@paytm,Utilities,Delhi_NCR,DEV_1660,iOS,0,1,7,1197.84,0.01,0,0,0
TX_UPI_103697,2026-08-02 01:47:27,1,CUST_1033,normal,BEN_4305,1463.86,GPay,@ybl,Travel,Chennai,DEV_2429,iOS,0,1,3,1119.22,1.31,0,0,0
TX_UPI_103698,2026-08-10 06:13:45,6,CUST_1774,normal,BEN_6758,722.18,BHIM,@upi,Utilities,Mumbai,DEV_1195,Android,1,1,5,766.3,0.94,0,0,0
TX_UPI_103699,2026-08-03 09:08:26,9,CUST_1191,normal,BEN_3511,1348.85,GPay,@okaxis,Peer_to_Peer,Pune,DEV_1675,Android,0,1,5,1032.32,1.31,0,0,0
TX_UPI_103700,2026-08-07 06:11:03,6,CUST_1702,normal,BEN_6183,1496.69,PhonePe,@upi,Grocery,Kolkata,DEV_1858,Android,0,1,2,848.2,1.76,0,0,0
TX_UPI_103701,2026-08-05 21:37:00,21,CUST_1198,normal,BEN_2143,1389.37,PhonePe,@upi,Utilities,Ahmedabad,DEV_2156,Android,0,1,5,630.03,2.21,0,1,0
TX_UPI_103702,2026-08-08 01:06:05,1,CUST_1301,normal,BEN_6031,1617.62,PhonePe,@icici,Travel,Delhi_NCR,DEV_1183,Android,0,1,2,1033.73,1.56,0,0,0
TX_UPI_103703,2026-08-08 07:21:36,7,CUST_1679,normal,BEN_5743,128.39,BHIM,@icici,Utilities,Delhi_NCR,DEV_2179,Android,0,1,2,1311.87,0.1,0,0,0
TX_UPI_103704,2026-08-03 14:46:40,14,CUST_1523,normal,BEN_4023,1226.29,PhonePe,@sbi,Travel,Hyderabad,DEV_1214,Android,0,1,3,1052.04,1.17,0,0,0
TX_UPI_103705,2026-08-04 14:49:05,14,CUST_1501,suspicious,BEN_6145,36805.81,BHIM,@okaxis,Gaming_Betting,Kolkata,DEV_2480,Android,1,1,21,24794.85,1.48,0,1,0
TX_UPI_103706,2026-08-04 23:10:01,23,CUST_1698,normal,BEN_6740,2074.37,iMobile,@paytm,Utilities,Kolkata,DEV_1162,Android,1,1,5,1179.21,1.76,0,0,0
TX_UPI_103707,2026-08-05 08:11:43,8,CUST_1505,normal,BEN_1882,1243.69,Paytm,@ybl,Utilities,Delhi_NCR,DEV_2506,Android,0,1,5,1155.42,1.08,0,0,0
TX_UPI_103708,2026-08-10 04:57:06,4,CUST_1699,normal,BEN_6091,2048.64,BHIM,@icici,Travel,Bengaluru,DEV_2725,iOS,1,1,5,835.62,2.45,0,0,0
TX_UPI_103709,2026-08-08 19:24:58,19,CUST_1426,normal,BEN_4019,331.23,Paytm,@sbi,Grocery,Delhi_NCR,DEV_2861,Android,0,1,2,1314.27,0.25,0,0,0
TX_UPI_103710,2026-08-01 07:57:01,7,CUST_1076,normal,BEN_1672,10.0,BHIM,@icici,Peer_to_Peer,Mumbai,DEV_2548,Android,0,1,4,1167.01,0.01,0,0,0
TX_UPI_103711,2026-08-05 16:08:23,16,CUST_1298,normal,BEN_2602,2130.12,PhonePe,@icici,Grocery,Pune,DEV_2293,iOS,0,1,4,757.63,2.81,0,0,0
TX_UPI_103712,2026-08-06 00:36:06,0,CUST_1034,normal,BEN_6166,432.52,GPay,@paytm,Travel,Hyderabad,DEV_1412,iOS,0,1,1,950.89,0.45,0,0,0
TX_UPI_103713,2026-08-10 01:00:08,1,CUST_1176,normal,BEN_5058,1053.68,Paytm,@sbi,Travel,Mumbai,DEV_2220,iOS,0,1,1,1432.96,0.74,0,0,0
TX_UPI_103714,2026-08-02 04:19:53,4,CUST_1699,normal,BEN_3316,139.77,BHIM,@icici,Travel,Hyderabad,DEV_2469,Android,0,1,6,1364.44,0.1,0,0,0
TX_UPI_103715,2026-08-08 18:28:13,18,CUST_1579,normal,BEN_1012,1918.64,PhonePe,@paytm,Peer_to_Peer,Hyderabad,DEV_2283,Android,0,1,2,1162.19,1.65,0,0,0
TX_UPI_103716,2026-08-09 08:10:04,8,CUST_1027,normal,BEN_5156,178.1,Cred,@sbi,Grocery,Chennai,DEV_1148,Android,0,1,5,1062.24,0.17,0,0,0
TX_UPI_103717,2026-08-03 07:05:22,7,CUST_1620,normal,BEN_5217,872.54,Paytm,@ybl,Travel,Mumbai,DEV_2623,Android,0,1,1,485.4,1.8,0,0,0
TX_UPI_103718,2026-08-10 14:19:39,14,CUST_1204,normal,BEN_1194,369.17,Cred,@sbi,Travel,Mumbai,DEV_1979,Android,0,1,6,983.32,0.38,0,0,0
TX_UPI_103719,2026-08-10 14:08:11,14,CUST_1568,normal,BEN_6668,1064.54,BHIM,@icici,Utilities,Pune,DEV_1420,iOS,0,1,5,1513.36,0.7,0,0,0
TX_UPI_103720,2026-08-01 06:31:51,6,CUST_1740,normal,BEN_3616,2260.0,Cred,@paytm,Peer_to_Peer,Bengaluru,DEV_1029,iOS,1,1,2,613.78,3.68,0,0,0
TX_UPI_103721,2026-08-01 09:45:07,9,CUST_1002,normal,BEN_6383,3087.69,GPay,@paytm,Utilities,Chennai,DEV_2491,iOS,0,1,8,1125.23,2.74,0,0,0
TX_UPI_103722,2026-08-07 03:28:52,3,CUST_1106,normal,BEN_3607,183.61,GPay,@sbi,Travel,Pune,DEV_1338,iOS,0,1,5,1054.08,0.17,0,0,0
TX_UPI_103723,2026-08-04 07:05:58,7,CUST_1275,normal,BEN_1479,1109.62,GPay,@ybl,Travel,Ahmedabad,DEV_1128,Android,0,1,5,1160.25,0.96,0,0,0
TX_UPI_103724,2026-08-10 18:51:16,18,CUST_1441,normal,BEN_2918,251.35,GPay,@okaxis,Travel,Bengaluru,DEV_2054,iOS,0,1,3,1238.68,0.2,0,0,0
TX_UPI_103725,2026-08-02 15:28:27,15,CUST_1693,normal,BEN_4382,1608.2,BHIM,@okaxis,Grocery,Delhi_NCR,DEV_1794,Android,0,1,4,1304.02,1.23,0,0,0
TX_UPI_103726,2026-08-01 18:43:23,18,CUST_1168,normal,BEN_4438,910.63,iMobile,@ybl,Peer_to_Peer,Hyderabad,DEV_1251,Android,0,1,4,269.86,3.37,0,0,0
TX_UPI_103727,2026-08-03 23:34:34,23,CUST_1191,normal,BEN_3518,840.28,PhonePe,@icici,Utilities,Hyderabad,DEV_2034,iOS,0,1,5,986.31,0.85,0,0,0
TX_UPI_103728,2026-08-01 06:35:24,6,CUST_1767,normal,BEN_5197,827.02,BHIM,@paytm,Travel,Mumbai,DEV_1409,iOS,0,1,1,1320.81,0.63,0,0,0
TX_UPI_103729,2026-08-05 10:57:31,10,CUST_1007,normal,BEN_6251,1638.77,Cred,@sbi,Peer_to_Peer,Pune,DEV_2074,Android,0,1,5,665.71,2.46,0,0,0
TX_UPI_103730,2026-08-02 00:59:11,0,CUST_1026,normal,BEN_3348,1071.64,iMobile,@icici,Grocery,Ahmedabad,DEV_1956,Android,0,1,3,1012.66,1.06,0,0,0
TX_UPI_103731,2026-08-05 05:53:39,5,CUST_1758,normal,BEN_3753,707.18,BHIM,@icici,Travel,Bengaluru,DEV_1695,iOS,0,1,3,1283.91,0.55,0,0,0
TX_UPI_103732,2026-08-06 03:33:00,3,CUST_1262,normal,BEN_1786,10.0,PhonePe,@sbi,Peer_to_Peer,Chennai,DEV_1282,Android,0,1,7,1196.12,0.01,0,0,0
TX_UPI_103733,2026-08-09 03:09:03,3,CUST_1175,normal,BEN_2269,1166.13,Cred,@icici,Travel,Mumbai,DEV_1046,Android,0,1,5,731.56,1.59,0,0,0
TX_UPI_103734,2026-08-08 22:25:28,22,CUST_1663,normal,BEN_3558,668.24,PhonePe,@sbi,Utilities,Pune,DEV_1067,Android,0,1,3,1407.73,0.47,0,0,0
TX_UPI_103735,2026-08-05 09:42:05,9,CUST_1780,normal,BEN_2791,1162.8,BHIM,@ybl,Grocery,Chennai,DEV_1124,Android,0,1,4,938.5,1.24,0,0,0
TX_UPI_103736,2026-08-03 13:26:20,13,CUST_1067,normal,BEN_1685,1589.47,Paytm,@upi,Grocery,Pune,DEV_1378,iOS,0,1,7,1318.93,1.21,0,0,0
TX_UPI_103737,2026-08-05 12:09:05,12,CUST_1343,normal,BEN_4919,1134.84,iMobile,@icici,Travel,Delhi_NCR,DEV_2825,Android,1,1,5,1218.6,0.93,0,0,0
TX_UPI_103738,2026-08-05 20:21:47,20,CUST_1637,suspicious,BEN_4300,37118.58,iMobile,@upi,Jewelry,Ahmedabad,DEV_1719,Android,1,1,26,31164.18,1.19,0,1,1
TX_UPI_103739,2026-08-06 10:26:27,10,CUST_1707,normal,BEN_6739,1098.27,BHIM,@paytm,Grocery,Kolkata,DEV_1343,iOS,0,1,5,988.06,1.11,0,0,0
TX_UPI_103740,2026-08-06 09:00:06,9,CUST_1115,normal,BEN_1390,461.54,GPay,@icici,Grocery,Pune,DEV_1643,iOS,0,1,3,1061.69,0.43,0,0,0
TX_UPI_103741,2026-08-10 13:35:51,13,CUST_1495,normal,BEN_6731,10.0,GPay,@sbi,Utilities,Pune,DEV_1263,Android,0,1,5,415.84,0.02,0,0,0
TX_UPI_103742,2026-08-07 16:45:17,16,CUST_1087,normal,BEN_1609,3371.85,Paytm,@ybl,Peer_to_Peer,Hyderabad,DEV_1832,Android,0,1,7,1017.36,3.31,0,0,0
TX_UPI_103743,2026-08-04 17:32:08,17,CUST_1423,normal,BEN_1917,1207.54,Cred,@upi,Grocery,Mumbai,DEV_1234,iOS,0,1,4,938.6,1.29,0,0,0
TX_UPI_103744,2026-08-02 10:17:01,10,CUST_1378,normal,BEN_5775,1354.1,BHIM,@icici,Peer_to_Peer,Ahmedabad,DEV_1491,Android,0,1,3,1057.37,1.28,0,0,0
TX_UPI_103745,2026-08-05 21:11:27,21,CUST_1308,normal,BEN_3476,1345.17,PhonePe,@ybl,Peer_to_Peer,Kolkata,DEV_2482,Android,0,1,1,1089.5,1.23,0,0,0
TX_UPI_103746,2026-08-03 12:08:47,12,CUST_1456,normal,BEN_1211,1330.76,GPay,@paytm,Grocery,Ahmedabad,DEV_1709,iOS,1,1,4,1028.2,1.29,0,0,0
TX_UPI_103747,2026-08-10 22:35:33,22,CUST_1509,normal,BEN_1495,2110.29,Cred,@paytm,Travel,Pune,DEV_1100,iOS,0,1,3,1134.56,1.86,0,0,0
TX_UPI_103748,2026-08-04 17:22:24,17,CUST_1236,normal,BEN_4504,2237.84,BHIM,@icici,Peer_to_Peer,Hyderabad,DEV_1798,iOS,0,1,3,1131.47,1.98,0,0,0
TX_UPI_103749,2026-08-07 12:52:07,12,CUST_1536,normal,BEN_5012,1122.89,GPay,@upi,Travel,Bengaluru,DEV_2515,Android,0,1,6,1018.15,1.1,0,0,0
TX_UPI_103750,2026-08-06 07:37:18,7,CUST_1530,normal,BEN_2925,2226.68,iMobile,@paytm,Grocery,Chennai,DEV_1947,Android,0,1,3,873.73,2.55,0,0,0
TX_UPI_103751,2026-08-07 00:19:37,0,CUST_1334,normal,BEN_6143,1743.5,Paytm,@okaxis,Peer_to_Peer,Hyderabad,DEV_1567,iOS,0,1,3,1228.92,1.42,0,0,0
TX_UPI_103752,2026-08-01 08:42:29,8,CUST_1741,normal,BEN_4620,10.0,BHIM,@icici,Utilities,Mumbai,DEV_2829,iOS,0,1,4,969.69,0.01,0,0,0
TX_UPI_103753,2026-08-01 05:44:25,5,CUST_1072,normal,BEN_2239,349.39,BHIM,@ybl,Utilities,Bengaluru,DEV_1213,iOS,0,1,2,942.31,0.37,0,0,0
TX_UPI_103754,2026-08-07 17:25:43,17,CUST_1365,normal,BEN_4004,1161.61,BHIM,@upi,Grocery,Delhi_NCR,DEV_1107,iOS,0,1,1,1155.91,1.0,0,0,0
TX_UPI_103755,2026-08-04 12:05:42,12,CUST_1649,normal,BEN_6325,2292.97,Cred,@paytm,Utilities,Kolkata,DEV_1319,iOS,0,1,4,1274.16,1.8,0,0,0
TX_UPI_103756,2026-08-02 20:59:16,20,CUST_1517,normal,BEN_2041,2075.65,iMobile,@ybl,Peer_to_Peer,Delhi_NCR,DEV_1378,Android,1,1,6,1528.83,1.36,0,0,0
TX_UPI_103757,2026-08-02 23:09:58,23,CUST_1385,normal,BEN_3282,800.64,Paytm,@ybl,Utilities,Mumbai,DEV_2483,Android,0,1,2,1268.03,0.63,0,0,0
TX_UPI_103758,2026-08-05 12:54:56,12,CUST_1034,normal,BEN_1960,1766.61,GPay,@icici,Utilities,Hyderabad,DEV_2995,Android,0,1,5,1533.43,1.15,0,0,0
TX_UPI_103759,2026-08-01 17:14:45,17,CUST_1383,normal,BEN_4251,1209.1,iMobile,@okaxis,Travel,Kolkata,DEV_1085,iOS,0,1,4,844.71,1.43,0,0,0
TX_UPI_103760,2026-08-07 07:24:48,7,CUST_1259,normal,BEN_4251,2908.26,Paytm,@sbi,Grocery,Chennai,DEV_1445,Android,0,1,3,1006.03,2.89,0,0,0
TX_UPI_103761,2026-08-10 15:29:28,15,CUST_1693,normal,BEN_1279,922.6,PhonePe,@okaxis,Utilities,Kolkata,DEV_1827,iOS,0,1,2,904.94,1.02,0,0,0
TX_UPI_103762,2026-08-05 09:36:29,9,CUST_1122,normal,BEN_4082,781.04,iMobile,@upi,Travel,Chennai,DEV_2233,Android,0,1,1,891.52,0.88,0,0,0
TX_UPI_103763,2026-08-05 07:00:24,7,CUST_1239,normal,BEN_2459,2759.17,GPay,@paytm,Grocery,Hyderabad,DEV_2840,iOS,0,1,5,1302.22,2.12,0,0,0
TX_UPI_103764,2026-08-01 13:10:48,13,CUST_1466,normal,BEN_4823,2141.77,BHIM,@ybl,Utilities,Delhi_NCR,DEV_2149,Android,0,1,7,654.86,3.27,0,0,0
TX_UPI_103765,2026-08-06 21:44:37,21,CUST_1300,normal,BEN_4982,216.09,PhonePe,@icici,Peer_to_Peer,Kolkata,DEV_1168,Android,0,1,2,967.26,0.22,0,0,0
TX_UPI_103766,2026-08-07 02:24:39,2,CUST_1781,normal,BEN_2692,959.54,Cred,@okaxis,Utilities,Bengaluru,DEV_1130,Android,0,1,3,1132.63,0.85,0,0,0
TX_UPI_103767,2026-08-05 10:03:16,10,CUST_1168,normal,BEN_1362,1228.24,PhonePe,@ybl,Utilities,Ahmedabad,DEV_1686,iOS,0,1,2,557.87,2.2,0,0,0
TX_UPI_103768,2026-08-04 04:52:47,4,CUST_1285,normal,BEN_1283,405.71,Cred,@sbi,Grocery,Kolkata,DEV_1839,iOS,1,1,2,1020.7,0.4,0,0,0
TX_UPI_103769,2026-08-10 00:34:53,0,CUST_1375,normal,BEN_5796,296.27,Paytm,@sbi,Grocery,Pune,DEV_1956,Android,0,1,3,808.56,0.37,0,0,0
TX_UPI_103770,2026-08-04 14:45:02,14,CUST_1686,normal,BEN_4879,1099.34,BHIM,@okaxis,Peer_to_Peer,Kolkata,DEV_1638,Android,1,1,1,876.26,1.25,0,0,0
TX_UPI_103771,2026-08-08 20:53:12,20,CUST_1664,normal,BEN_1364,153.05,Paytm,@paytm,Utilities,Pune,DEV_2202,Android,0,1,3,872.05,0.18,0,0,0
TX_UPI_103772,2026-08-06 00:42:48,0,CUST_1469,normal,BEN_4387,1925.43,GPay,@paytm,Utilities,Mumbai,DEV_1658,Android,0,1,4,1063.24,1.81,0,0,0
TX_UPI_103773,2026-08-04 07:52:31,7,CUST_1406,normal,BEN_3409,562.01,iMobile,@paytm,Grocery,Chennai,DEV_1019,iOS,0,1,4,1245.77,0.45,0,0,0
TX_UPI_103774,2026-08-04 21:16:21,21,CUST_1770,normal,BEN_2524,1314.15,BHIM,@sbi,Peer_to_Peer,Hyderabad,DEV_2764,Android,0,1,7,1190.31,1.1,0,0,0
TX_UPI_103775,2026-08-02 09:13:13,9,CUST_1184,normal,BEN_5765,1930.89,Paytm,@icici,Utilities,Delhi_NCR,DEV_1365,iOS,0,1,4,1242.16,1.55,0,0,0
TX_UPI_103776,2026-08-08 08:46:49,8,CUST_1145,normal,BEN_4629,562.58,Paytm,@ybl,Peer_to_Peer,Pune,DEV_2130,Android,0,1,3,1163.85,0.48,0,0,0
TX_UPI_103777,2026-08-09 05:57:30,5,CUST_1496,normal,BEN_5266,1473.68,PhonePe,@ybl,Peer_to_Peer,Pune,DEV_2721,iOS,0,1,5,1344.09,1.1,0,0,0
TX_UPI_103778,2026-08-08 02:28:58,2,CUST_1573,normal,BEN_2646,60.02,PhonePe,@ybl,Grocery,Pune,DEV_2052,Android,0,1,2,1135.1,0.05,0,0,0
TX_UPI_103779,2026-08-08 16:49:00,16,CUST_1590,normal,BEN_6279,620.51,PhonePe,@upi,Peer_to_Peer,Kolkata,DEV_1783,iOS,0,1,10,1203.77,0.52,1,0,0
TX_UPI_103780,2026-08-01 14:48:41,14,CUST_1025,normal,BEN_1110,1137.34,GPay,@ybl,Peer_to_Peer,Delhi_NCR,DEV_1746,iOS,0,1,2,964.76,1.18,0,1,0
TX_UPI_103781,2026-08-08 12:14:10,12,CUST_1159,normal,BEN_1712,1224.11,Cred,@okaxis,Peer_to_Peer,Hyderabad,DEV_1926,Android,0,1,4,970.39,1.26,0,0,0
TX_UPI_103782,2026-08-07 01:17:31,1,CUST_1582,normal,BEN_4339,981.48,PhonePe,@icici,Travel,Delhi_NCR,DEV_2403,Android,0,1,6,1412.28,0.69,0,0,0
TX_UPI_103783,2026-08-07 01:16:13,1,CUST_1426,normal,BEN_4237,1401.63,iMobile,@ybl,Travel,Hyderabad,DEV_2924,Android,0,1,1,1209.24,1.16,0,0,0
TX_UPI_103784,2026-08-06 17:17:04,17,CUST_1178,normal,BEN_6464,2443.43,Cred,@okaxis,Grocery,Chennai,DEV_2291,Android,1,1,6,1256.26,1.95,0,0,0
TX_UPI_103785,2026-08-07 19:29:33,19,CUST_1741,normal,BEN_4227,2337.94,GPay,@paytm,Travel,Mumbai,DEV_1473,Android,0,1,4,1230.74,1.9,0,0,0
TX_UPI_103786,2026-08-03 06:04:57,6,CUST_1495,normal,BEN_5002,655.38,Paytm,@icici,Utilities,Pune,DEV_1798,Android,0,1,4,1399.09,0.47,0,0,0
TX_UPI_103787,2026-08-02 19:01:18,19,CUST_1104,normal,BEN_1411,728.46,Paytm,@paytm,Utilities,Hyderabad,DEV_1655,Android,0,1,2,1103.4,0.66,0,0,0
TX_UPI_103788,2026-08-06 08:54:49,8,CUST_1259,normal,BEN_6753,1018.67,Paytm,@okaxis,Utilities,Bengaluru,DEV_1692,iOS,0,1,5,971.22,1.05,0,0,0
TX_UPI_103789,2026-08-04 14:15:59,14,CUST_1607,normal,BEN_4483,2574.75,Paytm,@okaxis,Peer_to_Peer,Hyderabad,DEV_2190,Android,0,1,1,1380.9,1.86,0,0,0
TX_UPI_103790,2026-08-02 19:22:55,19,CUST_1656,normal,BEN_4923,588.12,Cred,@upi,Utilities,Kolkata,DEV_2857,iOS,0,1,1,1137.09,0.52,0,0,0
TX_UPI_103791,2026-08-06 12:05:02,12,CUST_1158,normal,BEN_3155,996.31,PhonePe,@sbi,Peer_to_Peer,Bengaluru,DEV_2100,Android,0,1,1,676.47,1.47,0,0,0
TX_UPI_103792,2026-08-06 06:00:46,6,CUST_1594,normal,BEN_4098,1193.31,iMobile,@sbi,Travel,Chennai,DEV_2986,Android,0,1,5,1220.39,0.98,0,0,0
TX_UPI_103793,2026-08-10 03:06:15,3,CUST_1594,normal,BEN_4627,1245.37,GPay,@icici,Travel,Kolkata,DEV_2198,iOS,0,1,4,1073.47,1.16,0,0,0
TX_UPI_103794,2026-08-07 23:00:02,23,CUST_1812,normal,BEN_4688,56.22,Paytm,@sbi,Utilities,Bengaluru,DEV_1480,iOS,0,1,1,1031.24,0.05,0,0,0
TX_UPI_103795,2026-08-02 06:10:18,6,CUST_1428,normal,BEN_4833,1071.48,PhonePe,@upi,Utilities,Hyderabad,DEV_2018,Android,0,1,5,1261.75,0.85,0,0,0
TX_UPI_103796,2026-08-03 06:09:21,6,CUST_1696,normal,BEN_5204,1684.11,Paytm,@ybl,Utilities,Bengaluru,DEV_1392,iOS,0,1,3,748.64,2.25,0,0,0
TX_UPI_103797,2026-08-03 11:25:12,11,CUST_1106,normal,BEN_2447,1529.66,BHIM,@paytm,Grocery,Bengaluru,DEV_2355,Android,0,1,5,506.75,3.02,0,0,0
TX_UPI_103798,2026-08-03 11:56:25,11,CUST_1240,normal,BEN_3572,532.53,PhonePe,@upi,Peer_to_Peer,Bengaluru,DEV_1611,Android,0,1,2,1108.4,0.48,0,0,0
TX_UPI_103799,2026-08-09 03:45:24,3,CUST_1725,normal,BEN_1637,557.31,Paytm,@ybl,Peer_to_Peer,Bengaluru,DEV_2972,iOS,0,1,3,1029.47,0.54,0,0,0
TX_UPI_103800,2026-08-10 18:52:59,18,CUST_1200,normal,BEN_3936,1072.68,Paytm,@paytm,Utilities,Ahmedabad,DEV_2436,Android,0,1,2,926.64,1.16,0,0,0
TX_UPI_103801,2026-08-02 07:23:06,7,CUST_1496,normal,BEN_4260,335.79,BHIM,@icici,Travel,Delhi_NCR,DEV_1066,Android,0,1,4,1217.06,0.28,0,0,0
TX_UPI_103802,2026-08-07 16:30:24,16,CUST_1704,normal,BEN_1970,583.51,GPay,@ybl,Grocery,Pune,DEV_1943,iOS,0,1,7,1004.5,0.58,0,0,0
TX_UPI_103803,2026-08-03 03:15:44,3,CUST_1378,normal,BEN_3477,2424.15,Paytm,@icici,Peer_to_Peer,Hyderabad,DEV_2884,Android,0,1,2,593.62,4.08,0,0,0
TX_UPI_103804,2026-08-03 16:57:50,16,CUST_1424,normal,BEN_4531,1521.76,BHIM,@sbi,Peer_to_Peer,Pune,DEV_1167,iOS,0,1,4,1088.25,1.4,0,0,0
TX_UPI_103805,2026-08-06 21:00:15,21,CUST_1770,normal,BEN_1640,686.21,iMobile,@sbi,Travel,Hyderabad,DEV_1961,iOS,0,1,3,957.3,0.72,0,0,0
TX_UPI_103806,2026-08-10 18:21:11,18,CUST_1079,normal,BEN_1003,958.12,PhonePe,@okaxis,Peer_to_Peer,Ahmedabad,DEV_2753,iOS,0,1,5,1124.21,0.85,0,0,0
TX_UPI_103807,2026-08-02 17:00:49,17,CUST_1053,normal,BEN_2600,1687.96,Paytm,@okaxis,Peer_to_Peer,Kolkata,DEV_2255,Android,0,1,3,997.92,1.69,0,0,0
TX_UPI_103808,2026-08-08 16:19:06,16,CUST_1463,normal,BEN_3117,277.21,Paytm,@sbi,Travel,Kolkata,DEV_2006,iOS,0,1,3,282.93,0.98,0,0,0
TX_UPI_103809,2026-08-02 11:09:04,11,CUST_1463,normal,BEN_1842,727.82,Paytm,@paytm,Travel,Mumbai,DEV_1800,iOS,0,1,3,1215.28,0.6,0,0,0
TX_UPI_103810,2026-08-08 07:38:17,7,CUST_1477,normal,BEN_3831,985.06,PhonePe,@upi,Grocery,Ahmedabad,DEV_1576,iOS,0,1,4,556.85,1.77,0,0,0
TX_UPI_103811,2026-08-05 07:37:46,7,CUST_1675,normal,BEN_4347,1154.53,GPay,@icici,Utilities,Chennai,DEV_1402,iOS,1,1,1,790.01,1.46,0,0,0
TX_UPI_103812,2026-08-07 08:17:28,8,CUST_1190,normal,BEN_6076,1050.27,PhonePe,@okaxis,Travel,Hyderabad,DEV_2265,Android,0,1,6,1169.09,0.9,0,0,0
TX_UPI_103813,2026-08-05 08:32:48,8,CUST_1548,normal,BEN_5968,1214.58,iMobile,@sbi,Peer_to_Peer,Chennai,DEV_2784,Android,0,1,3,908.73,1.34,0,0,0
TX_UPI_103814,2026-08-08 23:31:00,23,CUST_1589,suspicious,BEN_4995,18208.3,PhonePe,@ybl,Gaming_Betting,Chennai,DEV_1464,iOS,1,1,21,17719.05,1.03,1,1,1
TX_UPI_103815,2026-08-10 20:37:33,20,CUST_1118,normal,BEN_3726,1674.44,BHIM,@paytm,Grocery,Hyderabad,DEV_2222,iOS,0,1,3,1278.13,1.31,0,0,0
TX_UPI_103816,2026-08-07 21:28:37,21,CUST_1533,normal,BEN_4383,1968.87,Cred,@paytm,Utilities,Delhi_NCR,DEV_2102,iOS,0,1,1,940.42,2.09,0,0,0
TX_UPI_103817,2026-08-04 22:44:31,22,CUST_1711,normal,BEN_2674,515.58,iMobile,@paytm,Travel,Bengaluru,DEV_2188,iOS,0,1,1,832.19,0.62,0,0,0
TX_UPI_103818,2026-08-09 13:17:30,13,CUST_1121,normal,BEN_3539,3153.0,Paytm,@ybl,Peer_to_Peer,Bengaluru,DEV_1516,iOS,0,1,5,1540.15,2.05,0,0,0
TX_UPI_103819,2026-08-02 17:32:12,17,CUST_1563,normal,BEN_1185,1863.28,Paytm,@upi,Peer_to_Peer,Pune,DEV_1633,Android,0,1,2,988.37,1.89,0,0,0
TX_UPI_103820,2026-08-10 14:10:59,14,CUST_1020,normal,BEN_4115,1670.75,PhonePe,@paytm,Peer_to_Peer,Pune,DEV_1882,iOS,0,1,4,941.44,1.77,0,0,0
TX_UPI_103821,2026-08-08 08:59:37,8,CUST_1500,normal,BEN_6767,10.0,Paytm,@okaxis,Travel,Mumbai,DEV_1809,Android,0,1,10,1046.12,0.01,0,0,0
TX_UPI_103822,2026-08-03 01:23:39,1,CUST_1819,normal,BEN_6950,939.41,PhonePe,@paytm,Utilities,Kolkata,DEV_1742,Android,1,1,4,1021.75,0.92,0,0,0
TX_UPI_103823,2026-08-02 16:31:58,16,CUST_1053,normal,BEN_6734,1298.18,Cred,@ybl,Grocery,Chennai,DEV_2550,Android,1,1,6,1050.11,1.24,0,0,0
TX_UPI_103824,2026-08-09 22:24:01,22,CUST_1095,normal,BEN_6053,269.83,Paytm,@upi,Utilities,Pune,DEV_1361,iOS,0,1,3,968.54,0.28,0,0,0
TX_UPI_103825,2026-08-03 06:41:51,6,CUST_1710,normal,BEN_4932,2339.12,Cred,@okaxis,Travel,Pune,DEV_1706,iOS,0,1,6,1105.81,2.12,0,0,0
TX_UPI_103826,2026-08-05 15:19:00,15,CUST_1237,normal,BEN_6982,177.01,PhonePe,@ybl,Travel,Hyderabad,DEV_2811,iOS,0,1,1,1083.63,0.16,0,1,0
TX_UPI_103827,2026-08-10 14:40:54,14,CUST_1054,normal,BEN_1337,1469.06,Cred,@ybl,Travel,Pune,DEV_1426,Android,0,1,3,964.76,1.52,0,0,0
TX_UPI_103828,2026-08-09 23:20:44,23,CUST_1269,mule,BEN_5636,23144.02,Cred,@okaxis,Electronics,Hyderabad,DEV_2308,iOS,0,1,24,17203.43,1.35,0,1,1
TX_UPI_103829,2026-08-09 23:19:58,23,CUST_1640,normal,BEN_6805,318.94,PhonePe,@ybl,Peer_to_Peer,Pune,DEV_2915,Android,0,1,2,1369.8,0.23,0,0,0
TX_UPI_103830,2026-08-09 17:37:52,17,CUST_1155,normal,BEN_4136,548.95,GPay,@sbi,Utilities,Delhi_NCR,DEV_2640,Android,0,1,4,1134.37,0.48,0,0,0
TX_UPI_103831,2026-08-05 13:34:43,13,CUST_1472,normal,BEN_1223,2238.33,iMobile,@sbi,Utilities,Bengaluru,DEV_2354,Android,0,1,6,1066.2,2.1,0,0,0
TX_UPI_103832,2026-08-07 18:16:11,18,CUST_1246,normal,BEN_6535,819.61,BHIM,@icici,Travel,Ahmedabad,DEV_2577,Android,0,1,2,1022.14,0.8,0,0,0
TX_UPI_103833,2026-08-05 08:11:23,8,CUST_1433,normal,BEN_6369,852.77,Paytm,@paytm,Utilities,Bengaluru,DEV_2240,Android,0,1,5,1180.87,0.72,0,0,0
TX_UPI_103834,2026-08-04 00:31:49,0,CUST_1606,normal,BEN_1136,1673.44,Cred,@sbi,Utilities,Kolkata,DEV_1627,Android,0,1,6,1527.09,1.1,0,0,0
TX_UPI_103835,2026-08-01 20:28:54,20,CUST_1486,normal,BEN_1082,1299.73,iMobile,@paytm,Travel,Bengaluru,DEV_1656,iOS,0,1,6,995.6,1.31,1,0,0
TX_UPI_103836,2026-08-02 16:19:24,16,CUST_1533,normal,BEN_5721,2148.01,BHIM,@icici,Peer_to_Peer,Hyderabad,DEV_1482,iOS,0,1,6,1322.02,1.62,0,0,0
TX_UPI_103837,2026-08-06 20:03:06,20,CUST_1231,normal,BEN_3621,1275.26,PhonePe,@ybl,Utilities,Delhi_NCR,DEV_1786,iOS,0,1,2,745.31,1.71,0,0,0
TX_UPI_103838,2026-08-07 23:54:45,23,CUST_1398,normal,BEN_5565,1167.97,BHIM,@icici,Grocery,Delhi_NCR,DEV_2971,Android,0,1,7,1005.64,1.16,0,0,0
TX_UPI_103839,2026-08-02 08:35:39,8,CUST_1649,normal,BEN_3524,1828.1,iMobile,@sbi,Travel,Chennai,DEV_1620,iOS,0,1,5,1011.92,1.81,0,1,0
TX_UPI_103840,2026-08-02 06:32:21,6,CUST_1817,normal,BEN_2546,2253.08,iMobile,@sbi,Travel,Ahmedabad,DEV_2993,Android,0,1,1,786.54,2.86,0,0,0
TX_UPI_103841,2026-08-01 15:55:06,15,CUST_1137,normal,BEN_2710,467.49,Paytm,@paytm,Peer_to_Peer,Hyderabad,DEV_1053,Android,0,1,2,1160.7,0.4,0,0,0
TX_UPI_103842,2026-08-10 05:55:50,5,CUST_1069,normal,BEN_3798,1432.03,GPay,@ybl,Grocery,Ahmedabad,DEV_2219,Android,0,1,4,1223.06,1.17,0,0,0
TX_UPI_103843,2026-08-03 14:30:29,14,CUST_1474,normal,BEN_5974,439.92,GPay,@sbi,Grocery,Mumbai,DEV_2561,iOS,0,1,1,1175.12,0.37,0,0,0
TX_UPI_103844,2026-08-02 22:07:33,22,CUST_1357,normal,BEN_5362,695.81,GPay,@upi,Peer_to_Peer,Kolkata,DEV_1894,iOS,0,1,1,1313.12,0.53,0,0,0
TX_UPI_103845,2026-08-03 12:33:22,12,CUST_1219,normal,BEN_6100,2316.08,Paytm,@paytm,Grocery,Chennai,DEV_2308,Android,0,1,7,1124.88,2.06,0,0,0
TX_UPI_103846,2026-08-03 01:50:08,1,CUST_1612,normal,BEN_3432,1700.75,iMobile,@paytm,Peer_to_Peer,Mumbai,DEV_2791,iOS,0,1,6,926.06,1.84,0,0,0
TX_UPI_103847,2026-08-03 09:04:49,9,CUST_1773,normal,BEN_4419,2088.54,BHIM,@icici,Travel,Delhi_NCR,DEV_2968,iOS,0,1,4,1299.29,1.61,0,0,0
TX_UPI_103848,2026-08-06 07:16:34,7,CUST_1427,mule,BEN_6922,38721.86,Cred,@paytm,Peer_to_Peer,Chennai,DEV_1995,iOS,1,1,37,32841.14,1.18,1,1,1
TX_UPI_103849,2026-08-08 06:29:37,6,CUST_1747,normal,BEN_1814,12.82,Cred,@upi,Travel,Pune,DEV_1136,iOS,0,1,6,852.59,0.02,0,0,0
TX_UPI_103850,2026-08-06 12:55:36,12,CUST_1002,normal,BEN_6000,2202.45,Paytm,@ybl,Travel,Kolkata,DEV_1773,iOS,0,1,3,1362.24,1.62,0,0,0
TX_UPI_103851,2026-08-05 22:36:53,22,CUST_1006,normal,BEN_6768,2107.81,iMobile,@sbi,Travel,Kolkata,DEV_2038,Android,0,1,4,1202.05,1.75,0,1,0
TX_UPI_103852,2026-08-02 17:25:27,17,CUST_1781,normal,BEN_6237,1538.1,BHIM,@paytm,Utilities,Mumbai,DEV_1056,Android,0,1,1,1108.4,1.39,0,0,0
TX_UPI_103853,2026-08-03 02:50:37,2,CUST_1594,normal,BEN_4131,307.15,iMobile,@sbi,Utilities,Pune,DEV_2433,iOS,0,1,4,805.69,0.38,0,0,0
TX_UPI_103854,2026-08-09 17:24:22,17,CUST_1098,normal,BEN_4860,252.04,Paytm,@icici,Travel,Ahmedabad,DEV_2208,iOS,0,1,7,1336.67,0.19,0,0,0
TX_UPI_103855,2026-08-10 03:33:28,3,CUST_1824,normal,BEN_6177,1196.69,Cred,@icici,Grocery,Hyderabad,DEV_1457,iOS,0,1,4,1020.5,1.17,0,0,0
TX_UPI_103856,2026-08-05 05:12:05,5,CUST_1228,normal,BEN_5506,1655.9,Paytm,@sbi,Grocery,Chennai,DEV_1273,Android,0,1,2,1318.5,1.26,0,0,0
TX_UPI_103857,2026-08-01 12:51:47,12,CUST_1067,normal,BEN_5711,997.53,Cred,@okaxis,Peer_to_Peer,Ahmedabad,DEV_2544,iOS,0,1,3,1085.21,0.92,0,0,0
TX_UPI_103858,2026-08-06 03:23:28,3,CUST_1026,normal,BEN_6484,727.08,Cred,@icici,Peer_to_Peer,Bengaluru,DEV_1644,Android,0,1,4,951.03,0.76,0,0,0
TX_UPI_103859,2026-08-02 05:42:25,5,CUST_1633,normal,BEN_6774,1574.82,iMobile,@upi,Travel,Pune,DEV_1057,Android,0,1,6,907.36,1.74,0,0,0
TX_UPI_103860,2026-08-09 22:12:03,22,CUST_1279,normal,BEN_1136,1095.54,PhonePe,@okaxis,Utilities,Mumbai,DEV_1333,iOS,0,1,4,975.39,1.12,0,0,0
TX_UPI_103861,2026-08-05 22:33:59,22,CUST_1328,normal,BEN_4628,1571.46,Paytm,@icici,Travel,Mumbai,DEV_2120,iOS,0,1,5,1339.98,1.17,0,0,0
TX_UPI_103862,2026-08-02 11:11:05,11,CUST_1620,normal,BEN_4667,715.21,GPay,@icici,Peer_to_Peer,Hyderabad,DEV_1757,iOS,0,1,2,1006.18,0.71,0,0,0
TX_UPI_103863,2026-08-01 08:37:49,8,CUST_1698,normal,BEN_2730,425.8,BHIM,@okaxis,Utilities,Kolkata,DEV_1230,iOS,0,1,5,801.18,0.53,0,0,0
TX_UPI_103864,2026-08-08 07:02:18,7,CUST_1320,normal,BEN_4793,3066.41,Paytm,@icici,Utilities,Chennai,DEV_1992,Android,0,1,6,1083.02,2.83,0,0,0
TX_UPI_103865,2026-08-08 23:09:24,23,CUST_1113,normal,BEN_1170,1893.92,Paytm,@upi,Grocery,Pune,DEV_1890,Android,0,1,1,1685.61,1.12,0,0,0
TX_UPI_103866,2026-08-03 17:37:40,17,CUST_1362,normal,BEN_6111,727.83,GPay,@sbi,Peer_to_Peer,Delhi_NCR,DEV_2890,Android,0,1,3,634.58,1.15,0,0,0
TX_UPI_103867,2026-08-05 01:22:48,1,CUST_1799,normal,BEN_2594,1589.03,BHIM,@ybl,Peer_to_Peer,Pune,DEV_2803,iOS,0,1,1,1104.4,1.44,0,0,0
TX_UPI_103868,2026-08-07 05:06:22,5,CUST_1711,normal,BEN_5428,764.58,iMobile,@paytm,Grocery,Bengaluru,DEV_2499,Android,0,1,1,886.95,0.86,0,0,0
TX_UPI_103869,2026-08-02 01:47:49,1,CUST_1644,normal,BEN_2888,1380.63,iMobile,@sbi,Utilities,Bengaluru,DEV_2476,Android,0,1,1,900.29,1.53,0,0,0
TX_UPI_103870,2026-08-02 03:18:36,3,CUST_1272,normal,BEN_4622,1730.62,PhonePe,@ybl,Peer_to_Peer,Pune,DEV_2289,Android,0,1,9,1194.62,1.45,0,0,0
TX_UPI_103871,2026-08-10 08:49:34,8,CUST_1616,normal,BEN_6048,466.19,BHIM,@ybl,Utilities,Hyderabad,DEV_2555,iOS,0,1,3,1087.58,0.43,0,0,0
TX_UPI_103872,2026-08-01 14:42:45,14,CUST_1519,normal,BEN_5252,920.46,PhonePe,@ybl,Peer_to_Peer,Mumbai,DEV_1577,iOS,0,1,5,1132.19,0.81,0,0,0
TX_UPI_103873,2026-08-10 10:41:49,10,CUST_1575,normal,BEN_1912,1926.28,GPay,@upi,Travel,Pune,DEV_1974,iOS,1,1,3,1398.12,1.38,0,0,0
TX_UPI_103874,2026-08-08 04:12:02,4,CUST_1017,normal,BEN_2090,1066.81,GPay,@sbi,Utilities,Delhi_NCR,DEV_1336,iOS,1,1,2,1602.56,0.67,0,0,0
TX_UPI_103875,2026-08-10 12:43:28,12,CUST_1097,normal,BEN_3108,10.0,PhonePe,@upi,Peer_to_Peer,Ahmedabad,DEV_1429,iOS,0,1,2,929.51,0.01,0,0,0
TX_UPI_103876,2026-08-05 00:43:45,0,CUST_1724,normal,BEN_3014,3206.65,iMobile,@okaxis,Utilities,Ahmedabad,DEV_1456,Android,0,1,7,1438.54,2.23,0,0,0
TX_UPI_103877,2026-08-08 14:58:04,14,CUST_1342,suspicious,BEN_4014,22048.14,PhonePe,@icici,Peer_to_Peer,Ahmedabad,DEV_2132,iOS,1,1,37,27189.1,0.81,1,1,0
TX_UPI_103878,2026-08-01 15:35:43,15,CUST_1427,mule,BEN_2087,54545.27,PhonePe,@okaxis,Electronics,Delhi_NCR,DEV_2686,Android,1,1,26,31203.2,1.75,0,1,1
TX_UPI_103879,2026-08-08 17:17:16,17,CUST_1345,normal,BEN_5710,998.58,iMobile,@ybl,Grocery,Kolkata,DEV_2696,Android,0,1,3,1226.04,0.81,0,0,0
TX_UPI_103880,2026-08-02 05:14:48,5,CUST_1107,normal,BEN_6641,1493.76,PhonePe,@paytm,Utilities,Pune,DEV_2109,iOS,0,1,3,1442.29,1.04,0,1,0
TX_UPI_103881,2026-08-02 00:03:52,0,CUST_1539,normal,BEN_6477,10.0,Paytm,@icici,Travel,Pune,DEV_1556,iOS,0,1,5,1252.26,0.01,0,0,0
TX_UPI_103882,2026-08-02 18:44:14,18,CUST_1674,normal,BEN_3511,2117.57,GPay,@paytm,Utilities,Ahmedabad,DEV_2611,iOS,0,1,3,1129.9,1.87,0,0,0
TX_UPI_103883,2026-08-08 02:55:04,2,CUST_1001,suspicious,BEN_3322,45747.07,Paytm,@upi,Electronics,Chennai,DEV_2787,Android,1,1,29,23577.11,1.94,0,1,1
TX_UPI_103884,2026-08-10 16:29:46,16,CUST_1299,normal,BEN_6761,1413.58,iMobile,@paytm,Travel,Delhi_NCR,DEV_1275,iOS,0,1,7,570.23,2.48,0,0,0
TX_UPI_103885,2026-08-01 05:00:08,5,CUST_1573,normal,BEN_1673,647.99,Cred,@ybl,Grocery,Mumbai,DEV_1487,iOS,0,1,6,1342.21,0.48,0,0,0
TX_UPI_103886,2026-08-06 07:14:47,7,CUST_1719,normal,BEN_5316,1617.96,Cred,@icici,Utilities,Ahmedabad,DEV_1533,iOS,0,1,3,868.36,1.86,0,0,0
TX_UPI_103887,2026-08-06 08:32:15,8,CUST_1755,normal,BEN_3108,727.03,GPay,@paytm,Grocery,Pune,DEV_1334,Android,0,1,7,929.17,0.78,0,0,0
TX_UPI_103888,2026-08-07 09:30:57,9,CUST_1693,normal,BEN_4889,1281.14,PhonePe,@paytm,Utilities,Bengaluru,DEV_1589,Android,0,1,2,1282.27,1.0,0,0,0
TX_UPI_103889,2026-08-04 14:39:34,14,CUST_1070,normal,BEN_4911,769.02,Cred,@upi,Utilities,Chennai,DEV_2685,Android,0,1,3,675.99,1.14,0,0,0
TX_UPI_103890,2026-08-08 07:57:57,7,CUST_1570,normal,BEN_2852,10.0,iMobile,@sbi,Utilities,Ahmedabad,DEV_1429,iOS,0,1,4,761.96,0.01,0,0,0
TX_UPI_103891,2026-08-06 13:59:46,13,CUST_1374,normal,BEN_2854,2884.07,Paytm,@sbi,Travel,Delhi_NCR,DEV_2933,iOS,1,1,1,887.96,3.25,0,0,0
TX_UPI_103892,2026-08-09 19:49:48,19,CUST_1062,normal,BEN_2003,1213.36,Cred,@icici,Grocery,Chennai,DEV_2080,Android,0,1,3,815.01,1.49,0,0,0
TX_UPI_103893,2026-08-09 15:01:46,15,CUST_1573,normal,BEN_3090,433.66,PhonePe,@paytm,Travel,Delhi_NCR,DEV_1843,Android,0,1,2,1011.19,0.43,0,0,0
TX_UPI_103894,2026-08-10 20:08:59,20,CUST_1316,normal,BEN_1809,2761.54,PhonePe,@ybl,Utilities,Pune,DEV_2458,iOS,0,1,4,1363.9,2.02,0,0,0
TX_UPI_103895,2026-08-02 19:12:01,19,CUST_1283,normal,BEN_6285,1605.58,PhonePe,@sbi,Peer_to_Peer,Mumbai,DEV_2255,Android,0,1,6,408.01,3.94,0,0,0
TX_UPI_103896,2026-08-02 14:57:55,14,CUST_1300,normal,BEN_2398,956.43,iMobile,@ybl,Grocery,Mumbai,DEV_2566,iOS,0,1,6,942.78,1.01,0,0,0
TX_UPI_103897,2026-08-02 10:36:43,10,CUST_1138,normal,BEN_5421,2609.98,GPay,@ybl,Utilities,Chennai,DEV_2268,iOS,0,1,6,967.41,2.7,0,0,0
TX_UPI_103898,2026-08-02 08:28:22,8,CUST_1582,normal,BEN_2333,797.47,Cred,@sbi,Grocery,Delhi_NCR,DEV_2567,iOS,0,1,1,928.9,0.86,0,0,0
TX_UPI_103899,2026-08-07 22:10:54,22,CUST_1596,normal,BEN_5427,213.93,iMobile,@okaxis,Travel,Chennai,DEV_2671,Android,1,1,4,730.55,0.29,0,0,0
TX_UPI_103900,2026-08-05 22:09:56,22,CUST_1366,normal,BEN_3261,1682.99,GPay,@okaxis,Grocery,Mumbai,DEV_1762,Android,1,1,5,681.31,2.47,0,0,0
TX_UPI_103901,2026-08-02 12:49:58,12,CUST_1227,normal,BEN_4861,2439.85,GPay,@upi,Peer_to_Peer,Delhi_NCR,DEV_2727,iOS,1,1,5,1259.93,1.94,0,0,0
TX_UPI_103902,2026-08-05 05:35:56,5,CUST_1482,normal,BEN_3212,593.07,Paytm,@ybl,Travel,Ahmedabad,DEV_2123,Android,0,1,5,1350.33,0.44,0,0,0
TX_UPI_103903,2026-08-05 10:38:06,10,CUST_1514,normal,BEN_2444,1121.11,GPay,@upi,Peer_to_Peer,Hyderabad,DEV_2896,Android,0,1,8,1090.58,1.03,0,0,0
TX_UPI_103904,2026-08-06 18:13:52,18,CUST_1137,normal,BEN_6437,2112.63,Paytm,@okaxis,Grocery,Bengaluru,DEV_2220,Android,1,1,4,1220.53,1.73,0,0,0
TX_UPI_103905,2026-08-05 14:52:20,14,CUST_1156,normal,BEN_4142,10.0,PhonePe,@upi,Travel,Mumbai,DEV_1075,iOS,0,1,4,903.61,0.01,0,0,0
TX_UPI_103906,2026-08-02 20:23:29,20,CUST_1589,suspicious,BEN_6766,12764.83,PhonePe,@paytm,Gaming_Betting,Pune,DEV_1689,iOS,1,1,31,24045.64,0.53,1,1,1
TX_UPI_103907,2026-08-05 07:04:51,7,CUST_1609,normal,BEN_3908,397.36,GPay,@ybl,Utilities,Kolkata,DEV_1461,iOS,0,1,3,767.89,0.52,0,0,0
TX_UPI_103908,2026-08-04 02:27:35,2,CUST_1447,normal,BEN_4353,2347.11,BHIM,@upi,Peer_to_Peer,Kolkata,DEV_1342,Android,0,1,2,1207.03,1.94,0,0,0
TX_UPI_103909,2026-08-04 08:49:34,8,CUST_1824,normal,BEN_6931,2284.89,Paytm,@paytm,Travel,Delhi_NCR,DEV_1602,Android,0,1,2,1207.69,1.89,0,0,0
TX_UPI_103910,2026-08-02 18:54:36,18,CUST_1375,normal,BEN_3226,375.93,Paytm,@icici,Peer_to_Peer,Ahmedabad,DEV_1768,Android,1,1,8,1304.73,0.29,0,0,0
TX_UPI_103911,2026-08-08 20:23:48,20,CUST_1193,normal,BEN_1889,1045.91,Paytm,@icici,Travel,Ahmedabad,DEV_1141,Android,0,1,2,1052.64,0.99,0,0,0
TX_UPI_103912,2026-08-02 02:46:29,2,CUST_1098,normal,BEN_2503,928.01,iMobile,@sbi,Utilities,Chennai,DEV_2662,iOS,1,1,7,785.87,1.18,1,0,0
TX_UPI_103913,2026-08-06 15:31:53,15,CUST_1625,normal,BEN_5192,1307.84,GPay,@sbi,Utilities,Kolkata,DEV_2087,Android,0,1,3,1051.82,1.24,0,0,0
TX_UPI_103914,2026-08-04 21:24:24,21,CUST_1269,mule,BEN_6021,32827.67,iMobile,@icici,Peer_to_Peer,Ahmedabad,DEV_2567,iOS,1,1,23,36738.4,0.89,0,1,1
TX_UPI_103915,2026-08-04 13:10:54,13,CUST_1165,normal,BEN_4150,1687.19,iMobile,@icici,Peer_to_Peer,Mumbai,DEV_1436,iOS,0,1,4,351.84,4.8,0,0,0
TX_UPI_103916,2026-08-07 09:47:27,9,CUST_1335,normal,BEN_4942,1439.84,GPay,@sbi,Grocery,Ahmedabad,DEV_2858,iOS,0,1,1,1235.12,1.17,0,0,0
TX_UPI_103917,2026-08-01 01:39:41,1,CUST_1556,normal,BEN_1880,2379.6,BHIM,@upi,Utilities,Pune,DEV_1221,iOS,0,1,2,1017.17,2.34,0,0,0
TX_UPI_103918,2026-08-06 00:12:56,0,CUST_1493,suspicious,BEN_2401,17211.6,GPay,@sbi,Jewelry,Delhi_NCR,DEV_1688,iOS,0,1,27,25713.15,0.67,1,1,1
TX_UPI_103919,2026-08-08 13:22:17,13,CUST_1810,normal,BEN_1604,2582.66,Paytm,@icici,Travel,Kolkata,DEV_1651,Android,0,1,4,1138.19,2.27,0,0,0
TX_UPI_103920,2026-08-03 04:45:30,4,CUST_1042,normal,BEN_2812,1254.57,Cred,@sbi,Travel,Hyderabad,DEV_1156,iOS,1,1,5,662.96,1.89,0,0,0
TX_UPI_103921,2026-08-02 07:33:33,7,CUST_1636,normal,BEN_1469,1268.28,BHIM,@ybl,Utilities,Pune,DEV_2347,Android,0,1,3,1254.1,1.01,0,1,0
TX_UPI_103922,2026-08-09 20:37:46,20,CUST_1790,normal,BEN_1748,1049.84,iMobile,@icici,Peer_to_Peer,Pune,DEV_1145,Android,0,1,1,1081.76,0.97,0,0,0
TX_UPI_103923,2026-08-06 13:57:25,13,CUST_1103,normal,BEN_1467,333.73,Cred,@paytm,Grocery,Kolkata,DEV_2210,iOS,0,1,1,1254.51,0.27,0,0,0
TX_UPI_103924,2026-08-10 17:35:16,17,CUST_1584,normal,BEN_3535,1663.25,PhonePe,@upi,Peer_to_Peer,Chennai,DEV_2004,Android,1,1,4,1392.7,1.19,0,0,0
TX_UPI_103925,2026-08-01 15:00:40,15,CUST_1001,suspicious,BEN_5207,16029.43,Cred,@sbi,Peer_to_Peer,Ahmedabad,DEV_1129,Android,1,1,6,24821.84,0.65,0,0,1
TX_UPI_103926,2026-08-01 20:46:52,20,CUST_1557,normal,BEN_3774,922.0,GPay,@upi,Grocery,Bengaluru,DEV_2078,Android,0,1,2,1060.84,0.87,0,0,0
TX_UPI_103927,2026-08-02 19:35:36,19,CUST_1768,normal,BEN_4242,710.72,PhonePe,@ybl,Travel,Bengaluru,DEV_2438,Android,0,1,1,974.12,0.73,0,0,0
TX_UPI_103928,2026-08-10 01:03:17,1,CUST_1036,normal,BEN_2605,290.9,GPay,@okaxis,Peer_to_Peer,Bengaluru,DEV_2159,iOS,0,1,4,922.55,0.32,0,0,0
TX_UPI_103929,2026-08-07 06:55:32,6,CUST_1488,normal,BEN_3497,2089.31,GPay,@okaxis,Utilities,Bengaluru,DEV_2257,iOS,0,1,7,1243.05,1.68,0,0,0
TX_UPI_103930,2026-08-07 18:42:59,18,CUST_1153,normal,BEN_4122,10.0,iMobile,@ybl,Travel,Chennai,DEV_2162,Android,0,1,7,1458.17,0.01,0,0,0
TX_UPI_103931,2026-08-05 16:28:23,16,CUST_1124,mule,BEN_4970,35375.81,BHIM,@upi,Electronics,Delhi_NCR,DEV_1128,Android,1,2,38,28189.95,1.25,0,1,1
TX_UPI_103932,2026-08-08 05:19:32,5,CUST_1399,normal,BEN_3256,10.0,Paytm,@paytm,Utilities,Mumbai,DEV_2446,Android,0,1,2,1495.03,0.01,0,0,0
TX_UPI_103933,2026-08-10 16:52:14,16,CUST_1269,mule,BEN_4822,5178.4,iMobile,@icici,Peer_to_Peer,Mumbai,DEV_2424,iOS,1,1,24,31704.86,0.16,0,1,0
TX_UPI_103934,2026-08-04 01:21:04,1,CUST_1666,normal,BEN_4070,789.62,PhonePe,@upi,Peer_to_Peer,Hyderabad,DEV_2976,Android,1,1,3,1097.34,0.72,0,0,0
TX_UPI_103935,2026-08-02 12:23:36,12,CUST_1702,normal,BEN_4281,750.27,PhonePe,@ybl,Utilities,Mumbai,DEV_1034,Android,0,1,1,1131.61,0.66,0,0,0
TX_UPI_103936,2026-08-07 08:37:45,8,CUST_1425,normal,BEN_5243,2058.69,BHIM,@upi,Peer_to_Peer,Ahmedabad,DEV_1629,iOS,0,1,5,885.66,2.32,0,0,0
TX_UPI_103937,2026-08-08 11:06:52,11,CUST_1063,normal,BEN_6717,199.02,GPay,@paytm,Peer_to_Peer,Kolkata,DEV_1064,Android,0,1,3,1456.27,0.14,0,0,0
TX_UPI_103938,2026-08-05 14:12:00,14,CUST_1032,normal,BEN_5996,1716.48,iMobile,@ybl,Peer_to_Peer,Kolkata,DEV_2729,iOS,0,1,5,1293.57,1.33,0,0,0
TX_UPI_103939,2026-08-06 00:53:07,0,CUST_1304,normal,BEN_5113,1536.61,Cred,@paytm,Peer_to_Peer,Pune,DEV_2306,iOS,0,1,4,1238.95,1.24,0,0,0
TX_UPI_103940,2026-08-02 10:22:51,10,CUST_1251,normal,BEN_2618,763.07,iMobile,@sbi,Utilities,Ahmedabad,DEV_1705,Android,0,1,1,1253.52,0.61,0,0,0
TX_UPI_103941,2026-08-06 15:13:33,15,CUST_1788,normal,BEN_4093,2190.19,PhonePe,@ybl,Travel,Delhi_NCR,DEV_2571,iOS,0,1,1,1277.26,1.71,0,0,0
TX_UPI_103942,2026-08-04 16:52:20,16,CUST_1786,normal,BEN_6144,2544.61,Cred,@paytm,Grocery,Kolkata,DEV_1701,iOS,1,1,3,883.68,2.88,0,1,0
TX_UPI_103943,2026-08-02 05:09:48,5,CUST_1307,normal,BEN_5615,1298.41,PhonePe,@upi,Utilities,Kolkata,DEV_2549,iOS,0,1,2,931.98,1.39,0,0,0
TX_UPI_103944,2026-08-03 14:38:46,14,CUST_1139,normal,BEN_3859,1546.55,PhonePe,@paytm,Peer_to_Peer,Chennai,DEV_1447,Android,0,1,1,733.46,2.11,0,0,0
TX_UPI_103945,2026-08-10 08:23:06,8,CUST_1495,normal,BEN_1043,1215.43,iMobile,@paytm,Grocery,Pune,DEV_2360,Android,0,1,3,1162.45,1.05,0,0,0
TX_UPI_103946,2026-08-03 19:47:46,19,CUST_1828,normal,BEN_6009,2700.18,iMobile,@upi,Grocery,Kolkata,DEV_2622,Android,0,1,4,1223.56,2.21,0,0,0
TX_UPI_103947,2026-08-02 01:57:56,1,CUST_1117,normal,BEN_2259,419.57,GPay,@paytm,Grocery,Bengaluru,DEV_2715,iOS,0,1,5,953.67,0.44,0,0,0
TX_UPI_103948,2026-08-07 14:50:49,14,CUST_1473,normal,BEN_1525,1257.14,iMobile,@upi,Grocery,Chennai,DEV_2181,Android,0,1,3,1327.91,0.95,0,0,0
TX_UPI_103949,2026-08-06 07:55:04,7,CUST_1760,normal,BEN_1315,152.02,Cred,@ybl,Travel,Bengaluru,DEV_1131,iOS,0,1,1,1028.78,0.15,0,0,0
TX_UPI_103950,2026-08-01 04:24:25,4,CUST_1036,normal,BEN_1115,1574.83,PhonePe,@upi,Peer_to_Peer,Ahmedabad,DEV_1283,Android,0,1,4,1375.73,1.14,0,0,0
TX_UPI_103951,2026-08-07 17:15:01,17,CUST_1008,normal,BEN_2619,1549.9,iMobile,@icici,Utilities,Delhi_NCR,DEV_2768,iOS,0,1,2,521.9,2.97,0,0,0
TX_UPI_103952,2026-08-02 05:15:37,5,CUST_1089,normal,BEN_3782,1010.15,Paytm,@ybl,Peer_to_Peer,Bengaluru,DEV_1939,Android,0,1,6,985.91,1.02,0,0,0
TX_UPI_103953,2026-08-04 08:29:03,8,CUST_1111,normal,BEN_5849,1222.66,Paytm,@ybl,Peer_to_Peer,Kolkata,DEV_1274,iOS,0,1,4,836.33,1.46,0,0,0
TX_UPI_103954,2026-08-04 09:55:51,9,CUST_1203,normal,BEN_5073,1698.59,Cred,@sbi,Travel,Hyderabad,DEV_1845,Android,0,1,7,1038.52,1.64,0,0,0
TX_UPI_103955,2026-08-01 14:53:14,14,CUST_1364,normal,BEN_5568,296.75,Cred,@paytm,Peer_to_Peer,Ahmedabad,DEV_1504,iOS,0,1,3,546.15,0.54,0,0,0
TX_UPI_103956,2026-08-02 23:10:01,23,CUST_1667,normal,BEN_3357,1469.52,Paytm,@paytm,Travel,Ahmedabad,DEV_1383,Android,0,1,4,1482.15,0.99,1,0,0
TX_UPI_103957,2026-08-01 06:12:45,6,CUST_1009,suspicious,BEN_4876,24508.09,GPay,@paytm,Gaming_Betting,Kolkata,DEV_1224,Android,1,1,21,20549.04,1.19,1,1,1
TX_UPI_103958,2026-08-06 08:12:47,8,CUST_1720,normal,BEN_2049,914.86,Cred,@icici,Utilities,Kolkata,DEV_2911,iOS,0,1,1,1033.25,0.89,0,0,0
TX_UPI_103959,2026-08-10 17:22:05,17,CUST_1247,normal,BEN_3837,955.75,iMobile,@okaxis,Utilities,Mumbai,DEV_2340,Android,0,1,4,930.34,1.03,0,0,0
TX_UPI_103960,2026-08-05 11:32:48,11,CUST_1409,normal,BEN_2787,1266.68,iMobile,@ybl,Peer_to_Peer,Ahmedabad,DEV_2368,iOS,0,1,3,1000.44,1.27,0,0,0
TX_UPI_103961,2026-08-02 11:49:48,11,CUST_1226,normal,BEN_3875,1264.29,GPay,@sbi,Peer_to_Peer,Bengaluru,DEV_1911,Android,0,1,4,1262.68,1.0,0,0,0
TX_UPI_103962,2026-08-04 13:37:44,13,CUST_1576,normal,BEN_3783,1103.49,iMobile,@ybl,Peer_to_Peer,Bengaluru,DEV_1177,iOS,0,1,3,1036.61,1.06,0,0,0
TX_UPI_103963,2026-08-01 19:56:03,19,CUST_1236,normal,BEN_6704,628.27,Paytm,@sbi,Travel,Hyderabad,DEV_2835,iOS,0,1,3,1567.48,0.4,0,0,0
TX_UPI_103964,2026-08-04 09:08:59,9,CUST_1551,normal,BEN_4964,469.86,PhonePe,@paytm,Utilities,Kolkata,DEV_2477,Android,0,1,3,987.0,0.48,0,0,0
TX_UPI_103965,2026-08-06 05:22:51,5,CUST_1084,normal,BEN_5370,1002.26,PhonePe,@okaxis,Peer_to_Peer,Delhi_NCR,DEV_2353,iOS,0,1,3,1147.02,0.87,0,0,0
TX_UPI_103966,2026-08-02 05:58:17,5,CUST_1322,normal,BEN_6677,10.0,PhonePe,@upi,Peer_to_Peer,Ahmedabad,DEV_1096,Android,0,1,6,1231.82,0.01,0,0,0
TX_UPI_103967,2026-08-08 04:39:38,4,CUST_1106,normal,BEN_4242,205.7,iMobile,@sbi,Travel,Delhi_NCR,DEV_2977,iOS,0,1,1,845.5,0.24,0,0,0
TX_UPI_103968,2026-08-03 20:54:24,20,CUST_1210,normal,BEN_6220,1005.87,GPay,@okaxis,Utilities,Bengaluru,DEV_1781,iOS,0,1,9,1210.38,0.83,0,0,0
TX_UPI_103969,2026-08-01 12:01:33,12,CUST_1402,normal,BEN_4349,10.0,iMobile,@sbi,Travel,Mumbai,DEV_2536,Android,0,1,2,1067.23,0.01,0,0,0
TX_UPI_103970,2026-08-02 18:07:18,18,CUST_1608,normal,BEN_1764,1402.95,iMobile,@okaxis,Utilities,Kolkata,DEV_1817,iOS,0,1,1,1047.6,1.34,0,0,0
TX_UPI_103971,2026-08-07 06:10:04,6,CUST_1448,normal,BEN_3632,625.89,GPay,@sbi,Peer_to_Peer,Pune,DEV_2395,iOS,0,1,1,1142.3,0.55,0,1,0
TX_UPI_103972,2026-08-10 11:56:17,11,CUST_1345,normal,BEN_3383,1819.1,iMobile,@upi,Travel,Ahmedabad,DEV_2884,iOS,0,1,5,1217.85,1.49,0,0,0
TX_UPI_103973,2026-08-07 02:03:03,2,CUST_1215,normal,BEN_2433,802.1,GPay,@upi,Peer_to_Peer,Hyderabad,DEV_2551,Android,0,1,5,1154.17,0.69,0,0,0
TX_UPI_103974,2026-08-05 00:51:10,0,CUST_1467,normal,BEN_1456,1307.15,iMobile,@paytm,Grocery,Ahmedabad,DEV_1827,iOS,1,1,2,960.75,1.36,0,0,0
TX_UPI_103975,2026-08-05 15:12:17,15,CUST_1437,normal,BEN_5223,1259.11,BHIM,@okaxis,Peer_to_Peer,Kolkata,DEV_1039,iOS,0,1,8,1152.3,1.09,0,0,0
TX_UPI_103976,2026-08-05 23:21:01,23,CUST_1381,normal,BEN_3086,711.05,Paytm,@sbi,Utilities,Hyderabad,DEV_1789,Android,0,1,2,961.98,0.74,0,0,0
TX_UPI_103977,2026-08-01 04:04:40,4,CUST_1690,normal,BEN_2723,2941.83,Paytm,@ybl,Grocery,Kolkata,DEV_2054,iOS,0,1,3,1297.65,2.27,0,1,0
TX_UPI_103978,2026-08-09 07:55:40,7,CUST_1159,normal,BEN_6178,899.26,GPay,@icici,Utilities,Ahmedabad,DEV_1793,Android,0,1,4,1270.02,0.71,0,0,0
TX_UPI_103979,2026-08-07 20:58:17,20,CUST_1097,normal,BEN_6000,742.48,Cred,@icici,Grocery,Hyderabad,DEV_2952,Android,0,1,2,1478.13,0.5,0,0,0
TX_UPI_103980,2026-08-07 08:50:22,8,CUST_1075,normal,BEN_1065,1987.67,BHIM,@sbi,Travel,Chennai,DEV_1862,iOS,1,1,5,1268.95,1.57,0,0,0
TX_UPI_103981,2026-08-02 12:44:28,12,CUST_1421,normal,BEN_6620,1567.66,PhonePe,@paytm,Peer_to_Peer,Bengaluru,DEV_1263,iOS,0,1,8,1090.54,1.44,0,0,0
TX_UPI_103982,2026-08-05 02:09:25,2,CUST_1812,normal,BEN_1636,1661.81,iMobile,@okaxis,Travel,Ahmedabad,DEV_1411,iOS,0,1,1,882.01,1.88,0,0,0
TX_UPI_103983,2026-08-02 09:42:22,9,CUST_1245,normal,BEN_2493,239.34,Paytm,@ybl,Peer_to_Peer,Ahmedabad,DEV_2638,iOS,0,1,6,467.39,0.51,0,0,0
TX_UPI_103984,2026-08-01 18:14:10,18,CUST_1095,normal,BEN_4472,878.15,Cred,@ybl,Peer_to_Peer,Chennai,DEV_2543,iOS,0,1,1,880.49,1.0,0,0,0
TX_UPI_103985,2026-08-02 03:51:24,3,CUST_1785,normal,BEN_5382,807.24,Paytm,@paytm,Utilities,Hyderabad,DEV_1352,iOS,0,1,6,1175.19,0.69,0,0,0
TX_UPI_103986,2026-08-01 06:50:33,6,CUST_1192,normal,BEN_4878,533.49,PhonePe,@paytm,Peer_to_Peer,Kolkata,DEV_2461,Android,0,1,6,1084.28,0.49,0,0,0
TX_UPI_103987,2026-08-04 15:49:29,15,CUST_1661,normal,BEN_6806,1230.05,iMobile,@paytm,Peer_to_Peer,Kolkata,DEV_1623,iOS,0,1,1,842.4,1.46,0,0,0
TX_UPI_103988,2026-08-07 18:26:56,18,CUST_1675,normal,BEN_3670,539.92,PhonePe,@okaxis,Grocery,Delhi_NCR,DEV_2854,iOS,0,1,4,1098.69,0.49,0,0,0
TX_UPI_103989,2026-08-05 06:20:28,6,CUST_1059,normal,BEN_3542,2435.27,PhonePe,@okaxis,Peer_to_Peer,Chennai,DEV_1425,Android,0,1,4,430.18,5.66,0,0,0
TX_UPI_103990,2026-08-06 01:47:13,1,CUST_1634,normal,BEN_3183,1410.11,Cred,@upi,Utilities,Hyderabad,DEV_2616,iOS,0,1,1,848.17,1.66,0,0,0
TX_UPI_103991,2026-08-03 21:25:32,21,CUST_1656,normal,BEN_1714,550.26,Cred,@sbi,Peer_to_Peer,Hyderabad,DEV_2769,iOS,0,1,2,749.96,0.73,0,0,0
TX_UPI_103992,2026-08-05 15:23:40,15,CUST_1375,normal,BEN_5086,1362.79,BHIM,@ybl,Peer_to_Peer,Mumbai,DEV_2675,iOS,0,1,1,1165.6,1.17,0,0,0
TX_UPI_103993,2026-08-09 06:05:36,6,CUST_1498,normal,BEN_6600,2989.58,BHIM,@paytm,Grocery,Pune,DEV_1068,Android,0,1,1,1011.72,2.95,0,0,0
TX_UPI_103994,2026-08-09 13:14:01,13,CUST_1056,normal,BEN_3011,10.0,GPay,@ybl,Grocery,Pune,DEV_2274,Android,0,1,3,1234.25,0.01,0,0,0
TX_UPI_103995,2026-08-06 21:26:58,21,CUST_1202,normal,BEN_1653,1776.51,iMobile,@sbi,Travel,Delhi_NCR,DEV_1432,Android,0,1,4,1293.42,1.37,0,0,0
TX_UPI_103996,2026-08-07 02:05:23,2,CUST_1273,normal,BEN_5498,3236.84,BHIM,@icici,Peer_to_Peer,Ahmedabad,DEV_2077,iOS,0,1,7,954.59,3.39,0,0,0
TX_UPI_103997,2026-08-05 07:33:08,7,CUST_1476,normal,BEN_3394,39.12,iMobile,@icici,Travel,Ahmedabad,DEV_1202,Android,1,1,3,852.72,0.05,0,0,0
TX_UPI_103998,2026-08-08 20:32:29,20,CUST_1626,normal,BEN_6879,1561.08,GPay,@upi,Utilities,Delhi_NCR,DEV_2307,Android,0,1,1,1062.52,1.47,1,0,0
TX_UPI_103999,2026-08-10 05:55:36,5,CUST_1505,normal,BEN_4486,1870.41,iMobile,@icici,Utilities,Kolkata,DEV_2065,iOS,0,1,3,852.88,2.19,0,0,0
TX_UPI_104000,2026-08-03 18:41:39,18,CUST_1191,normal,BEN_3595,2139.85,BHIM,@paytm,Grocery,Mumbai,DEV_1101,Android,0,1,1,1001.33,2.14,0,0,0
TX_UPI_104001,2026-08-05 22:32:54,22,CUST_1382,normal,BEN_5610,1166.67,GPay,@ybl,Peer_to_Peer,Hyderabad,DEV_1364,iOS,0,1,4,1123.32,1.04,0,0,0
TX_UPI_104002,2026-08-01 20:34:47,20,CUST_1031,normal,BEN_3465,1688.35,Cred,@paytm,Peer_to_Peer,Delhi_NCR,DEV_1110,iOS,0,1,3,991.67,1.7,0,0,0
TX_UPI_104003,2026-08-09 10:21:42,10,CUST_1769,normal,BEN_2247,873.93,Cred,@upi,Travel,Kolkata,DEV_1771,iOS,0,1,2,1269.01,0.69,0,0,0
TX_UPI_104004,2026-08-01 19:52:40,19,CUST_1287,normal,BEN_2616,682.78,iMobile,@ybl,Travel,Bengaluru,DEV_2517,iOS,0,1,5,1084.56,0.63,0,0,0
TX_UPI_104005,2026-08-08 18:38:07,18,CUST_1590,normal,BEN_1543,783.0,Cred,@sbi,Travel,Chennai,DEV_2904,Android,0,1,5,905.41,0.86,0,0,0
TX_UPI_104006,2026-08-01 12:23:31,12,CUST_1319,normal,BEN_6549,1710.55,GPay,@okaxis,Utilities,Delhi_NCR,DEV_1212,iOS,0,1,4,936.88,1.83,0,0,0
TX_UPI_104007,2026-08-09 18:32:27,18,CUST_1254,normal,BEN_6189,1622.91,PhonePe,@okaxis,Peer_to_Peer,Hyderabad,DEV_2673,iOS,1,1,5,1357.8,1.2,0,0,0
TX_UPI_104008,2026-08-05 18:37:24,18,CUST_1166,normal,BEN_2155,1972.92,GPay,@upi,Grocery,Ahmedabad,DEV_2490,iOS,0,1,4,809.38,2.44,0,1,0
TX_UPI_104009,2026-08-07 00:23:30,0,CUST_1273,normal,BEN_1711,3158.87,Cred,@ybl,Peer_to_Peer,Bengaluru,DEV_2829,iOS,0,1,1,1307.82,2.42,0,0,0
TX_UPI_104010,2026-08-06 02:52:01,2,CUST_1241,normal,BEN_1494,1545.03,GPay,@ybl,Grocery,Delhi_NCR,DEV_2407,iOS,0,1,1,1050.17,1.47,0,0,0
TX_UPI_104011,2026-08-06 02:15:35,2,CUST_1715,normal,BEN_4247,1137.0,iMobile,@sbi,Peer_to_Peer,Chennai,DEV_2249,Android,0,1,6,908.81,1.25,0,0,0
TX_UPI_104012,2026-08-09 09:00:42,9,CUST_1544,normal,BEN_2754,990.44,iMobile,@upi,Peer_to_Peer,Kolkata,DEV_2711,Android,0,1,1,1496.34,0.66,0,0,0
TX_UPI_104013,2026-08-01 19:10:32,19,CUST_1589,suspicious,BEN_4110,8731.57,Cred,@icici,Peer_to_Peer,Hyderabad,DEV_2008,Android,1,1,20,24652.4,0.35,0,0,1
TX_UPI_104014,2026-08-01 00:25:14,0,CUST_1130,normal,BEN_2317,1121.6,PhonePe,@sbi,Travel,Ahmedabad,DEV_2586,iOS,0,1,5,1481.1,0.76,0,0,0
TX_UPI_104015,2026-08-01 00:01:21,0,CUST_1716,normal,BEN_3349,1401.19,GPay,@ybl,Grocery,Ahmedabad,DEV_1860,Android,0,1,5,1158.93,1.21,0,0,0
TX_UPI_104016,2026-08-07 13:26:11,13,CUST_1424,normal,BEN_3226,2014.03,Cred,@sbi,Utilities,Pune,DEV_2427,iOS,0,1,3,1338.09,1.51,0,0,0
TX_UPI_104017,2026-08-07 17:02:46,17,CUST_1412,normal,BEN_4006,2088.4,Cred,@upi,Travel,Mumbai,DEV_1963,Android,0,1,6,921.56,2.27,0,0,0
TX_UPI_104018,2026-08-09 13:23:47,13,CUST_1710,normal,BEN_2174,1065.33,BHIM,@paytm,Grocery,Hyderabad,DEV_2187,Android,0,1,4,751.0,1.42,0,1,0
TX_UPI_104019,2026-08-02 19:43:06,19,CUST_1177,normal,BEN_1622,2475.94,Paytm,@upi,Travel,Chennai,DEV_1529,Android,0,1,3,1148.14,2.16,0,0,0
TX_UPI_104020,2026-08-01 00:52:50,0,CUST_1585,normal,BEN_1803,738.4,Paytm,@paytm,Utilities,Chennai,DEV_1475,iOS,0,1,1,935.03,0.79,0,0,0
TX_UPI_104021,2026-08-08 23:33:56,23,CUST_1259,normal,BEN_5550,1375.36,BHIM,@upi,Grocery,Kolkata,DEV_1412,Android,0,1,5,1118.83,1.23,0,0,0
TX_UPI_104022,2026-08-02 18:05:06,18,CUST_1261,normal,BEN_6152,1477.38,Paytm,@icici,Peer_to_Peer,Kolkata,DEV_1231,iOS,0,1,3,1199.1,1.23,0,0,0
TX_UPI_104023,2026-08-08 23:40:02,23,CUST_1774,normal,BEN_2603,2386.27,iMobile,@ybl,Utilities,Hyderabad,DEV_2035,Android,0,1,5,1274.29,1.87,0,0,0
TX_UPI_104024,2026-08-10 15:59:16,15,CUST_1408,normal,BEN_2005,1435.21,Cred,@icici,Grocery,Delhi_NCR,DEV_2050,iOS,0,1,1,829.28,1.73,0,0,0
TX_UPI_104025,2026-08-05 14:21:38,14,CUST_1356,normal,BEN_1304,1563.9,PhonePe,@sbi,Utilities,Delhi_NCR,DEV_1681,Android,0,1,3,1185.56,1.32,0,0,0
TX_UPI_104026,2026-08-06 22:51:54,22,CUST_1238,normal,BEN_5749,2541.14,iMobile,@sbi,Peer_to_Peer,Chennai,DEV_1233,Android,1,1,5,1382.13,1.84,0,0,0
TX_UPI_104027,2026-08-03 09:22:18,9,CUST_1213,normal,BEN_4232,1275.75,Paytm,@ybl,Peer_to_Peer,Chennai,DEV_2108,Android,0,1,2,1066.11,1.2,0,0,0
TX_UPI_104028,2026-08-02 01:40:59,1,CUST_1057,normal,BEN_4639,556.2,BHIM,@upi,Utilities,Ahmedabad,DEV_2517,iOS,0,1,7,1269.69,0.44,0,0,0
TX_UPI_104029,2026-08-06 20:26:11,20,CUST_1077,normal,BEN_5720,1616.41,Cred,@okaxis,Utilities,Mumbai,DEV_2335,iOS,0,1,6,595.19,2.72,0,0,0
TX_UPI_104030,2026-08-05 09:18:33,9,CUST_1220,normal,BEN_4477,1670.51,iMobile,@upi,Utilities,Pune,DEV_2369,Android,0,1,1,1078.26,1.55,0,0,0
TX_UPI_104031,2026-08-04 09:27:19,9,CUST_1569,normal,BEN_3868,950.63,iMobile,@upi,Peer_to_Peer,Ahmedabad,DEV_1797,Android,0,1,5,1134.76,0.84,0,0,0
TX_UPI_104032,2026-08-01 23:36:39,23,CUST_1216,normal,BEN_2951,2276.09,PhonePe,@icici,Utilities,Pune,DEV_1819,Android,0,1,2,1250.19,1.82,0,0,0
TX_UPI_104033,2026-08-05 05:25:56,5,CUST_1487,normal,BEN_4809,1329.78,PhonePe,@upi,Travel,Chennai,DEV_1023,Android,0,1,1,859.53,1.55,0,0,0
TX_UPI_104034,2026-08-10 14:42:36,14,CUST_1008,normal,BEN_6625,1080.1,GPay,@icici,Travel,Kolkata,DEV_2841,iOS,0,1,6,1191.29,0.91,0,0,0
TX_UPI_104035,2026-08-04 23:10:04,23,CUST_1066,normal,BEN_4827,266.0,Paytm,@icici,Utilities,Mumbai,DEV_2030,iOS,0,1,3,1564.27,0.17,0,0,0
TX_UPI_104036,2026-08-10 15:31:00,15,CUST_1329,normal,BEN_6863,1288.98,PhonePe,@upi,Peer_to_Peer,Pune,DEV_1205,iOS,0,1,3,1198.02,1.08,0,0,0
TX_UPI_104037,2026-08-02 19:32:40,19,CUST_1164,normal,BEN_4103,1810.71,PhonePe,@sbi,Utilities,Kolkata,DEV_2782,iOS,1,1,3,1200.62,1.51,0,0,0
TX_UPI_104038,2026-08-01 03:03:06,3,CUST_1151,normal,BEN_3976,936.89,BHIM,@okaxis,Peer_to_Peer,Delhi_NCR,DEV_2587,iOS,0,1,5,1120.73,0.84,0,0,0
TX_UPI_104039,2026-08-09 09:48:48,9,CUST_1447,normal,BEN_3614,1585.57,iMobile,@icici,Grocery,Hyderabad,DEV_2837,Android,0,1,2,882.89,1.8,0,0,0
TX_UPI_104040,2026-08-06 06:39:20,6,CUST_1528,suspicious,BEN_1052,45018.95,GPay,@ybl,Gaming_Betting,Mumbai,DEV_1700,iOS,1,1,17,26739.19,1.68,0,0,1
TX_UPI_104041,2026-08-05 10:35:24,10,CUST_1542,normal,BEN_2176,954.88,Paytm,@icici,Utilities,Hyderabad,DEV_2771,Android,0,1,5,934.13,1.02,0,0,0
TX_UPI_104042,2026-08-02 13:02:26,13,CUST_1098,normal,BEN_1687,1091.52,Paytm,@sbi,Grocery,Pune,DEV_2570,iOS,0,1,5,1361.51,0.8,0,0,0
TX_UPI_104043,2026-08-05 21:05:55,21,CUST_1577,normal,BEN_5518,780.99,Cred,@ybl,Peer_to_Peer,Hyderabad,DEV_1488,Android,0,1,7,1155.18,0.68,0,0,0
TX_UPI_104044,2026-08-09 22:57:37,22,CUST_1675,normal,BEN_4533,365.66,iMobile,@upi,Grocery,Chennai,DEV_1026,Android,0,1,4,988.08,0.37,0,0,0
TX_UPI_104045,2026-08-07 07:08:21,7,CUST_1496,normal,BEN_2562,1547.25,Paytm,@okaxis,Utilities,Bengaluru,DEV_1928,Android,0,1,3,1097.83,1.41,0,0,0
TX_UPI_104046,2026-08-04 19:27:01,19,CUST_1135,normal,BEN_5720,470.73,Cred,@upi,Travel,Kolkata,DEV_2034,Android,0,1,5,802.53,0.59,0,0,0
TX_UPI_104047,2026-08-02 18:05:27,18,CUST_1076,normal,BEN_1427,312.99,Cred,@paytm,Peer_to_Peer,Mumbai,DEV_1785,iOS,0,1,4,1464.68,0.21,0,0,0
TX_UPI_104048,2026-08-09 12:22:59,12,CUST_1747,normal,BEN_6023,917.93,Cred,@paytm,Grocery,Kolkata,DEV_1539,iOS,1,1,5,1337.6,0.69,0,0,0
TX_UPI_104049,2026-08-03 22:25:58,22,CUST_1556,normal,BEN_6097,1851.75,BHIM,@paytm,Travel,Pune,DEV_1142,iOS,0,1,3,818.15,2.26,0,0,0
TX_UPI_104050,2026-08-06 13:12:55,13,CUST_1313,normal,BEN_4117,10.0,Cred,@upi,Travel,Mumbai,DEV_1817,iOS,1,1,3,1362.74,0.01,0,0,0
TX_UPI_104051,2026-08-01 01:58:28,1,CUST_1598,suspicious,BEN_1885,7765.01,iMobile,@paytm,Jewelry,Pune,DEV_2785,iOS,0,1,23,20069.18,0.39,1,0,1
TX_UPI_104052,2026-08-01 15:19:51,15,CUST_1427,mule,BEN_1452,37121.45,BHIM,@sbi,Peer_to_Peer,Chennai,DEV_1886,iOS,1,2,32,27543.03,1.35,1,1,1
TX_UPI_104053,2026-08-05 09:05:00,9,CUST_1659,normal,BEN_4970,1336.39,Paytm,@sbi,Utilities,Ahmedabad,DEV_1675,iOS,0,1,3,1249.24,1.07,0,0,0
TX_UPI_104054,2026-08-08 07:17:55,7,CUST_1315,normal,BEN_5644,1388.25,BHIM,@paytm,Grocery,Hyderabad,DEV_1311,iOS,1,1,4,1454.0,0.95,0,0,0
TX_UPI_104055,2026-08-10 07:23:55,7,CUST_1794,normal,BEN_2021,1729.84,Cred,@sbi,Grocery,Kolkata,DEV_2213,Android,0,1,2,1059.39,1.63,0,0,0
TX_UPI_104056,2026-08-10 08:04:19,8,CUST_1315,normal,BEN_1825,1139.28,PhonePe,@paytm,Peer_to_Peer,Hyderabad,DEV_1165,Android,0,1,4,1685.88,0.68,0,0,0
TX_UPI_104057,2026-08-02 14:55:50,14,CUST_1240,normal,BEN_2795,1496.68,BHIM,@upi,Utilities,Hyderabad,DEV_2603,Android,0,1,1,949.73,1.58,1,0,0
TX_UPI_104058,2026-08-04 04:39:17,4,CUST_1378,normal,BEN_3528,10.0,PhonePe,@ybl,Peer_to_Peer,Ahmedabad,DEV_1424,Android,0,1,3,603.05,0.02,0,0,0
TX_UPI_104059,2026-08-02 20:41:01,20,CUST_1822,normal,BEN_5525,502.73,Paytm,@upi,Travel,Chennai,DEV_2975,iOS,0,1,1,1172.2,0.43,0,0,0
TX_UPI_104060,2026-08-01 11:51:54,11,CUST_1032,normal,BEN_6730,1200.43,GPay,@sbi,Grocery,Chennai,DEV_2885,iOS,0,1,4,1054.91,1.14,0,0,0
TX_UPI_104061,2026-08-04 19:27:02,19,CUST_1276,normal,BEN_1872,84.56,PhonePe,@sbi,Travel,Chennai,DEV_2106,iOS,1,1,5,1541.33,0.05,0,0,0
TX_UPI_104062,2026-08-09 18:52:37,18,CUST_1109,normal,BEN_6198,1527.37,Paytm,@icici,Peer_to_Peer,Bengaluru,DEV_2371,iOS,0,1,3,737.26,2.07,0,0,0
TX_UPI_104063,2026-08-08 05:46:43,5,CUST_1673,normal,BEN_1763,473.55,Cred,@paytm,Utilities,Pune,DEV_1930,Android,0,1,4,1337.55,0.35,0,0,0
TX_UPI_104064,2026-08-05 17:51:16,17,CUST_1438,normal,BEN_3569,1408.69,Cred,@icici,Utilities,Chennai,DEV_2754,iOS,0,1,5,1249.84,1.13,0,0,0
TX_UPI_104065,2026-08-10 17:47:43,17,CUST_1508,normal,BEN_5911,1605.23,BHIM,@upi,Utilities,Chennai,DEV_2266,iOS,0,1,2,1121.74,1.43,0,0,0
TX_UPI_104066,2026-08-10 17:37:52,17,CUST_1574,normal,BEN_4514,521.3,GPay,@upi,Peer_to_Peer,Delhi_NCR,DEV_1780,Android,0,1,4,1159.41,0.45,0,0,0
TX_UPI_104067,2026-08-05 16:07:05,16,CUST_1164,normal,BEN_6835,2543.03,Cred,@icici,Utilities,Hyderabad,DEV_1446,iOS,0,1,1,1195.56,2.13,0,0,0
TX_UPI_104068,2026-08-05 09:04:52,9,CUST_1084,normal,BEN_4530,2384.99,iMobile,@ybl,Peer_to_Peer,Bengaluru,DEV_1707,Android,1,1,5,1279.91,1.86,0,1,0
TX_UPI_104069,2026-08-06 18:18:06,18,CUST_1192,normal,BEN_2399,1670.16,Paytm,@paytm,Grocery,Ahmedabad,DEV_1912,Android,0,1,6,819.01,2.04,0,0,0
TX_UPI_104070,2026-08-05 14:45:35,14,CUST_1077,normal,BEN_2393,91.26,Cred,@sbi,Travel,Kolkata,DEV_2804,Android,0,1,3,561.32,0.16,0,0,0
TX_UPI_104071,2026-08-02 10:59:15,10,CUST_1220,normal,BEN_1123,2184.52,iMobile,@sbi,Utilities,Chennai,DEV_1623,iOS,0,1,6,976.0,2.24,0,0,0
TX_UPI_104072,2026-08-02 20:07:20,20,CUST_1588,normal,BEN_4336,903.38,iMobile,@upi,Peer_to_Peer,Bengaluru,DEV_1711,iOS,0,1,3,1092.48,0.83,0,0,0
TX_UPI_104073,2026-08-03 22:45:15,22,CUST_1758,normal,BEN_1707,1301.74,Paytm,@paytm,Utilities,Delhi_NCR,DEV_1254,iOS,0,1,5,1038.57,1.25,0,0,0
TX_UPI_104074,2026-08-05 11:31:00,11,CUST_1132,normal,BEN_3057,1954.55,Cred,@upi,Peer_to_Peer,Hyderabad,DEV_2120,iOS,0,1,4,934.33,2.09,0,0,0
TX_UPI_104075,2026-08-08 21:21:02,21,CUST_1683,normal,BEN_3665,2268.09,BHIM,@paytm,Utilities,Bengaluru,DEV_1626,iOS,0,1,1,1057.88,2.14,0,0,0
TX_UPI_104076,2026-08-10 22:33:01,22,CUST_1368,mule,BEN_6514,54338.35,BHIM,@icici,Electronics,Bengaluru,DEV_1891,iOS,1,1,17,33357.33,1.63,1,1,1
TX_UPI_104077,2026-08-06 18:24:12,18,CUST_1435,normal,BEN_3188,1634.67,Cred,@paytm,Peer_to_Peer,Mumbai,DEV_1412,Android,0,1,2,1062.61,1.54,0,0,0
TX_UPI_104078,2026-08-05 13:02:02,13,CUST_1493,suspicious,BEN_3552,25182.93,iMobile,@okaxis,Electronics,Pune,DEV_1208,iOS,1,1,13,37629.04,0.67,1,0,1
TX_UPI_104079,2026-08-10 09:40:39,9,CUST_1193,normal,BEN_1297,589.51,Cred,@upi,Grocery,Hyderabad,DEV_2124,iOS,0,1,6,985.73,0.6,0,0,0
TX_UPI_104080,2026-08-07 06:43:16,6,CUST_1050,normal,BEN_5430,330.69,Cred,@paytm,Utilities,Hyderabad,DEV_1783,Android,0,1,4,1235.78,0.27,0,0,0
TX_UPI_104081,2026-08-01 06:45:23,6,CUST_1608,normal,BEN_3553,1936.41,Cred,@okaxis,Grocery,Ahmedabad,DEV_2613,Android,0,1,7,1786.86,1.08,0,1,0
TX_UPI_104082,2026-08-05 14:00:05,14,CUST_1687,normal,BEN_5998,1400.41,GPay,@paytm,Utilities,Chennai,DEV_2380,Android,0,1,2,1188.69,1.18,0,0,0
TX_UPI_104083,2026-08-03 03:39:25,3,CUST_1504,suspicious,BEN_4743,23208.17,iMobile,@upi,Electronics,Hyderabad,DEV_2654,Android,1,1,25,18195.31,1.28,1,0,1
TX_UPI_104084,2026-08-03 12:27:02,12,CUST_1149,normal,BEN_1393,3094.67,iMobile,@upi,Utilities,Mumbai,DEV_2198,iOS,0,1,5,675.84,4.58,0,0,0
TX_UPI_104085,2026-08-08 23:20:10,23,CUST_1374,normal,BEN_3817,632.78,Paytm,@icici,Travel,Hyderabad,DEV_2977,Android,0,1,5,1362.32,0.46,0,0,0
TX_UPI_104086,2026-08-02 04:07:19,4,CUST_1199,normal,BEN_2188,182.21,iMobile,@sbi,Peer_to_Peer,Chennai,DEV_1606,iOS,0,1,5,612.64,0.3,0,0,0
TX_UPI_104087,2026-08-04 02:20:58,2,CUST_1011,normal,BEN_6727,1128.53,iMobile,@paytm,Grocery,Bengaluru,DEV_2340,iOS,0,1,6,947.64,1.19,0,0,0
TX_UPI_104088,2026-08-02 01:55:42,1,CUST_1718,normal,BEN_6875,10.0,PhonePe,@upi,Travel,Chennai,DEV_1635,iOS,0,1,4,934.87,0.01,0,0,0
TX_UPI_104089,2026-08-03 02:29:14,2,CUST_1438,normal,BEN_6291,1703.65,GPay,@okaxis,Travel,Kolkata,DEV_2105,Android,0,1,2,894.57,1.9,0,0,0
TX_UPI_104090,2026-08-08 09:26:49,9,CUST_1630,normal,BEN_5606,10.0,PhonePe,@icici,Peer_to_Peer,Chennai,DEV_1752,iOS,0,1,4,1041.38,0.01,0,0,0
TX_UPI_104091,2026-08-08 05:44:21,5,CUST_1277,normal,BEN_4000,249.29,Cred,@upi,Travel,Ahmedabad,DEV_1815,iOS,0,1,4,1326.5,0.19,0,0,0
TX_UPI_104092,2026-08-03 10:47:32,10,CUST_1548,normal,BEN_3843,1027.55,PhonePe,@upi,Utilities,Ahmedabad,DEV_1867,iOS,1,1,4,1145.59,0.9,0,1,0
TX_UPI_104093,2026-08-01 20:47:34,20,CUST_1251,normal,BEN_2722,236.54,PhonePe,@sbi,Travel,Ahmedabad,DEV_2609,iOS,0,1,8,967.0,0.24,0,0,0
TX_UPI_104094,2026-08-03 14:28:20,14,CUST_1811,normal,BEN_5619,1724.89,Paytm,@paytm,Utilities,Chennai,DEV_1590,iOS,0,1,5,1046.5,1.65,0,0,0
TX_UPI_104095,2026-08-02 13:02:53,13,CUST_1370,normal,BEN_6105,1685.44,PhonePe,@paytm,Travel,Pune,DEV_1073,Android,0,1,4,739.77,2.28,0,0,0
TX_UPI_104096,2026-08-01 18:39:37,18,CUST_1360,normal,BEN_4111,934.18,GPay,@upi,Utilities,Hyderabad,DEV_2617,iOS,0,1,2,969.18,0.96,0,0,0
TX_UPI_104097,2026-08-04 02:29:39,2,CUST_1481,mule,BEN_1863,8919.94,GPay,@paytm,Peer_to_Peer,Ahmedabad,DEV_1850,iOS,1,2,36,41111.96,0.22,0,1,1
TX_UPI_104098,2026-08-02 23:17:00,23,CUST_1183,normal,BEN_3770,1982.4,GPay,@sbi,Utilities,Delhi_NCR,DEV_2192,Android,1,1,6,997.29,1.99,0,0,0
TX_UPI_104099,2026-08-02 20:38:58,20,CUST_1568,normal,BEN_2036,690.99,Paytm,@paytm,Utilities,Bengaluru,DEV_2999,iOS,0,1,2,1234.58,0.56,0,0,0
TX_UPI_104100,2026-08-04 04:55:10,4,CUST_1327,normal,BEN_1297,1381.65,PhonePe,@upi,Peer_to_Peer,Bengaluru,DEV_2323,iOS,0,1,3,1390.84,0.99,0,0,0
TX_UPI_104101,2026-08-07 01:38:51,1,CUST_1829,normal,BEN_5960,1523.95,GPay,@okaxis,Utilities,Bengaluru,DEV_2559,iOS,0,1,2,916.58,1.66,0,0,0
TX_UPI_104102,2026-08-05 18:32:26,18,CUST_1194,normal,BEN_6574,1745.59,Paytm,@paytm,Utilities,Pune,DEV_2250,iOS,0,1,6,1212.4,1.44,0,0,0
TX_UPI_104103,2026-08-05 03:23:20,3,CUST_1455,normal,BEN_2640,2717.51,GPay,@icici,Peer_to_Peer,Ahmedabad,DEV_1360,Android,1,1,7,1185.85,2.29,0,0,0
TX_UPI_104104,2026-08-07 18:52:29,18,CUST_1747,normal,BEN_2492,529.14,BHIM,@upi,Utilities,Delhi_NCR,DEV_1013,iOS,0,1,1,987.03,0.54,0,0,0
TX_UPI_104105,2026-08-08 10:14:44,10,CUST_1778,normal,BEN_6933,1802.57,Cred,@icici,Peer_to_Peer,Kolkata,DEV_2228,Android,0,1,7,1180.19,1.53,0,0,0
TX_UPI_104106,2026-08-08 08:42:54,8,CUST_1579,normal,BEN_6141,2134.98,PhonePe,@sbi,Travel,Bengaluru,DEV_2816,Android,0,1,3,1229.46,1.74,0,0,0
TX_UPI_104107,2026-08-03 02:29:04,2,CUST_1240,normal,BEN_3368,1858.69,iMobile,@okaxis,Peer_to_Peer,Mumbai,DEV_1290,Android,0,1,1,980.77,1.9,0,0,0
TX_UPI_104108,2026-08-06 11:58:11,11,CUST_1215,normal,BEN_4879,1959.76,Paytm,@ybl,Peer_to_Peer,Hyderabad,DEV_2801,Android,0,1,4,792.84,2.47,0,0,0
TX_UPI_104109,2026-08-07 02:06:29,2,CUST_1443,normal,BEN_1728,10.0,Cred,@paytm,Peer_to_Peer,Pune,DEV_1142,Android,0,1,3,1062.82,0.01,0,0,0
TX_UPI_104110,2026-08-10 03:46:17,3,CUST_1086,normal,BEN_6026,492.86,Paytm,@sbi,Utilities,Pune,DEV_1423,iOS,0,1,4,1201.53,0.41,0,0,0
TX_UPI_104111,2026-08-05 03:00:24,3,CUST_1362,normal,BEN_2678,1736.55,BHIM,@upi,Peer_to_Peer,Bengaluru,DEV_2909,Android,0,1,1,764.57,2.27,0,0,0
TX_UPI_104112,2026-08-08 15:23:42,15,CUST_1558,normal,BEN_2548,956.3,Cred,@paytm,Utilities,Kolkata,DEV_2244,iOS,0,1,5,1197.42,0.8,0,0,0
TX_UPI_104113,2026-08-04 04:14:18,4,CUST_1580,normal,BEN_3831,1577.5,Paytm,@paytm,Utilities,Delhi_NCR,DEV_1345,Android,0,1,3,1001.37,1.58,0,1,0
TX_UPI_104114,2026-08-10 05:44:06,5,CUST_1005,normal,BEN_3232,617.34,Cred,@icici,Grocery,Bengaluru,DEV_2396,Android,0,1,5,859.08,0.72,0,0,0
TX_UPI_104115,2026-08-10 16:29:11,16,CUST_1309,normal,BEN_1488,1880.03,iMobile,@okaxis,Travel,Pune,DEV_1733,Android,1,1,4,1069.19,1.76,0,0,0
TX_UPI_104116,2026-08-04 07:26:47,7,CUST_1732,normal,BEN_4396,674.63,PhonePe,@icici,Peer_to_Peer,Kolkata,DEV_2604,Android,0,1,1,924.56,0.73,0,0,0
TX_UPI_104117,2026-08-09 09:35:08,9,CUST_1273,normal,BEN_2735,935.99,iMobile,@ybl,Travel,Delhi_NCR,DEV_1697,iOS,0,1,1,1032.63,0.91,1,0,0
TX_UPI_104118,2026-08-02 00:22:00,0,CUST_1464,normal,BEN_6510,1939.49,Paytm,@sbi,Peer_to_Peer,Pune,DEV_1752,Android,0,1,5,960.91,2.02,0,0,0
TX_UPI_104119,2026-08-05 02:16:51,2,CUST_1769,normal,BEN_2449,1237.55,iMobile,@ybl,Utilities,Ahmedabad,DEV_2030,iOS,1,1,2,1115.7,1.11,0,0,0
TX_UPI_104120,2026-08-10 08:03:09,8,CUST_1393,normal,BEN_5398,2432.09,BHIM,@okaxis,Peer_to_Peer,Pune,DEV_2596,Android,0,1,5,1204.99,2.02,1,1,0
TX_UPI_104121,2026-08-01 04:27:30,4,CUST_1621,normal,BEN_1831,805.69,BHIM,@sbi,Travel,Hyderabad,DEV_2775,iOS,0,1,5,675.15,1.19,0,0,0
TX_UPI_104122,2026-08-03 20:39:45,20,CUST_1120,normal,BEN_2669,998.12,BHIM,@okaxis,Travel,Delhi_NCR,DEV_2833,iOS,0,1,5,1257.7,0.79,1,0,0
TX_UPI_104123,2026-08-03 20:38:37,20,CUST_1478,normal,BEN_4012,1735.91,BHIM,@paytm,Travel,Ahmedabad,DEV_2574,Android,1,1,4,1033.03,1.68,0,0,0
TX_UPI_104124,2026-08-03 18:09:58,18,CUST_1025,normal,BEN_4135,1630.38,GPay,@ybl,Grocery,Delhi_NCR,DEV_2947,iOS,0,1,2,877.28,1.86,0,0,0
TX_UPI_104125,2026-08-03 20:42:29,20,CUST_1071,normal,BEN_2857,1249.39,GPay,@paytm,Utilities,Bengaluru,DEV_2030,iOS,0,1,4,641.85,1.95,0,0,0
TX_UPI_104126,2026-08-08 23:04:33,23,CUST_1442,normal,BEN_2738,1564.12,PhonePe,@okaxis,Travel,Chennai,DEV_2809,iOS,0,1,5,1061.45,1.47,0,0,0
TX_UPI_104127,2026-08-02 10:13:26,10,CUST_1252,normal,BEN_6812,3099.57,GPay,@paytm,Utilities,Kolkata,DEV_1401,iOS,0,1,2,993.34,3.12,0,0,0
TX_UPI_104128,2026-08-10 01:32:49,1,CUST_1308,normal,BEN_2140,883.95,Paytm,@ybl,Travel,Delhi_NCR,DEV_1435,Android,0,1,3,1001.11,0.88,0,0,0
TX_UPI_104129,2026-08-10 23:58:09,23,CUST_1733,normal,BEN_4328,74.55,Cred,@upi,Utilities,Hyderabad,DEV_2220,iOS,0,1,2,1056.57,0.07,0,0,0
TX_UPI_104130,2026-08-02 10:44:39,10,CUST_1685,normal,BEN_1053,2182.86,Cred,@upi,Grocery,Mumbai,DEV_1602,iOS,0,1,8,1400.51,1.56,0,0,0
TX_UPI_104131,2026-08-01 11:54:56,11,CUST_1159,normal,BEN_4707,579.7,Paytm,@paytm,Grocery,Ahmedabad,DEV_1017,Android,1,1,2,1041.76,0.56,0,0,0
TX_UPI_104132,2026-08-08 21:32:31,21,CUST_1275,normal,BEN_1135,2627.65,Cred,@okaxis,Utilities,Pune,DEV_2772,Android,0,1,3,761.4,3.45,0,0,0
TX_UPI_104133,2026-08-06 00:24:53,0,CUST_1304,normal,BEN_4327,799.06,PhonePe,@upi,Peer_to_Peer,Delhi_NCR,DEV_1383,Android,0,1,5,1245.59,0.64,0,0,0
TX_UPI_104134,2026-08-07 04:27:07,4,CUST_1663,normal,BEN_3504,1039.83,BHIM,@icici,Peer_to_Peer,Kolkata,DEV_2349,iOS,0,1,5,534.44,1.95,0,0,0
TX_UPI_104135,2026-08-01 01:23:17,1,CUST_1806,normal,BEN_2086,1283.06,GPay,@sbi,Utilities,Hyderabad,DEV_1451,Android,0,1,5,880.11,1.46,0,0,0
TX_UPI_104136,2026-08-06 11:42:52,11,CUST_1001,suspicious,BEN_5939,12945.91,PhonePe,@sbi,Gaming_Betting,Kolkata,DEV_1247,iOS,1,1,3,33785.44,0.38,0,1,1
TX_UPI_104137,2026-08-05 06:28:45,6,CUST_1122,normal,BEN_2009,623.88,Paytm,@sbi,Travel,Ahmedabad,DEV_1865,iOS,0,1,4,1224.94,0.51,0,0,0
TX_UPI_104138,2026-08-02 19:45:31,19,CUST_1407,normal,BEN_5110,2409.65,GPay,@upi,Grocery,Delhi_NCR,DEV_2987,Android,0,1,3,950.54,2.54,0,0,0
TX_UPI_104139,2026-08-07 20:44:44,20,CUST_1389,normal,BEN_2556,1338.45,BHIM,@okaxis,Grocery,Chennai,DEV_2271,Android,0,1,6,1039.16,1.29,0,0,0
TX_UPI_104140,2026-08-07 02:59:56,2,CUST_1343,normal,BEN_6762,436.1,GPay,@upi,Grocery,Mumbai,DEV_1112,Android,0,1,1,786.89,0.55,0,0,0
TX_UPI_104141,2026-08-01 14:20:59,14,CUST_1140,normal,BEN_2919,1891.51,BHIM,@ybl,Travel,Mumbai,DEV_2851,Android,0,1,3,934.19,2.02,0,0,0
TX_UPI_104142,2026-08-10 23:04:47,23,CUST_1099,normal,BEN_1288,627.23,iMobile,@sbi,Travel,Delhi_NCR,DEV_2950,Android,0,1,4,1022.53,0.61,0,0,0
TX_UPI_104143,2026-08-02 19:43:08,19,CUST_1227,normal,BEN_6724,981.49,PhonePe,@icici,Peer_to_Peer,Chennai,DEV_1216,Android,0,1,6,1449.12,0.68,0,0,0
TX_UPI_104144,2026-08-06 16:46:46,16,CUST_1814,normal,BEN_5516,10.0,PhonePe,@icici,Utilities,Ahmedabad,DEV_1899,Android,0,1,4,893.55,0.01,0,0,0
TX_UPI_104145,2026-08-01 02:14:22,2,CUST_1650,normal,BEN_5859,1001.4,Cred,@sbi,Travel,Pune,DEV_1266,Android,0,1,4,1028.95,0.97,0,0,0
TX_UPI_104146,2026-08-04 02:29:14,2,CUST_1702,normal,BEN_3218,1384.37,Paytm,@icici,Grocery,Kolkata,DEV_1941,iOS,0,1,5,1150.7,1.2,0,1,0
TX_UPI_104147,2026-08-09 04:58:15,4,CUST_1570,normal,BEN_1412,682.53,iMobile,@paytm,Grocery,Bengaluru,DEV_1289,iOS,0,1,2,734.47,0.93,0,0,0
TX_UPI_104148,2026-08-03 21:12:38,21,CUST_1662,normal,BEN_1689,516.86,PhonePe,@icici,Peer_to_Peer,Bengaluru,DEV_2839,iOS,0,1,7,889.92,0.58,0,0,0
TX_UPI_104149,2026-08-04 00:34:47,0,CUST_1199,normal,BEN_3290,245.3,GPay,@sbi,Utilities,Chennai,DEV_1930,Android,0,1,4,1053.51,0.23,0,0,0
TX_UPI_104150,2026-08-08 04:01:25,4,CUST_1170,normal,BEN_5260,1043.53,Cred,@icici,Peer_to_Peer,Mumbai,DEV_2446,Android,0,1,6,1211.79,0.86,0,0,0
TX_UPI_104151,2026-08-05 14:01:55,14,CUST_1606,normal,BEN_1476,776.01,PhonePe,@sbi,Peer_to_Peer,Kolkata,DEV_1559,Android,0,1,3,959.38,0.81,0,0,0
TX_UPI_104152,2026-08-03 22:03:30,22,CUST_1518,suspicious,BEN_3622,43745.31,GPay,@ybl,Peer_to_Peer,Ahmedabad,DEV_2843,Android,1,1,15,15516.97,2.82,1,1,1
TX_UPI_104153,2026-08-03 03:02:03,3,CUST_1424,normal,BEN_3673,1161.34,iMobile,@paytm,Travel,Pune,DEV_2471,Android,0,1,1,1604.22,0.72,0,0,0
TX_UPI_104154,2026-08-06 05:43:25,5,CUST_1239,normal,BEN_3317,427.47,Paytm,@upi,Travel,Bengaluru,DEV_1842,Android,0,1,3,1141.97,0.37,0,0,0
TX_UPI_104155,2026-08-02 06:59:17,6,CUST_1194,normal,BEN_1482,969.07,PhonePe,@sbi,Travel,Mumbai,DEV_2589,Android,0,1,3,1181.24,0.82,0,0,0
TX_UPI_104156,2026-08-02 04:40:25,4,CUST_1564,normal,BEN_1435,2420.97,Paytm,@icici,Travel,Bengaluru,DEV_2692,Android,0,1,5,1434.84,1.69,0,0,0
TX_UPI_104157,2026-08-05 02:24:18,2,CUST_1649,normal,BEN_3217,362.7,Cred,@upi,Travel,Delhi_NCR,DEV_1199,Android,0,1,4,1117.26,0.32,0,0,0
TX_UPI_104158,2026-08-10 20:32:52,20,CUST_1083,normal,BEN_2170,1480.87,BHIM,@upi,Travel,Kolkata,DEV_1100,iOS,0,1,6,1027.01,1.44,0,0,0
TX_UPI_104159,2026-08-07 05:18:03,5,CUST_1789,normal,BEN_6043,875.6,iMobile,@upi,Peer_to_Peer,Bengaluru,DEV_2748,Android,0,1,5,653.23,1.34,0,0,0
TX_UPI_104160,2026-08-05 05:23:13,5,CUST_1090,normal,BEN_1013,1010.52,GPay,@sbi,Grocery,Pune,DEV_1476,iOS,0,1,3,859.11,1.18,0,0,0
TX_UPI_104161,2026-08-09 13:08:36,13,CUST_1080,normal,BEN_1756,2045.65,iMobile,@paytm,Travel,Delhi_NCR,DEV_2288,iOS,0,1,1,1047.39,1.95,0,0,0
TX_UPI_104162,2026-08-07 21:10:32,21,CUST_1475,normal,BEN_3684,1434.53,Cred,@sbi,Grocery,Pune,DEV_2631,Android,0,1,6,1077.47,1.33,0,0,0
TX_UPI_104163,2026-08-02 02:37:58,2,CUST_1604,normal,BEN_3946,1948.92,BHIM,@upi,Grocery,Hyderabad,DEV_1566,Android,0,1,5,1109.63,1.76,0,0,0
TX_UPI_104164,2026-08-01 12:45:10,12,CUST_1219,normal,BEN_4905,328.39,GPay,@upi,Peer_to_Peer,Kolkata,DEV_1144,iOS,0,1,1,1105.56,0.3,0,0,0
TX_UPI_104165,2026-08-04 05:57:13,5,CUST_1423,normal,BEN_5909,765.84,Paytm,@sbi,Grocery,Delhi_NCR,DEV_2906,Android,0,1,5,1259.01,0.61,0,0,0
TX_UPI_104166,2026-08-07 11:41:59,11,CUST_1398,normal,BEN_3300,1052.31,Cred,@upi,Travel,Delhi_NCR,DEV_2598,Android,0,1,1,1202.58,0.88,0,0,0
TX_UPI_104167,2026-08-06 14:20:10,14,CUST_1175,normal,BEN_4307,385.64,GPay,@ybl,Travel,Kolkata,DEV_2331,Android,0,1,2,844.94,0.46,0,0,0
TX_UPI_104168,2026-08-04 13:47:33,13,CUST_1112,normal,BEN_6112,1089.2,BHIM,@sbi,Peer_to_Peer,Delhi_NCR,DEV_1139,Android,0,1,6,1078.79,1.01,0,0,0
TX_UPI_104169,2026-08-06 07:32:24,7,CUST_1137,normal,BEN_3832,845.43,GPay,@sbi,Grocery,Chennai,DEV_2725,Android,0,1,1,1212.51,0.7,0,0,0
TX_UPI_104170,2026-08-04 16:45:27,16,CUST_1492,normal,BEN_2301,575.68,GPay,@paytm,Travel,Ahmedabad,DEV_2693,Android,0,1,4,994.99,0.58,0,0,0
TX_UPI_104171,2026-08-06 04:46:36,4,CUST_1323,normal,BEN_3745,1870.54,BHIM,@upi,Grocery,Kolkata,DEV_1194,iOS,0,1,3,1065.86,1.75,0,0,0
TX_UPI_104172,2026-08-06 23:55:52,23,CUST_1018,normal,BEN_5312,1588.6,GPay,@icici,Utilities,Mumbai,DEV_2282,iOS,0,1,8,1293.23,1.23,0,0,0
TX_UPI_104173,2026-08-05 23:12:43,23,CUST_1186,normal,BEN_4771,1129.12,Paytm,@sbi,Utilities,Chennai,DEV_1706,Android,0,1,4,954.03,1.18,0,0,0
TX_UPI_104174,2026-08-08 08:55:04,8,CUST_1817,normal,BEN_5224,440.0,iMobile,@icici,Utilities,Pune,DEV_2721,Android,0,1,2,894.68,0.49,0,0,0
TX_UPI_104175,2026-08-10 22:35:14,22,CUST_1258,normal,BEN_5939,1722.69,PhonePe,@paytm,Grocery,Delhi_NCR,DEV_2213,Android,0,1,1,1399.97,1.23,0,0,0
TX_UPI_104176,2026-08-01 00:58:28,0,CUST_1066,normal,BEN_5629,1801.64,iMobile,@ybl,Peer_to_Peer,Hyderabad,DEV_1019,Android,1,1,4,1080.08,1.67,0,0,0
TX_UPI_104177,2026-08-04 18:05:00,18,CUST_1753,normal,BEN_3490,754.17,iMobile,@icici,Travel,Mumbai,DEV_2826,Android,0,1,4,1341.14,0.56,0,1,0
TX_UPI_104178,2026-08-06 22:16:09,22,CUST_1038,normal,BEN_1461,637.47,iMobile,@sbi,Travel,Mumbai,DEV_2250,iOS,0,1,1,1248.77,0.51,0,0,0
TX_UPI_104179,2026-08-05 19:01:54,19,CUST_1619,normal,BEN_5273,1459.49,GPay,@icici,Utilities,Bengaluru,DEV_2573,Android,0,1,1,903.99,1.61,0,0,0
TX_UPI_104180,2026-08-06 00:46:43,0,CUST_1081,normal,BEN_4646,512.72,BHIM,@sbi,Peer_to_Peer,Hyderabad,DEV_2952,iOS,0,1,2,1002.32,0.51,0,0,0
TX_UPI_104181,2026-08-08 06:06:01,6,CUST_1420,normal,BEN_4151,986.76,iMobile,@sbi,Peer_to_Peer,Pune,DEV_2410,Android,0,1,2,898.04,1.1,0,0,0
TX_UPI_104182,2026-08-07 14:30:27,14,CUST_1746,normal,BEN_2132,1016.97,GPay,@sbi,Peer_to_Peer,Pune,DEV_2413,Android,0,1,4,1004.09,1.01,0,0,0
TX_UPI_104183,2026-08-01 11:07:06,11,CUST_1811,normal,BEN_3638,2126.93,Cred,@upi,Peer_to_Peer,Chennai,DEV_1083,iOS,0,1,5,698.2,3.05,0,0,0
TX_UPI_104184,2026-08-08 04:21:04,4,CUST_1732,normal,BEN_5702,1618.98,Paytm,@okaxis,Travel,Bengaluru,DEV_2816,Android,0,1,5,975.66,1.66,0,0,0
TX_UPI_104185,2026-08-01 23:30:12,23,CUST_1305,normal,BEN_6107,10.0,PhonePe,@okaxis,Utilities,Bengaluru,DEV_1566,Android,0,1,4,1078.15,0.01,0,0,0
TX_UPI_104186,2026-08-10 06:36:31,6,CUST_1076,normal,BEN_3555,302.68,Paytm,@okaxis,Peer_to_Peer,Pune,DEV_1362,iOS,0,1,1,1058.99,0.29,0,0,0
TX_UPI_104187,2026-08-03 05:52:28,5,CUST_1220,normal,BEN_2861,1013.54,BHIM,@sbi,Travel,Delhi_NCR,DEV_2875,iOS,0,1,3,1059.98,0.96,0,0,0
TX_UPI_104188,2026-08-04 18:15:39,18,CUST_1406,normal,BEN_2463,317.78,iMobile,@icici,Travel,Pune,DEV_2974,Android,0,1,3,1208.0,0.26,0,1,0
TX_UPI_104189,2026-08-08 07:08:39,7,CUST_1396,normal,BEN_6881,920.02,Cred,@upi,Grocery,Bengaluru,DEV_1943,iOS,1,1,1,966.55,0.95,0,0,0
TX_UPI_104190,2026-08-01 22:07:58,22,CUST_1711,normal,BEN_4435,343.87,iMobile,@icici,Grocery,Pune,DEV_1913,iOS,1,1,4,1156.52,0.3,0,0,0
TX_UPI_104191,2026-08-05 06:15:51,6,CUST_1413,normal,BEN_4259,10.0,iMobile,@ybl,Grocery,Chennai,DEV_2419,iOS,1,1,5,813.08,0.01,0,0,0
TX_UPI_104192,2026-08-01 07:31:36,7,CUST_1354,normal,BEN_1196,2447.35,BHIM,@icici,Peer_to_Peer,Chennai,DEV_1047,iOS,0,1,3,780.87,3.13,0,0,0
TX_UPI_104193,2026-08-10 07:49:26,7,CUST_1391,normal,BEN_4676,286.41,iMobile,@ybl,Utilities,Mumbai,DEV_2489,iOS,0,1,4,986.09,0.29,0,0,0
TX_UPI_104194,2026-08-02 09:05:32,9,CUST_1461,normal,BEN_6738,1122.68,Paytm,@icici,Peer_to_Peer,Delhi_NCR,DEV_2155,Android,0,1,7,912.18,1.23,1,0,0
TX_UPI_104195,2026-08-09 12:35:29,12,CUST_1758,normal,BEN_6503,1247.97,GPay,@sbi,Utilities,Ahmedabad,DEV_1009,Android,0,1,6,1144.92,1.09,0,0,0
TX_UPI_104196,2026-08-02 17:00:18,17,CUST_1232,normal,BEN_5026,10.0,iMobile,@upi,Travel,Ahmedabad,DEV_1861,iOS,0,1,5,800.88,0.01,0,0,0
TX_UPI_104197,2026-08-03 06:14:43,6,CUST_1283,normal,BEN_6321,2325.45,GPay,@paytm,Peer_to_Peer,Pune,DEV_1857,Android,0,1,2,1792.68,1.3,0,0,0
TX_UPI_104198,2026-08-06 18:43:09,18,CUST_1648,normal,BEN_4596,2373.9,Paytm,@upi,Utilities,Chennai,DEV_2385,iOS,0,1,2,1084.8,2.19,0,0,0
TX_UPI_104199,2026-08-06 10:37:05,10,CUST_1581,normal,BEN_6345,1802.92,PhonePe,@paytm,Utilities,Kolkata,DEV_2735,Android,0,1,5,1186.16,1.52,0,0,0
TX_UPI_104200,2026-08-07 07:51:37,7,CUST_1502,normal,BEN_4825,2201.73,PhonePe,@paytm,Travel,Bengaluru,DEV_2127,Android,0,1,3,991.99,2.22,0,0,0
TX_UPI_104201,2026-08-06 19:21:25,19,CUST_1681,normal,BEN_4338,922.51,BHIM,@upi,Grocery,Pune,DEV_2926,iOS,0,1,5,1167.64,0.79,0,0,0
TX_UPI_104202,2026-08-07 08:35:21,8,CUST_1549,normal,BEN_5657,1433.03,BHIM,@ybl,Peer_to_Peer,Ahmedabad,DEV_2789,iOS,0,1,5,587.75,2.44,0,0,0
TX_UPI_104203,2026-08-09 16:07:56,16,CUST_1801,normal,BEN_6620,1448.06,Paytm,@sbi,Travel,Delhi_NCR,DEV_1676,Android,0,1,4,1480.51,0.98,0,0,0
TX_UPI_104204,2026-08-02 18:00:48,18,CUST_1071,normal,BEN_1758,10.0,BHIM,@ybl,Utilities,Pune,DEV_1676,iOS,0,1,7,1098.1,0.01,0,0,0
TX_UPI_104205,2026-08-01 18:32:53,18,CUST_1300,normal,BEN_6044,1591.19,GPay,@sbi,Peer_to_Peer,Hyderabad,DEV_2287,Android,0,1,7,1214.58,1.31,0,0,0
TX_UPI_104206,2026-08-06 04:26:01,4,CUST_1322,normal,BEN_4357,1520.29,GPay,@sbi,Travel,Pune,DEV_2716,iOS,0,1,4,963.97,1.58,0,1,0
TX_UPI_104207,2026-08-08 10:51:52,10,CUST_1424,normal,BEN_6668,1177.21,BHIM,@okaxis,Travel,Bengaluru,DEV_1756,iOS,0,1,2,1069.3,1.1,0,0,0
TX_UPI_104208,2026-08-05 12:57:07,12,CUST_1342,suspicious,BEN_4705,10.0,PhonePe,@sbi,Peer_to_Peer,Chennai,DEV_2149,iOS,0,1,21,24542.62,0.0,1,1,0
TX_UPI_104209,2026-08-02 16:39:13,16,CUST_1005,normal,BEN_2755,931.04,PhonePe,@ybl,Travel,Ahmedabad,DEV_1169,Android,0,1,4,735.94,1.27,0,0,0
TX_UPI_104210,2026-08-01 14:59:56,14,CUST_1032,normal,BEN_6617,2743.42,iMobile,@icici,Utilities,Pune,DEV_2994,iOS,0,1,3,1045.0,2.63,0,0,0
TX_UPI_104211,2026-08-08 19:55:34,19,CUST_1221,normal,BEN_5967,427.68,PhonePe,@icici,Utilities,Delhi_NCR,DEV_2809,Android,0,1,4,1412.87,0.3,0,0,0
TX_UPI_104212,2026-08-08 00:58:48,0,CUST_1831,normal,BEN_5202,2028.73,iMobile,@paytm,Peer_to_Peer,Hyderabad,DEV_2203,iOS,0,1,5,1211.14,1.68,0,0,0
TX_UPI_104213,2026-08-08 00:14:47,0,CUST_1800,normal,BEN_2160,913.17,BHIM,@paytm,Utilities,Pune,DEV_1874,iOS,0,1,1,1031.75,0.89,0,0,0
TX_UPI_104214,2026-08-04 15:02:54,15,CUST_1401,normal,BEN_5438,1011.3,Cred,@icici,Grocery,Pune,DEV_2154,iOS,0,1,6,1154.25,0.88,0,0,0
TX_UPI_104215,2026-08-06 16:07:54,16,CUST_1537,normal,BEN_4487,2489.85,PhonePe,@okaxis,Peer_to_Peer,Kolkata,DEV_2888,Android,0,1,6,970.44,2.57,0,0,0
TX_UPI_104216,2026-08-04 05:56:29,5,CUST_1274,normal,BEN_6962,10.0,Paytm,@upi,Utilities,Hyderabad,DEV_1291,Android,0,1,6,1406.25,0.01,0,0,0
TX_UPI_104217,2026-08-08 02:39:30,2,CUST_1251,normal,BEN_1655,107.03,iMobile,@icici,Grocery,Mumbai,DEV_2403,Android,1,1,7,1171.71,0.09,0,0,0
TX_UPI_104218,2026-08-08 19:59:41,19,CUST_1701,normal,BEN_5174,1328.55,Cred,@paytm,Travel,Bengaluru,DEV_1784,Android,0,1,7,1402.72,0.95,0,0,0
TX_UPI_104219,2026-08-03 18:58:18,18,CUST_1500,normal,BEN_4045,1721.06,GPay,@okaxis,Peer_to_Peer,Ahmedabad,DEV_1975,iOS,1,1,4,1227.93,1.4,0,0,0
TX_UPI_104220,2026-08-03 22:27:51,22,CUST_1293,normal,BEN_4491,879.95,BHIM,@icici,Utilities,Pune,DEV_1329,Android,0,1,3,863.44,1.02,0,0,0
TX_UPI_104221,2026-08-01 18:01:10,18,CUST_1824,normal,BEN_6439,933.57,PhonePe,@ybl,Peer_to_Peer,Hyderabad,DEV_2115,Android,0,1,3,927.53,1.01,0,0,0
TX_UPI_104222,2026-08-10 01:34:35,1,CUST_1364,normal,BEN_4463,1309.4,Cred,@paytm,Peer_to_Peer,Delhi_NCR,DEV_2271,Android,0,1,3,1200.54,1.09,0,0,0
TX_UPI_104223,2026-08-02 16:22:08,16,CUST_1277,normal,BEN_3914,10.0,PhonePe,@okaxis,Utilities,Delhi_NCR,DEV_1305,Android,0,1,3,1111.57,0.01,0,0,0
TX_UPI_104224,2026-08-03 01:03:01,1,CUST_1705,normal,BEN_1909,951.5,PhonePe,@okaxis,Peer_to_Peer,Ahmedabad,DEV_1547,Android,0,1,3,699.54,1.36,0,1,0
TX_UPI_104225,2026-08-01 17:02:15,17,CUST_1468,normal,BEN_6839,1485.18,BHIM,@icici,Peer_to_Peer,Delhi_NCR,DEV_1519,iOS,0,1,5,1198.45,1.24,0,0,0
TX_UPI_104226,2026-08-03 19:09:17,19,CUST_1112,normal,BEN_1959,2030.98,Paytm,@sbi,Travel,Kolkata,DEV_1431,iOS,0,1,4,1194.88,1.7,0,0,0
TX_UPI_104227,2026-08-10 17:42:36,17,CUST_1439,normal,BEN_3348,1324.87,PhonePe,@icici,Grocery,Pune,DEV_2082,iOS,0,1,5,701.46,1.89,0,1,0
TX_UPI_104228,2026-08-05 04:50:12,4,CUST_1568,normal,BEN_2559,485.14,iMobile,@paytm,Utilities,Ahmedabad,DEV_1774,Android,0,1,7,489.5,0.99,0,1,0
TX_UPI_104229,2026-08-01 20:39:51,20,CUST_1620,normal,BEN_1054,1087.86,PhonePe,@upi,Grocery,Pune,DEV_1226,Android,0,1,6,1057.62,1.03,0,0,0
TX_UPI_104230,2026-08-06 06:36:54,6,CUST_1424,normal,BEN_4102,875.99,iMobile,@sbi,Grocery,Pune,DEV_1085,iOS,0,1,4,995.25,0.88,0,0,0
TX_UPI_104231,2026-08-05 21:52:30,21,CUST_1678,normal,BEN_4391,1224.68,iMobile,@paytm,Grocery,Hyderabad,DEV_1707,Android,0,1,2,1346.08,0.91,0,0,0
TX_UPI_104232,2026-08-07 04:11:29,4,CUST_1482,normal,BEN_5403,2338.61,GPay,@sbi,Utilities,Mumbai,DEV_1082,Android,0,1,3,747.24,3.13,0,0,0
TX_UPI_104233,2026-08-01 12:23:00,12,CUST_1554,normal,BEN_1403,780.93,Cred,@ybl,Peer_to_Peer,Chennai,DEV_2569,iOS,0,1,3,1201.33,0.65,0,0,0
TX_UPI_104234,2026-08-01 04:31:01,4,CUST_1094,normal,BEN_4815,393.59,Paytm,@upi,Grocery,Delhi_NCR,DEV_2656,iOS,0,1,2,1202.56,0.33,0,0,0
TX_UPI_104235,2026-08-03 07:45:53,7,CUST_1581,normal,BEN_4300,1951.13,GPay,@upi,Peer_to_Peer,Kolkata,DEV_1119,iOS,0,1,2,760.03,2.57,0,0,0
TX_UPI_104236,2026-08-03 05:14:49,5,CUST_1476,normal,BEN_3853,3827.29,PhonePe,@okaxis,Peer_to_Peer,Kolkata,DEV_1488,Android,0,1,5,1015.92,3.77,0,0,0
TX_UPI_104237,2026-08-03 10:02:01,10,CUST_1129,normal,BEN_3255,1895.23,iMobile,@upi,Travel,Mumbai,DEV_1316,iOS,0,1,3,1288.12,1.47,0,0,0
TX_UPI_104238,2026-08-08 17:09:49,17,CUST_1761,normal,BEN_4405,1327.51,Paytm,@upi,Travel,Pune,DEV_2099,iOS,0,1,4,1052.74,1.26,0,0,0
TX_UPI_104239,2026-08-02 10:59:00,10,CUST_1284,normal,BEN_1041,42.09,PhonePe,@sbi,Peer_to_Peer,Pune,DEV_1035,Android,0,1,7,854.03,0.05,0,0,0
TX_UPI_104240,2026-08-06 10:17:56,10,CUST_1522,normal,BEN_4888,111.98,Paytm,@upi,Travel,Bengaluru,DEV_2552,Android,0,1,3,849.25,0.13,0,0,0
TX_UPI_104241,2026-08-09 01:07:11,1,CUST_1701,normal,BEN_4502,1158.63,Cred,@sbi,Utilities,Hyderabad,DEV_1984,Android,0,1,5,1318.87,0.88,0,0,0
TX_UPI_104242,2026-08-04 06:13:37,6,CUST_1337,normal,BEN_4856,1851.78,GPay,@okaxis,Peer_to_Peer,Chennai,DEV_1242,iOS,0,1,3,1091.9,1.7,0,0,0
TX_UPI_104243,2026-08-09 11:23:54,11,CUST_1667,normal,BEN_1706,1526.3,GPay,@okaxis,Travel,Mumbai,DEV_2225,iOS,0,1,1,1216.94,1.25,0,0,0
TX_UPI_104244,2026-08-10 03:04:53,3,CUST_1244,normal,BEN_6445,34.16,Cred,@ybl,Peer_to_Peer,Hyderabad,DEV_2040,iOS,0,1,8,982.92,0.03,0,0,0
TX_UPI_104245,2026-08-03 17:37:16,17,CUST_1088,normal,BEN_5306,1052.1,Paytm,@sbi,Travel,Chennai,DEV_2384,iOS,1,1,2,928.81,1.13,0,0,0
TX_UPI_104246,2026-08-02 04:41:37,4,CUST_1706,normal,BEN_2577,3019.27,PhonePe,@okaxis,Peer_to_Peer,Hyderabad,DEV_2920,Android,0,1,5,708.19,4.26,0,0,0
TX_UPI_104247,2026-08-08 17:53:25,17,CUST_1327,normal,BEN_5149,2403.37,GPay,@okaxis,Travel,Hyderabad,DEV_1500,Android,0,1,6,1012.51,2.37,0,0,0
TX_UPI_104248,2026-08-03 17:45:37,17,CUST_1164,normal,BEN_1376,1445.36,BHIM,@sbi,Utilities,Pune,DEV_1928,iOS,0,1,3,1553.42,0.93,0,0,0
TX_UPI_104249,2026-08-06 21:53:38,21,CUST_1676,normal,BEN_2577,562.97,GPay,@okaxis,Peer_to_Peer,Mumbai,DEV_1740,iOS,0,1,4,977.25,0.58,0,0,0
TX_UPI_104250,2026-08-06 17:45:57,17,CUST_1591,normal,BEN_4179,53.57,PhonePe,@okaxis,Grocery,Mumbai,DEV_2798,Android,0,1,8,796.42,0.07,0,0,0
TX_UPI_104251,2026-08-01 06:25:05,6,CUST_1307,normal,BEN_6003,1376.1,GPay,@icici,Utilities,Kolkata,DEV_1021,iOS,0,1,1,984.22,1.4,0,0,0
TX_UPI_104252,2026-08-02 13:46:01,13,CUST_1089,normal,BEN_4528,1537.58,iMobile,@okaxis,Peer_to_Peer,Ahmedabad,DEV_2029,iOS,0,1,2,1220.83,1.26,0,1,0
TX_UPI_104253,2026-08-03 09:43:46,9,CUST_1707,normal,BEN_2102,984.77,BHIM,@ybl,Peer_to_Peer,Bengaluru,DEV_2184,iOS,0,1,6,1406.82,0.7,0,0,0
TX_UPI_104254,2026-08-06 18:18:53,18,CUST_1327,normal,BEN_3598,730.6,iMobile,@upi,Utilities,Kolkata,DEV_1512,Android,0,1,4,1124.03,0.65,0,0,0
TX_UPI_104255,2026-08-06 01:10:57,1,CUST_1828,normal,BEN_3810,1695.48,Cred,@icici,Travel,Delhi_NCR,DEV_2584,iOS,0,1,4,1125.65,1.51,1,0,0
TX_UPI_104256,2026-08-09 01:21:53,1,CUST_1719,normal,BEN_6131,1005.27,iMobile,@icici,Grocery,Ahmedabad,DEV_1830,iOS,0,1,4,1391.51,0.72,0,0,0
TX_UPI_104257,2026-08-05 05:21:31,5,CUST_1238,normal,BEN_5980,1716.87,Paytm,@icici,Peer_to_Peer,Hyderabad,DEV_2830,Android,0,1,5,1253.54,1.37,0,0,0
TX_UPI_104258,2026-08-10 19:57:49,19,CUST_1453,normal,BEN_5775,1076.95,Cred,@ybl,Grocery,Pune,DEV_2017,Android,0,1,4,819.56,1.31,0,0,0
TX_UPI_104259,2026-08-02 01:54:14,1,CUST_1395,normal,BEN_6451,2215.05,iMobile,@upi,Peer_to_Peer,Bengaluru,DEV_1925,iOS,1,1,1,1059.08,2.09,0,0,0
TX_UPI_104260,2026-08-06 07:12:49,7,CUST_1067,normal,BEN_3143,2112.72,BHIM,@paytm,Grocery,Chennai,DEV_2550,iOS,0,1,1,1175.95,1.8,0,0,0
TX_UPI_104261,2026-08-01 18:06:29,18,CUST_1028,normal,BEN_6629,655.39,GPay,@okaxis,Grocery,Hyderabad,DEV_1120,Android,0,1,3,1307.03,0.5,0,0,0
TX_UPI_104262,2026-08-01 02:20:16,2,CUST_1081,normal,BEN_3910,1358.45,GPay,@sbi,Utilities,Hyderabad,DEV_1223,Android,0,1,1,845.66,1.61,0,0,0
TX_UPI_104263,2026-08-06 23:18:41,23,CUST_1150,normal,BEN_4444,1980.27,Paytm,@paytm,Travel,Hyderabad,DEV_2455,iOS,0,1,4,1499.55,1.32,0,0,0
TX_UPI_104264,2026-08-07 23:01:03,23,CUST_1101,normal,BEN_4253,2546.12,Paytm,@sbi,Grocery,Hyderabad,DEV_2867,Android,0,1,3,1680.78,1.51,0,0,0
TX_UPI_104265,2026-08-08 15:21:53,15,CUST_1604,normal,BEN_2516,1219.58,GPay,@paytm,Utilities,Ahmedabad,DEV_2235,Android,0,1,2,927.93,1.31,1,0,0
TX_UPI_104266,2026-08-07 08:05:36,8,CUST_1134,normal,BEN_5641,10.0,iMobile,@upi,Grocery,Chennai,DEV_1248,iOS,0,1,7,1462.74,0.01,0,0,0
TX_UPI_104267,2026-08-05 21:25:51,21,CUST_1421,normal,BEN_5702,387.59,iMobile,@icici,Peer_to_Peer,Bengaluru,DEV_2494,iOS,0,1,3,1102.95,0.35,0,0,0
TX_UPI_104268,2026-08-09 04:37:43,4,CUST_1514,normal,BEN_3428,431.72,iMobile,@upi,Peer_to_Peer,Kolkata,DEV_1933,iOS,0,1,1,1029.51,0.42,0,0,0
TX_UPI_104269,2026-08-04 21:08:06,21,CUST_1614,normal,BEN_6667,943.14,BHIM,@upi,Peer_to_Peer,Kolkata,DEV_1438,iOS,0,1,3,1133.45,0.83,0,1,0
TX_UPI_104270,2026-08-09 21:19:01,21,CUST_1421,normal,BEN_4890,2343.62,Cred,@ybl,Travel,Hyderabad,DEV_2598,Android,0,1,3,1120.91,2.09,0,0,0
TX_UPI_104271,2026-08-09 01:29:18,1,CUST_1736,normal,BEN_3767,1781.5,PhonePe,@upi,Travel,Ahmedabad,DEV_2671,iOS,0,1,5,932.54,1.91,0,0,0
TX_UPI_104272,2026-08-05 21:16:37,21,CUST_1003,normal,BEN_4767,1277.1,iMobile,@sbi,Grocery,Chennai,DEV_1166,Android,0,1,5,809.2,1.58,0,0,0
TX_UPI_104273,2026-08-07 05:42:01,5,CUST_1817,normal,BEN_6851,2210.83,BHIM,@sbi,Travel,Delhi_NCR,DEV_1336,Android,0,1,6,906.53,2.44,0,0,0
TX_UPI_104274,2026-08-10 21:57:33,21,CUST_1511,normal,BEN_5281,1354.94,BHIM,@icici,Grocery,Hyderabad,DEV_2048,Android,0,1,5,949.05,1.43,0,0,0
TX_UPI_104275,2026-08-09 03:49:25,3,CUST_1615,normal,BEN_6611,1585.29,iMobile,@okaxis,Travel,Kolkata,DEV_1385,Android,1,1,4,727.7,2.18,0,0,0
TX_UPI_104276,2026-08-01 22:56:00,22,CUST_1576,normal,BEN_5472,1567.33,BHIM,@paytm,Grocery,Ahmedabad,DEV_2306,Android,0,1,1,1305.41,1.2,0,0,0
TX_UPI_104277,2026-08-10 03:45:27,3,CUST_1789,normal,BEN_3097,663.03,PhonePe,@paytm,Grocery,Chennai,DEV_1490,iOS,0,1,3,1409.35,0.47,0,0,0
TX_UPI_104278,2026-08-04 00:59:45,0,CUST_1106,normal,BEN_3179,1597.11,BHIM,@ybl,Grocery,Kolkata,DEV_1365,iOS,0,1,1,836.42,1.91,0,0,0
TX_UPI_104279,2026-08-09 15:46:36,15,CUST_1252,normal,BEN_4676,720.56,PhonePe,@okaxis,Grocery,Chennai,DEV_1868,iOS,0,1,4,1165.99,0.62,0,0,0
TX_UPI_104280,2026-08-01 02:06:50,2,CUST_1274,normal,BEN_1643,525.52,Paytm,@sbi,Grocery,Delhi_NCR,DEV_1975,Android,0,1,1,1147.58,0.46,0,0,0
TX_UPI_104281,2026-08-01 22:56:36,22,CUST_1248,normal,BEN_1286,1054.51,GPay,@icici,Grocery,Kolkata,DEV_1641,Android,0,1,8,1088.78,0.97,0,0,0
TX_UPI_104282,2026-08-04 14:01:51,14,CUST_1092,normal,BEN_4339,2651.4,BHIM,@sbi,Utilities,Pune,DEV_1571,Android,0,1,1,702.43,3.77,0,0,0
TX_UPI_104283,2026-08-03 12:07:49,12,CUST_1348,normal,BEN_3471,303.93,Paytm,@icici,Grocery,Bengaluru,DEV_2625,iOS,1,1,6,1501.46,0.2,0,0,0
TX_UPI_104284,2026-08-05 15:13:15,15,CUST_1204,normal,BEN_4273,574.26,PhonePe,@icici,Travel,Kolkata,DEV_2042,iOS,1,1,3,799.44,0.72,0,0,0
TX_UPI_104285,2026-08-10 18:02:17,18,CUST_1324,suspicious,BEN_3997,10.0,iMobile,@okaxis,Peer_to_Peer,Bengaluru,DEV_1846,Android,1,1,23,26404.31,0.0,1,1,1
TX_UPI_104286,2026-08-10 19:22:35,19,CUST_1640,normal,BEN_2703,1208.39,iMobile,@upi,Travel,Ahmedabad,DEV_2683,Android,0,1,1,1473.59,0.82,0,0,0
TX_UPI_104287,2026-08-06 06:10:43,6,CUST_1281,normal,BEN_1200,797.31,Cred,@okaxis,Grocery,Chennai,DEV_1708,Android,0,1,5,730.91,1.09,0,0,0
TX_UPI_104288,2026-08-04 08:45:56,8,CUST_1040,normal,BEN_6994,1047.58,BHIM,@ybl,Peer_to_Peer,Delhi_NCR,DEV_2304,iOS,1,1,4,1158.5,0.9,0,0,0
TX_UPI_104289,2026-08-01 10:03:36,10,CUST_1306,normal,BEN_3295,1323.72,Cred,@sbi,Grocery,Bengaluru,DEV_1879,Android,0,1,4,808.68,1.64,0,0,0
TX_UPI_104290,2026-08-07 19:22:42,19,CUST_1100,suspicious,BEN_5961,31552.71,Cred,@ybl,Jewelry,Mumbai,DEV_1099,iOS,1,1,18,26451.03,1.19,1,1,1
TX_UPI_104291,2026-08-10 22:19:43,22,CUST_1819,normal,BEN_5525,1257.88,BHIM,@ybl,Utilities,Chennai,DEV_1274,Android,0,1,1,763.73,1.65,0,0,0
TX_UPI_104292,2026-08-07 23:09:28,23,CUST_1761,normal,BEN_1217,10.0,GPay,@ybl,Utilities,Hyderabad,DEV_2810,Android,0,1,5,1278.64,0.01,0,0,0
TX_UPI_104293,2026-08-08 22:58:12,22,CUST_1637,suspicious,BEN_5045,43183.91,PhonePe,@paytm,Peer_to_Peer,Chennai,DEV_1848,Android,1,1,20,13681.16,3.16,1,0,1
TX_UPI_104294,2026-08-08 12:38:15,12,CUST_1829,normal,BEN_2223,378.63,GPay,@okaxis,Utilities,Ahmedabad,DEV_2255,Android,0,1,4,1112.52,0.34,0,0,0
TX_UPI_104295,2026-08-05 09:15:30,9,CUST_1211,normal,BEN_2372,1021.8,GPay,@paytm,Travel,Hyderabad,DEV_1884,iOS,0,1,4,1082.8,0.94,0,0,0
TX_UPI_104296,2026-08-09 11:19:25,11,CUST_1648,normal,BEN_3182,1296.62,GPay,@paytm,Utilities,Mumbai,DEV_1212,iOS,0,1,2,1315.68,0.99,0,0,0
TX_UPI_104297,2026-08-08 09:38:37,9,CUST_1551,normal,BEN_4163,855.38,PhonePe,@okaxis,Utilities,Delhi_NCR,DEV_1584,iOS,0,1,1,894.96,0.96,0,0,0
TX_UPI_104298,2026-08-01 01:08:18,1,CUST_1217,normal,BEN_2889,921.23,Cred,@upi,Utilities,Pune,DEV_2798,iOS,0,1,5,1069.86,0.86,0,0,0
TX_UPI_104299,2026-08-06 06:03:40,6,CUST_1204,normal,BEN_1643,1051.08,BHIM,@icici,Peer_to_Peer,Hyderabad,DEV_2049,iOS,0,1,1,1268.52,0.83,0,0,0
TX_UPI_104300,2026-08-07 13:43:22,13,CUST_1286,normal,BEN_4814,678.44,BHIM,@paytm,Travel,Mumbai,DEV_1528,iOS,1,1,3,1435.24,0.47,0,0,0
TX_UPI_104301,2026-08-05 04:15:03,4,CUST_1469,normal,BEN_3635,1607.01,Cred,@paytm,Utilities,Mumbai,DEV_2415,iOS,0,1,1,655.32,2.45,0,0,0
TX_UPI_104302,2026-08-04 06:14:28,6,CUST_1678,normal,BEN_5724,1148.55,Cred,@ybl,Peer_to_Peer,Pune,DEV_1243,iOS,0,1,1,1235.65,0.93,0,0,0
TX_UPI_104303,2026-08-10 19:40:07,19,CUST_1270,normal,BEN_4690,1233.81,BHIM,@ybl,Grocery,Bengaluru,DEV_2369,iOS,0,1,4,910.38,1.36,0,0,0
TX_UPI_104304,2026-08-06 04:53:49,4,CUST_1177,normal,BEN_4674,2593.11,PhonePe,@okaxis,Peer_to_Peer,Pune,DEV_2350,Android,0,1,9,1013.14,2.56,0,0,0
TX_UPI_104305,2026-08-07 06:52:35,6,CUST_1256,normal,BEN_2408,1482.43,Cred,@ybl,Grocery,Kolkata,DEV_1713,Android,0,1,4,1017.68,1.46,0,0,0
TX_UPI_104306,2026-08-06 03:47:01,3,CUST_1562,normal,BEN_2438,534.34,PhonePe,@sbi,Utilities,Mumbai,DEV_2041,Android,0,1,1,807.46,0.66,0,1,0
TX_UPI_104307,2026-08-01 10:29:16,10,CUST_1594,normal,BEN_6298,1524.19,PhonePe,@paytm,Travel,Delhi_NCR,DEV_1008,Android,0,1,2,461.21,3.3,0,0,0
TX_UPI_104308,2026-08-06 23:02:50,23,CUST_1578,normal,BEN_5759,1555.89,GPay,@ybl,Grocery,Mumbai,DEV_2003,Android,0,1,3,1403.2,1.11,0,0,0
TX_UPI_104309,2026-08-10 15:38:21,15,CUST_1688,normal,BEN_3958,1498.5,PhonePe,@ybl,Utilities,Ahmedabad,DEV_2728,Android,0,1,1,544.88,2.75,0,0,0
TX_UPI_104310,2026-08-08 10:21:43,10,CUST_1707,normal,BEN_4532,624.42,iMobile,@sbi,Grocery,Pune,DEV_1345,Android,0,1,2,1306.36,0.48,0,0,0
TX_UPI_104311,2026-08-06 16:15:07,16,CUST_1484,normal,BEN_5375,1192.9,iMobile,@okaxis,Travel,Mumbai,DEV_1985,Android,1,1,6,762.04,1.57,0,0,0
TX_UPI_104312,2026-08-05 15:02:25,15,CUST_1013,normal,BEN_6526,1972.21,Cred,@icici,Utilities,Chennai,DEV_2956,Android,0,1,5,595.62,3.31,0,0,0
TX_UPI_104313,2026-08-07 04:36:50,4,CUST_1426,normal,BEN_6649,2258.09,BHIM,@okaxis,Grocery,Mumbai,DEV_2979,iOS,0,1,4,1174.09,1.92,0,0,0
TX_UPI_104314,2026-08-08 01:43:33,1,CUST_1063,normal,BEN_4860,508.08,PhonePe,@upi,Grocery,Pune,DEV_1508,iOS,0,1,6,795.4,0.64,0,0,0
TX_UPI_104315,2026-08-02 18:31:22,18,CUST_1323,normal,BEN_6649,1865.67,Cred,@icici,Peer_to_Peer,Kolkata,DEV_2067,iOS,0,1,5,846.2,2.2,0,0,0
TX_UPI_104316,2026-08-09 00:20:41,0,CUST_1436,normal,BEN_6383,2786.7,iMobile,@upi,Travel,Bengaluru,DEV_1639,iOS,0,1,4,1236.93,2.25,0,0,0
TX_UPI_104317,2026-08-08 05:16:59,5,CUST_1777,normal,BEN_6500,10.0,Paytm,@upi,Grocery,Bengaluru,DEV_1899,iOS,0,1,8,786.11,0.01,0,0,0
TX_UPI_104318,2026-08-09 13:16:38,13,CUST_1762,normal,BEN_4290,2019.91,GPay,@ybl,Peer_to_Peer,Chennai,DEV_1448,Android,0,1,2,931.44,2.17,0,0,0
TX_UPI_104319,2026-08-04 05:23:33,5,CUST_1011,normal,BEN_5366,1831.0,Paytm,@sbi,Utilities,Bengaluru,DEV_1656,iOS,0,1,6,774.89,2.36,0,0,0
TX_UPI_104320,2026-08-02 08:06:14,8,CUST_1674,normal,BEN_4075,2072.38,iMobile,@paytm,Grocery,Hyderabad,DEV_1115,iOS,0,1,6,854.89,2.42,0,0,0
TX_UPI_104321,2026-08-09 10:58:01,10,CUST_1534,normal,BEN_6811,2478.92,Cred,@icici,Travel,Chennai,DEV_2223,iOS,0,1,1,930.05,2.67,0,0,0
TX_UPI_104322,2026-08-03 11:47:41,11,CUST_1238,normal,BEN_5495,1583.2,BHIM,@sbi,Travel,Kolkata,DEV_1625,iOS,0,1,2,1143.32,1.38,0,0,0
TX_UPI_104323,2026-08-10 06:40:49,6,CUST_1762,normal,BEN_1959,1392.86,GPay,@sbi,Utilities,Bengaluru,DEV_2823,Android,1,1,3,1279.78,1.09,0,0,0
TX_UPI_104324,2026-08-04 07:02:40,7,CUST_1240,normal,BEN_5657,1017.31,PhonePe,@upi,Grocery,Chennai,DEV_2976,iOS,0,1,4,1355.15,0.75,0,0,0
TX_UPI_104325,2026-08-06 21:53:00,21,CUST_1512,normal,BEN_4687,1832.55,iMobile,@sbi,Grocery,Chennai,DEV_1133,iOS,0,1,5,804.2,2.28,0,0,0
TX_UPI_104326,2026-08-03 14:11:27,14,CUST_1276,normal,BEN_3323,1619.83,Paytm,@icici,Grocery,Pune,DEV_1058,Android,1,1,2,772.46,2.1,0,0,0
TX_UPI_104327,2026-08-06 01:17:06,1,CUST_1600,normal,BEN_2561,1142.63,Paytm,@upi,Peer_to_Peer,Bengaluru,DEV_1385,Android,0,1,2,1269.75,0.9,0,0,0
TX_UPI_104328,2026-08-10 06:01:19,6,CUST_1716,normal,BEN_1023,1851.63,PhonePe,@sbi,Peer_to_Peer,Mumbai,DEV_1710,iOS,0,1,1,881.21,2.1,0,0,0
TX_UPI_104329,2026-08-07 06:15:52,6,CUST_1118,normal,BEN_5712,32.17,GPay,@upi,Travel,Ahmedabad,DEV_1117,Android,0,1,3,1189.24,0.03,0,1,0
TX_UPI_104330,2026-08-01 07:25:15,7,CUST_1553,normal,BEN_5744,1006.17,BHIM,@paytm,Utilities,Hyderabad,DEV_1592,iOS,0,1,2,1392.04,0.72,0,0,0
TX_UPI_104331,2026-08-05 10:06:57,10,CUST_1748,normal,BEN_5626,10.0,BHIM,@upi,Utilities,Chennai,DEV_2811,iOS,0,1,6,949.37,0.01,0,0,0
TX_UPI_104332,2026-08-05 23:30:55,23,CUST_1529,normal,BEN_6142,1137.51,Cred,@icici,Utilities,Bengaluru,DEV_1960,Android,0,1,2,1450.29,0.78,0,0,0
TX_UPI_104333,2026-08-01 23:34:15,23,CUST_1612,normal,BEN_6140,215.22,BHIM,@okaxis,Utilities,Hyderabad,DEV_2004,Android,0,1,4,1206.59,0.18,0,0,0
TX_UPI_104334,2026-08-07 10:41:23,10,CUST_1557,normal,BEN_4603,10.0,GPay,@okaxis,Grocery,Bengaluru,DEV_2510,Android,1,1,2,1044.44,0.01,0,0,0
TX_UPI_104335,2026-08-07 02:28:12,2,CUST_1272,normal,BEN_4561,490.67,Paytm,@ybl,Utilities,Pune,DEV_1959,iOS,0,1,2,996.03,0.49,1,0,0
TX_UPI_104336,2026-08-05 04:33:00,4,CUST_1622,normal,BEN_2504,1719.67,BHIM,@upi,Peer_to_Peer,Chennai,DEV_1189,iOS,0,1,3,1338.82,1.28,0,0,0
TX_UPI_104337,2026-08-10 16:40:01,16,CUST_1361,normal,BEN_5699,401.79,GPay,@icici,Travel,Kolkata,DEV_1520,Android,0,1,1,1542.32,0.26,0,0,0
TX_UPI_104338,2026-08-08 03:06:47,3,CUST_1021,normal,BEN_5681,673.63,Paytm,@paytm,Grocery,Pune,DEV_2753,iOS,0,1,1,661.91,1.02,0,0,0
TX_UPI_104339,2026-08-03 23:42:01,23,CUST_1564,normal,BEN_4307,2060.08,Cred,@upi,Travel,Hyderabad,DEV_1936,Android,0,1,3,1019.11,2.02,0,0,0
TX_UPI_104340,2026-08-03 04:56:03,4,CUST_1014,normal,BEN_5863,1072.64,PhonePe,@okaxis,Grocery,Chennai,DEV_2206,iOS,0,1,6,1036.91,1.03,0,0,0
TX_UPI_104341,2026-08-02 14:08:43,14,CUST_1284,normal,BEN_2915,3075.24,Paytm,@okaxis,Grocery,Ahmedabad,DEV_2127,iOS,0,1,4,1334.83,2.3,0,0,0
TX_UPI_104342,2026-08-07 21:40:51,21,CUST_1142,normal,BEN_2403,1844.19,PhonePe,@upi,Peer_to_Peer,Bengaluru,DEV_1850,iOS,0,1,3,939.13,1.96,0,0,0
TX_UPI_104343,2026-08-06 14:18:31,14,CUST_1644,normal,BEN_5136,1465.57,BHIM,@ybl,Grocery,Kolkata,DEV_1687,iOS,0,1,5,942.58,1.55,0,0,0
TX_UPI_104344,2026-08-08 22:58:55,22,CUST_1813,normal,BEN_6501,1333.07,Paytm,@ybl,Utilities,Ahmedabad,DEV_1168,Android,0,1,6,1576.79,0.85,0,0,0
TX_UPI_104345,2026-08-01 16:44:07,16,CUST_1052,normal,BEN_6921,1883.5,PhonePe,@paytm,Travel,Hyderabad,DEV_1564,Android,0,1,7,928.95,2.03,1,0,0
TX_UPI_104346,2026-08-02 08:58:11,8,CUST_1778,normal,BEN_5154,1761.51,GPay,@paytm,Peer_to_Peer,Kolkata,DEV_2427,iOS,0,1,6,864.88,2.04,0,0,0
TX_UPI_104347,2026-08-09 07:56:23,7,CUST_1109,normal,BEN_3356,811.53,Cred,@paytm,Peer_to_Peer,Hyderabad,DEV_1775,Android,1,1,7,845.98,0.96,0,0,0
TX_UPI_104348,2026-08-07 07:43:39,7,CUST_1478,normal,BEN_6009,127.1,GPay,@upi,Peer_to_Peer,Kolkata,DEV_2330,Android,1,1,7,1367.22,0.09,0,0,0
TX_UPI_104349,2026-08-07 16:48:18,16,CUST_1730,normal,BEN_5193,1545.7,Cred,@okaxis,Travel,Ahmedabad,DEV_1195,Android,0,1,3,974.75,1.59,0,0,0
TX_UPI_104350,2026-08-04 04:33:45,4,CUST_1831,normal,BEN_2461,1425.56,iMobile,@okaxis,Travel,Delhi_NCR,DEV_1205,iOS,0,1,7,1137.26,1.25,0,0,0
TX_UPI_104351,2026-08-08 21:44:20,21,CUST_1079,normal,BEN_6712,2933.57,BHIM,@icici,Peer_to_Peer,Bengaluru,DEV_1545,iOS,0,1,2,1075.28,2.73,0,0,0
TX_UPI_104352,2026-08-10 03:58:12,3,CUST_1728,normal,BEN_4697,901.55,BHIM,@ybl,Utilities,Chennai,DEV_1841,Android,1,1,1,1043.26,0.86,0,0,0
TX_UPI_104353,2026-08-05 10:50:06,10,CUST_1706,normal,BEN_4640,1533.86,BHIM,@sbi,Utilities,Pune,DEV_2294,Android,0,1,5,1600.91,0.96,0,0,0
TX_UPI_104354,2026-08-01 01:41:37,1,CUST_1048,normal,BEN_2892,1571.57,PhonePe,@ybl,Utilities,Pune,DEV_1264,Android,0,1,6,1095.86,1.43,0,0,0
TX_UPI_104355,2026-08-09 00:50:29,0,CUST_1747,normal,BEN_5909,2542.44,PhonePe,@sbi,Grocery,Chennai,DEV_2661,Android,0,1,8,1207.46,2.11,0,0,0
TX_UPI_104356,2026-08-02 14:52:49,14,CUST_1628,normal,BEN_1455,405.87,PhonePe,@upi,Grocery,Mumbai,DEV_2485,Android,0,1,2,1147.66,0.35,0,0,0
TX_UPI_104357,2026-08-02 03:12:50,3,CUST_1510,normal,BEN_1328,1565.2,iMobile,@ybl,Peer_to_Peer,Bengaluru,DEV_1159,Android,1,1,5,1190.45,1.31,0,0,0
TX_UPI_104358,2026-08-10 23:03:05,23,CUST_1339,normal,BEN_3788,1205.59,PhonePe,@sbi,Travel,Mumbai,DEV_2198,iOS,0,1,2,1176.27,1.02,0,0,0
TX_UPI_104359,2026-08-03 10:19:22,10,CUST_1561,normal,BEN_6184,2683.99,Cred,@paytm,Utilities,Hyderabad,DEV_2404,iOS,0,1,6,1208.33,2.22,0,0,0
TX_UPI_104360,2026-08-01 02:22:36,2,CUST_1170,normal,BEN_5331,2023.65,Paytm,@ybl,Peer_to_Peer,Delhi_NCR,DEV_1548,iOS,0,1,3,958.02,2.11,1,0,0
TX_UPI_104361,2026-08-09 19:12:11,19,CUST_1727,normal,BEN_4267,601.77,BHIM,@paytm,Utilities,Ahmedabad,DEV_2626,iOS,0,1,3,978.72,0.61,0,0,0
TX_UPI_104362,2026-08-02 05:07:51,5,CUST_1262,normal,BEN_6375,2166.62,BHIM,@ybl,Grocery,Bengaluru,DEV_2789,Android,0,1,3,887.35,2.44,0,0,0
TX_UPI_104363,2026-08-05 22:19:01,22,CUST_1034,normal,BEN_6576,2754.06,iMobile,@icici,Travel,Pune,DEV_2114,iOS,0,1,3,1116.85,2.47,0,0,0
TX_UPI_104364,2026-08-08 16:46:08,16,CUST_1586,normal,BEN_3488,1561.06,Paytm,@paytm,Travel,Ahmedabad,DEV_2097,iOS,0,1,1,1376.52,1.13,0,0,0
TX_UPI_104365,2026-08-04 23:42:10,23,CUST_1082,normal,BEN_4014,1709.7,iMobile,@paytm,Peer_to_Peer,Delhi_NCR,DEV_2288,Android,0,1,7,916.99,1.86,0,0,0
TX_UPI_104366,2026-08-06 19:42:28,19,CUST_1065,normal,BEN_5383,1279.3,PhonePe,@ybl,Utilities,Bengaluru,DEV_1479,iOS,0,1,4,1143.33,1.12,0,0,0
TX_UPI_104367,2026-08-08 07:04:37,7,CUST_1360,normal,BEN_3744,36.31,Paytm,@paytm,Grocery,Chennai,DEV_2835,Android,0,1,4,737.65,0.05,0,0,0
TX_UPI_104368,2026-08-10 15:15:40,15,CUST_1479,normal,BEN_6080,1486.67,BHIM,@sbi,Utilities,Hyderabad,DEV_2932,Android,0,1,1,635.62,2.34,1,0,0
TX_UPI_104369,2026-08-07 18:54:36,18,CUST_1404,normal,BEN_2737,1854.84,PhonePe,@okaxis,Utilities,Ahmedabad,DEV_2983,iOS,0,1,2,842.91,2.2,0,0,0
TX_UPI_104370,2026-08-02 22:04:46,22,CUST_1529,normal,BEN_6925,2216.68,iMobile,@icici,Travel,Bengaluru,DEV_2809,Android,0,1,4,1289.3,1.72,0,0,0
TX_UPI_104371,2026-08-05 09:48:11,9,CUST_1037,normal,BEN_6608,1067.01,BHIM,@icici,Peer_to_Peer,Bengaluru,DEV_1192,iOS,0,1,9,934.92,1.14,0,0,0
TX_UPI_104372,2026-08-08 16:50:26,16,CUST_1416,normal,BEN_2327,2595.6,PhonePe,@okaxis,Grocery,Ahmedabad,DEV_2896,iOS,0,1,3,682.92,3.8,0,0,0
TX_UPI_104373,2026-08-04 16:50:37,16,CUST_1275,normal,BEN_3199,1586.28,Paytm,@upi,Travel,Chennai,DEV_2452,Android,0,1,4,827.68,1.92,0,1,0
TX_UPI_104374,2026-08-10 02:20:04,2,CUST_1217,normal,BEN_3325,462.22,PhonePe,@icici,Grocery,Pune,DEV_1664,iOS,1,1,3,1163.94,0.4,0,0,0
TX_UPI_104375,2026-08-09 08:01:37,8,CUST_1818,normal,BEN_1646,10.0,Cred,@sbi,Grocery,Pune,DEV_1418,Android,1,1,6,961.32,0.01,0,0,0
TX_UPI_104376,2026-08-07 07:34:39,7,CUST_1632,normal,BEN_2518,134.6,iMobile,@ybl,Grocery,Mumbai,DEV_2338,Android,1,1,5,1074.33,0.13,0,0,0
TX_UPI_104377,2026-08-06 04:17:32,4,CUST_1417,normal,BEN_5345,2172.93,Cred,@upi,Peer_to_Peer,Mumbai,DEV_2783,iOS,0,1,4,1079.64,2.01,0,0,0
TX_UPI_104378,2026-08-01 17:34:57,17,CUST_1700,normal,BEN_2813,1077.82,GPay,@sbi,Travel,Mumbai,DEV_1998,iOS,0,1,4,980.75,1.1,0,0,0
TX_UPI_104379,2026-08-08 06:05:24,6,CUST_1358,normal,BEN_2780,517.94,Cred,@okaxis,Utilities,Bengaluru,DEV_1185,Android,0,1,5,1045.32,0.5,0,0,0
TX_UPI_104380,2026-08-03 09:49:41,9,CUST_1442,normal,BEN_2823,1226.85,iMobile,@paytm,Travel,Kolkata,DEV_2190,iOS,0,1,6,1052.67,1.17,0,0,0
TX_UPI_104381,2026-08-03 13:19:16,13,CUST_1644,normal,BEN_1606,1212.03,GPay,@paytm,Peer_to_Peer,Delhi_NCR,DEV_1244,Android,0,1,2,1183.38,1.02,0,0,0
TX_UPI_104382,2026-08-05 05:04:20,5,CUST_1383,normal,BEN_6315,1479.86,Paytm,@ybl,Travel,Delhi_NCR,DEV_1812,Android,0,1,5,941.01,1.57,0,0,0
TX_UPI_104383,2026-08-02 20:53:37,20,CUST_1396,normal,BEN_5283,833.75,Cred,@paytm,Travel,Chennai,DEV_1722,Android,0,1,5,1140.53,0.73,0,0,0
TX_UPI_104384,2026-08-07 23:56:53,23,CUST_1204,normal,BEN_5739,475.03,Cred,@ybl,Utilities,Kolkata,DEV_2035,iOS,1,1,6,672.37,0.71,0,0,0
TX_UPI_104385,2026-08-04 11:02:25,11,CUST_1319,normal,BEN_6408,1827.43,iMobile,@ybl,Grocery,Mumbai,DEV_1357,iOS,0,1,1,1532.59,1.19,0,0,0
TX_UPI_104386,2026-08-10 13:20:23,13,CUST_1239,normal,BEN_2326,10.0,iMobile,@upi,Travel,Mumbai,DEV_2306,iOS,0,1,6,1060.41,0.01,0,1,0
TX_UPI_104387,2026-08-08 21:16:38,21,CUST_1635,normal,BEN_4627,906.72,Paytm,@okaxis,Travel,Ahmedabad,DEV_2233,Android,0,1,4,1231.66,0.74,0,1,0
TX_UPI_104388,2026-08-08 02:35:49,2,CUST_1102,normal,BEN_3172,476.48,Paytm,@icici,Travel,Mumbai,DEV_2770,iOS,0,1,2,1235.91,0.39,0,0,0
TX_UPI_104389,2026-08-04 17:48:10,17,CUST_1107,normal,BEN_6569,10.0,Paytm,@upi,Travel,Bengaluru,DEV_1012,iOS,0,1,2,1809.76,0.01,0,0,0
TX_UPI_104390,2026-08-01 22:34:50,22,CUST_1331,normal,BEN_1939,425.59,iMobile,@upi,Grocery,Delhi_NCR,DEV_2211,Android,0,1,6,939.37,0.45,0,0,0
TX_UPI_104391,2026-08-07 08:28:48,8,CUST_1288,normal,BEN_4307,1607.24,iMobile,@okaxis,Travel,Pune,DEV_2734,iOS,0,1,5,1350.95,1.19,0,0,0
TX_UPI_104392,2026-08-08 18:44:28,18,CUST_1610,normal,BEN_5722,1039.8,GPay,@paytm,Peer_to_Peer,Bengaluru,DEV_2340,iOS,0,1,7,938.56,1.11,0,0,0
TX_UPI_104393,2026-08-06 13:01:49,13,CUST_1284,normal,BEN_4642,1387.38,GPay,@upi,Travel,Chennai,DEV_2594,Android,0,1,4,810.73,1.71,0,0,0
TX_UPI_104394,2026-08-03 11:59:41,11,CUST_1700,normal,BEN_4252,971.3,BHIM,@okaxis,Travel,Kolkata,DEV_1484,iOS,0,1,4,976.29,0.99,0,0,0
TX_UPI_104395,2026-08-05 12:12:53,12,CUST_1141,normal,BEN_5277,3152.74,Paytm,@okaxis,Utilities,Ahmedabad,DEV_1881,Android,0,1,2,1363.06,2.31,0,0,0
TX_UPI_104396,2026-08-09 23:25:43,23,CUST_1208,normal,BEN_1670,1885.17,PhonePe,@paytm,Utilities,Bengaluru,DEV_1251,Android,0,1,3,872.35,2.16,0,0,0
TX_UPI_104397,2026-08-10 12:37:56,12,CUST_1274,normal,BEN_1436,585.4,Cred,@sbi,Peer_to_Peer,Bengaluru,DEV_1156,iOS,0,1,2,651.42,0.9,0,0,0
TX_UPI_104398,2026-08-06 16:08:40,16,CUST_1264,normal,BEN_4891,397.23,iMobile,@icici,Utilities,Bengaluru,DEV_2406,iOS,1,1,1,1403.01,0.28,0,0,0
TX_UPI_104399,2026-08-07 01:49:28,1,CUST_1057,normal,BEN_3638,1694.77,PhonePe,@sbi,Grocery,Bengaluru,DEV_1527,Android,0,1,5,1221.32,1.39,0,0,0
TX_UPI_104400,2026-08-01 07:18:13,7,CUST_1767,normal,BEN_6273,1333.57,BHIM,@okaxis,Travel,Delhi_NCR,DEV_2059,iOS,0,1,6,933.42,1.43,0,0,0
TX_UPI_104401,2026-08-04 07:57:26,7,CUST_1182,normal,BEN_2410,1285.34,iMobile,@paytm,Travel,Ahmedabad,DEV_2940,Android,0,1,5,762.91,1.68,0,0,0
TX_UPI_104402,2026-08-06 07:06:10,7,CUST_1621,normal,BEN_6726,3677.27,iMobile,@ybl,Utilities,Mumbai,DEV_2587,iOS,0,1,4,1114.08,3.3,0,0,0
TX_UPI_104403,2026-08-09 17:45:51,17,CUST_1535,normal,BEN_6671,2205.5,iMobile,@upi,Travel,Mumbai,DEV_2929,iOS,0,1,5,1089.14,2.02,0,0,0
TX_UPI_104404,2026-08-06 08:00:14,8,CUST_1368,mule,BEN_2647,37602.59,GPay,@icici,Jewelry,Delhi_NCR,DEV_2409,Android,1,1,9,28161.21,1.34,1,0,0
TX_UPI_104405,2026-08-02 16:19:00,16,CUST_1570,normal,BEN_5239,1613.77,Paytm,@paytm,Travel,Mumbai,DEV_1923,Android,0,1,4,1373.08,1.18,0,0,0
TX_UPI_104406,2026-08-04 14:14:20,14,CUST_1111,normal,BEN_1452,1103.6,iMobile,@sbi,Peer_to_Peer,Pune,DEV_2227,iOS,0,1,1,1333.62,0.83,0,0,0
TX_UPI_104407,2026-08-03 00:33:57,0,CUST_1410,normal,BEN_5422,2348.87,iMobile,@okaxis,Grocery,Kolkata,DEV_2834,Android,0,1,5,1040.73,2.26,0,0,0
TX_UPI_104408,2026-08-01 04:44:31,4,CUST_1014,normal,BEN_1070,2035.51,iMobile,@sbi,Travel,Delhi_NCR,DEV_2098,iOS,0,1,10,1107.64,1.84,0,0,0
TX_UPI_104409,2026-08-08 15:56:44,15,CUST_1321,normal,BEN_2392,150.61,PhonePe,@okaxis,Utilities,Delhi_NCR,DEV_1370,Android,0,1,2,1230.11,0.12,0,0,0
TX_UPI_104410,2026-08-04 21:16:44,21,CUST_1549,normal,BEN_5054,10.0,PhonePe,@ybl,Peer_to_Peer,Delhi_NCR,DEV_1340,Android,0,1,4,1171.28,0.01,0,0,0
TX_UPI_104411,2026-08-07 06:13:23,6,CUST_1219,normal,BEN_5450,2428.1,Cred,@icici,Utilities,Bengaluru,DEV_2551,iOS,0,1,6,1287.5,1.89,0,0,0
TX_UPI_104412,2026-08-03 07:47:38,7,CUST_1129,normal,BEN_4237,10.0,PhonePe,@icici,Grocery,Pune,DEV_2544,iOS,0,1,5,1249.32,0.01,0,1,0
TX_UPI_104413,2026-08-05 20:30:52,20,CUST_1201,normal,BEN_6675,1404.76,PhonePe,@okaxis,Travel,Hyderabad,DEV_1913,Android,0,1,1,893.57,1.57,0,0,0
TX_UPI_104414,2026-08-05 08:02:14,8,CUST_1309,normal,BEN_1228,266.54,Paytm,@upi,Peer_to_Peer,Delhi_NCR,DEV_1979,Android,0,1,1,1079.3,0.25,0,0,0
TX_UPI_104415,2026-08-10 08:56:25,8,CUST_1260,normal,BEN_1260,561.74,PhonePe,@ybl,Grocery,Chennai,DEV_1410,iOS,0,1,9,1039.49,0.54,0,0,0
TX_UPI_104416,2026-08-10 12:08:59,12,CUST_1448,normal,BEN_1427,2235.0,Paytm,@ybl,Grocery,Delhi_NCR,DEV_2539,Android,1,1,1,952.78,2.35,0,0,0
TX_UPI_104417,2026-08-06 12:25:05,12,CUST_1499,normal,BEN_3977,1277.52,PhonePe,@upi,Grocery,Kolkata,DEV_2557,iOS,0,1,2,978.67,1.31,0,0,0
TX_UPI_104418,2026-08-09 22:03:51,22,CUST_1324,suspicious,BEN_2821,24076.88,BHIM,@ybl,Jewelry,Hyderabad,DEV_1680,Android,1,1,16,35217.64,0.68,0,0,1
TX_UPI_104419,2026-08-09 18:41:45,18,CUST_1766,normal,BEN_5867,1502.58,Cred,@paytm,Utilities,Mumbai,DEV_1894,iOS,0,1,4,1209.52,1.24,0,0,0
TX_UPI_104420,2026-08-09 23:03:39,23,CUST_1537,normal,BEN_6177,1690.1,GPay,@ybl,Travel,Mumbai,DEV_2240,iOS,0,1,3,1003.02,1.69,0,0,0
TX_UPI_104421,2026-08-04 04:21:57,4,CUST_1672,normal,BEN_4685,1333.45,PhonePe,@upi,Peer_to_Peer,Chennai,DEV_1237,iOS,0,1,6,1350.3,0.99,0,0,0
TX_UPI_104422,2026-08-09 09:56:34,9,CUST_1023,normal,BEN_3704,1007.68,GPay,@okaxis,Utilities,Ahmedabad,DEV_2306,iOS,0,1,5,1033.3,0.98,0,0,0
TX_UPI_104423,2026-08-01 12:33:51,12,CUST_1428,normal,BEN_6666,1227.1,BHIM,@sbi,Peer_to_Peer,Pune,DEV_1533,iOS,0,1,3,1036.41,1.18,0,0,0
TX_UPI_104424,2026-08-09 12:10:43,12,CUST_1408,normal,BEN_1148,2273.06,BHIM,@sbi,Utilities,Ahmedabad,DEV_1481,Android,0,1,4,1112.47,2.04,0,0,0
TX_UPI_104425,2026-08-09 05:00:40,5,CUST_1747,normal,BEN_1988,42.23,GPay,@okaxis,Travel,Hyderabad,DEV_1619,Android,0,1,3,1022.08,0.04,0,0,0
TX_UPI_104426,2026-08-01 05:18:58,5,CUST_1828,normal,BEN_2882,536.69,PhonePe,@icici,Travel,Hyderabad,DEV_2591,Android,0,1,4,977.0,0.55,1,0,0
TX_UPI_104427,2026-08-04 00:36:36,0,CUST_1451,normal,BEN_6826,1264.0,iMobile,@ybl,Grocery,Bengaluru,DEV_2908,Android,0,1,4,850.62,1.49,1,0,0
TX_UPI_104428,2026-08-07 13:36:41,13,CUST_1510,normal,BEN_6686,881.04,iMobile,@paytm,Grocery,Ahmedabad,DEV_1282,Android,0,1,4,1364.23,0.65,0,0,0
TX_UPI_104429,2026-08-02 17:43:28,17,CUST_1534,normal,BEN_5734,1405.38,PhonePe,@sbi,Peer_to_Peer,Kolkata,DEV_2790,Android,1,1,2,1175.76,1.2,0,0,0
TX_UPI_104430,2026-08-07 19:38:03,19,CUST_1424,normal,BEN_4174,2566.04,PhonePe,@okaxis,Peer_to_Peer,Hyderabad,DEV_2744,Android,0,1,5,1211.41,2.12,0,0,0
TX_UPI_104431,2026-08-08 21:02:40,21,CUST_1388,normal,BEN_3245,1780.47,iMobile,@icici,Travel,Kolkata,DEV_1558,iOS,0,1,6,1338.15,1.33,0,1,0
TX_UPI_104432,2026-08-03 00:29:24,0,CUST_1450,normal,BEN_1120,1653.41,PhonePe,@paytm,Utilities,Chennai,DEV_1468,iOS,0,1,6,820.4,2.02,0,0,0
TX_UPI_104433,2026-08-04 15:47:46,15,CUST_1179,normal,BEN_6994,10.0,PhonePe,@okaxis,Travel,Delhi_NCR,DEV_2312,Android,0,1,4,1096.48,0.01,0,0,0
TX_UPI_104434,2026-08-09 08:10:29,8,CUST_1352,normal,BEN_1987,764.87,PhonePe,@upi,Utilities,Delhi_NCR,DEV_1141,Android,0,1,5,632.91,1.21,0,0,0
TX_UPI_104435,2026-08-06 01:44:10,1,CUST_1473,normal,BEN_4610,772.18,BHIM,@paytm,Grocery,Ahmedabad,DEV_1952,Android,0,1,3,687.29,1.12,0,0,0
TX_UPI_104436,2026-08-09 12:36:17,12,CUST_1308,normal,BEN_1499,2395.78,BHIM,@sbi,Peer_to_Peer,Chennai,DEV_1586,iOS,0,1,1,938.8,2.55,0,0,0
TX_UPI_104437,2026-08-08 05:26:27,5,CUST_1516,normal,BEN_4281,1926.38,BHIM,@okaxis,Peer_to_Peer,Kolkata,DEV_2549,iOS,0,1,5,814.04,2.37,0,0,0
TX_UPI_104438,2026-08-05 17:28:33,17,CUST_1786,normal,BEN_5454,1745.99,GPay,@paytm,Peer_to_Peer,Hyderabad,DEV_2872,Android,1,1,4,1639.93,1.06,1,1,0
TX_UPI_104439,2026-08-02 10:03:12,10,CUST_1530,normal,BEN_6237,1523.15,PhonePe,@sbi,Utilities,Kolkata,DEV_1976,Android,0,1,3,874.44,1.74,0,0,0
TX_UPI_104440,2026-08-03 06:10:03,6,CUST_1325,normal,BEN_6119,604.61,GPay,@sbi,Travel,Bengaluru,DEV_1472,Android,0,1,2,1409.06,0.43,0,0,0
TX_UPI_104441,2026-08-04 05:12:47,5,CUST_1675,normal,BEN_4950,1214.38,iMobile,@paytm,Utilities,Pune,DEV_2868,iOS,0,1,5,1443.42,0.84,0,0,0
TX_UPI_104442,2026-08-10 16:09:40,16,CUST_1448,normal,BEN_3554,10.0,iMobile,@sbi,Travel,Ahmedabad,DEV_1933,Android,0,1,6,1093.3,0.01,0,0,0
TX_UPI_104443,2026-08-01 01:40:20,1,CUST_1697,normal,BEN_5991,1548.04,BHIM,@okaxis,Utilities,Hyderabad,DEV_1878,iOS,0,1,2,898.77,1.72,0,0,0
TX_UPI_104444,2026-08-09 17:52:17,17,CUST_1619,normal,BEN_1238,1591.08,PhonePe,@okaxis,Grocery,Ahmedabad,DEV_2154,iOS,0,1,8,1320.8,1.2,0,0,0
TX_UPI_104445,2026-08-05 22:12:38,22,CUST_1222,normal,BEN_4917,2212.42,Paytm,@sbi,Travel,Bengaluru,DEV_1889,iOS,0,1,3,935.95,2.36,0,0,0
TX_UPI_104446,2026-08-09 22:24:29,22,CUST_1104,normal,BEN_2069,575.36,Cred,@ybl,Peer_to_Peer,Hyderabad,DEV_1858,iOS,0,1,3,587.33,0.98,0,0,0
TX_UPI_104447,2026-08-10 16:18:06,16,CUST_1554,normal,BEN_1813,620.06,PhonePe,@icici,Travel,Pune,DEV_2482,Android,0,1,2,1037.91,0.6,0,0,0
TX_UPI_104448,2026-08-01 13:33:49,13,CUST_1576,normal,BEN_3389,1305.4,GPay,@icici,Peer_to_Peer,Delhi_NCR,DEV_1314,Android,0,1,4,1076.42,1.21,0,0,0
TX_UPI_104449,2026-08-01 07:34:28,7,CUST_1197,normal,BEN_6038,734.85,GPay,@upi,Peer_to_Peer,Delhi_NCR,DEV_1102,iOS,0,1,1,941.93,0.78,0,0,0
TX_UPI_104450,2026-08-09 06:42:39,6,CUST_1547,normal,BEN_6349,422.04,Paytm,@icici,Grocery,Bengaluru,DEV_2508,iOS,0,1,4,1298.23,0.33,0,0,0
TX_UPI_104451,2026-08-10 20:50:52,20,CUST_1334,normal,BEN_6912,1950.86,GPay,@icici,Travel,Delhi_NCR,DEV_2041,Android,0,1,5,1047.95,1.86,0,0,0
TX_UPI_104452,2026-08-07 22:01:06,22,CUST_1268,normal,BEN_6598,782.44,GPay,@paytm,Travel,Kolkata,DEV_2543,iOS,0,1,2,718.2,1.09,0,0,0
TX_UPI_104453,2026-08-02 04:54:11,4,CUST_1048,normal,BEN_5983,1993.48,BHIM,@paytm,Peer_to_Peer,Delhi_NCR,DEV_2449,iOS,0,1,3,780.88,2.55,0,0,0
TX_UPI_104454,2026-08-08 23:48:16,23,CUST_1723,normal,BEN_6054,538.81,Paytm,@okaxis,Utilities,Delhi_NCR,DEV_1688,Android,0,1,2,1090.33,0.49,0,0,0
TX_UPI_104455,2026-08-03 01:08:58,1,CUST_1381,normal,BEN_1097,2053.97,Paytm,@paytm,Travel,Chennai,DEV_2280,iOS,1,1,3,539.39,3.81,0,0,0
TX_UPI_104456,2026-08-06 04:38:53,4,CUST_1480,normal,BEN_6463,1048.66,BHIM,@ybl,Grocery,Hyderabad,DEV_1904,iOS,0,1,3,1026.02,1.02,1,0,0
TX_UPI_104457,2026-08-07 14:17:53,14,CUST_1004,normal,BEN_4955,698.03,BHIM,@upi,Grocery,Delhi_NCR,DEV_2545,iOS,0,1,4,1095.87,0.64,0,0,0
TX_UPI_104458,2026-08-06 15:56:57,15,CUST_1737,normal,BEN_3246,1180.14,PhonePe,@ybl,Travel,Bengaluru,DEV_1799,iOS,0,1,4,976.84,1.21,0,0,0
TX_UPI_104459,2026-08-01 07:23:31,7,CUST_1695,normal,BEN_3726,810.73,iMobile,@ybl,Travel,Bengaluru,DEV_1783,iOS,0,1,6,1214.25,0.67,0,0,0
TX_UPI_104460,2026-08-08 18:10:55,18,CUST_1277,normal,BEN_3687,1861.56,Cred,@ybl,Utilities,Delhi_NCR,DEV_2714,Android,1,1,6,1206.23,1.54,0,0,0
TX_UPI_104461,2026-08-01 18:39:11,18,CUST_1083,normal,BEN_4403,1942.71,iMobile,@upi,Travel,Pune,DEV_1387,iOS,0,1,1,1129.0,1.72,0,0,0
TX_UPI_104462,2026-08-01 09:41:25,9,CUST_1485,normal,BEN_6493,1053.83,GPay,@sbi,Utilities,Pune,DEV_1690,Android,0,1,7,1302.63,0.81,0,0,0
TX_UPI_104463,2026-08-01 19:03:28,19,CUST_1034,normal,BEN_2646,695.64,Cred,@sbi,Peer_to_Peer,Pune,DEV_1813,iOS,1,1,4,1120.24,0.62,0,0,0
TX_UPI_104464,2026-08-03 04:17:49,4,CUST_1431,normal,BEN_5142,1563.47,Paytm,@okaxis,Peer_to_Peer,Ahmedabad,DEV_1686,iOS,0,1,1,1166.4,1.34,0,0,0
TX_UPI_104465,2026-08-07 04:58:40,4,CUST_1083,normal,BEN_4314,1017.48,BHIM,@sbi,Peer_to_Peer,Kolkata,DEV_2277,Android,1,1,4,906.15,1.12,0,0,0
TX_UPI_104466,2026-08-04 16:10:51,16,CUST_1722,normal,BEN_6246,731.95,BHIM,@ybl,Travel,Delhi_NCR,DEV_1972,Android,0,1,6,827.63,0.88,0,0,0
TX_UPI_104467,2026-08-09 06:34:07,6,CUST_1473,normal,BEN_3779,417.8,GPay,@upi,Travel,Mumbai,DEV_2510,iOS,0,1,3,894.75,0.47,0,0,0
TX_UPI_104468,2026-08-04 10:35:52,10,CUST_1770,normal,BEN_3991,491.98,iMobile,@ybl,Peer_to_Peer,Delhi_NCR,DEV_2445,iOS,0,1,4,718.78,0.68,0,0,0
TX_UPI_104469,2026-08-06 17:42:29,17,CUST_1464,normal,BEN_4192,393.63,GPay,@okaxis,Grocery,Chennai,DEV_1331,iOS,0,1,8,1190.27,0.33,0,0,0
TX_UPI_104470,2026-08-02 12:38:14,12,CUST_1461,normal,BEN_3668,602.75,Cred,@ybl,Travel,Mumbai,DEV_2143,Android,0,1,4,1216.16,0.5,0,0,0
TX_UPI_104471,2026-08-05 23:08:50,23,CUST_1040,normal,BEN_2646,1995.53,BHIM,@sbi,Utilities,Kolkata,DEV_2155,iOS,0,1,3,1314.36,1.52,0,0,0
TX_UPI_104472,2026-08-03 10:44:02,10,CUST_1743,normal,BEN_3039,10.0,PhonePe,@ybl,Utilities,Bengaluru,DEV_2190,iOS,0,1,1,1119.33,0.01,0,0,0
TX_UPI_104473,2026-08-08 15:33:11,15,CUST_1178,normal,BEN_3636,1463.71,iMobile,@okaxis,Grocery,Kolkata,DEV_1890,iOS,0,1,2,1142.26,1.28,0,0,0
TX_UPI_104474,2026-08-01 06:11:43,6,CUST_1021,normal,BEN_1160,700.93,PhonePe,@icici,Grocery,Bengaluru,DEV_1080,Android,0,1,3,1325.95,0.53,0,0,0
TX_UPI_104475,2026-08-01 03:48:34,3,CUST_1520,normal,BEN_6685,1927.15,iMobile,@icici,Utilities,Kolkata,DEV_1631,iOS,0,1,2,826.26,2.33,0,0,0
TX_UPI_104476,2026-08-09 10:22:12,10,CUST_1497,normal,BEN_6998,871.06,BHIM,@paytm,Grocery,Mumbai,DEV_2768,Android,0,1,3,922.1,0.94,0,0,0
TX_UPI_104477,2026-08-10 20:47:56,20,CUST_1587,normal,BEN_4739,2032.51,GPay,@paytm,Grocery,Hyderabad,DEV_1415,iOS,0,1,4,1177.46,1.73,0,0,0
TX_UPI_104478,2026-08-06 15:08:56,15,CUST_1404,normal,BEN_3364,186.77,iMobile,@upi,Grocery,Bengaluru,DEV_1342,iOS,0,1,6,403.16,0.46,0,0,0
TX_UPI_104479,2026-08-01 14:06:45,14,CUST_1782,normal,BEN_4776,1867.24,BHIM,@sbi,Utilities,Mumbai,DEV_1898,Android,0,1,5,976.22,1.91,0,1,0
TX_UPI_104480,2026-08-07 18:51:21,18,CUST_1384,normal,BEN_3649,2218.33,Paytm,@icici,Utilities,Bengaluru,DEV_2522,iOS,0,1,3,1094.98,2.03,0,0,0
TX_UPI_104481,2026-08-03 16:50:44,16,CUST_1118,normal,BEN_5085,1471.62,Paytm,@sbi,Grocery,Hyderabad,DEV_2225,iOS,1,1,10,1402.66,1.05,0,0,0
TX_UPI_104482,2026-08-08 17:38:06,17,CUST_1226,normal,BEN_4111,1760.9,BHIM,@paytm,Utilities,Bengaluru,DEV_1218,iOS,0,1,2,1114.46,1.58,0,0,0
TX_UPI_104483,2026-08-03 07:13:29,7,CUST_1624,normal,BEN_5334,549.5,iMobile,@upi,Peer_to_Peer,Hyderabad,DEV_1911,Android,0,1,5,1113.71,0.49,0,0,0
TX_UPI_104484,2026-08-05 08:48:42,8,CUST_1375,normal,BEN_1543,300.38,Paytm,@sbi,Travel,Mumbai,DEV_1289,Android,0,1,4,876.14,0.34,0,0,0
TX_UPI_104485,2026-08-03 07:43:34,7,CUST_1344,normal,BEN_5688,1320.97,Cred,@paytm,Travel,Hyderabad,DEV_1171,Android,0,1,2,1086.6,1.22,0,0,0
TX_UPI_104486,2026-08-05 09:05:55,9,CUST_1694,normal,BEN_2210,1800.38,iMobile,@icici,Utilities,Bengaluru,DEV_1641,iOS,1,1,3,986.19,1.83,0,0,0
TX_UPI_104487,2026-08-09 02:03:05,2,CUST_1487,normal,BEN_6203,1362.62,GPay,@sbi,Grocery,Ahmedabad,DEV_1505,Android,0,1,5,814.28,1.67,0,0,0
TX_UPI_104488,2026-08-01 01:47:34,1,CUST_1034,normal,BEN_2181,1408.52,Paytm,@upi,Travel,Ahmedabad,DEV_1724,iOS,0,1,6,1217.68,1.16,0,0,0
TX_UPI_104489,2026-08-05 05:05:08,5,CUST_1693,normal,BEN_2164,1246.2,Paytm,@sbi,Travel,Kolkata,DEV_2664,iOS,0,1,5,1188.6,1.05,0,0,0
TX_UPI_104490,2026-08-02 03:33:44,3,CUST_1471,normal,BEN_2759,1802.88,GPay,@okaxis,Peer_to_Peer,Chennai,DEV_2019,iOS,0,1,1,707.17,2.55,0,0,0
TX_UPI_104491,2026-08-01 09:35:53,9,CUST_1476,normal,BEN_6856,2003.86,GPay,@upi,Utilities,Pune,DEV_1290,iOS,0,1,1,1176.37,1.7,0,0,0
TX_UPI_104492,2026-08-08 16:17:25,16,CUST_1589,suspicious,BEN_3984,21663.11,iMobile,@sbi,Electronics,Chennai,DEV_1946,Android,1,1,10,27088.11,0.8,1,1,1
TX_UPI_104493,2026-08-09 11:12:52,11,CUST_1007,normal,BEN_3037,1360.83,iMobile,@upi,Travel,Kolkata,DEV_1946,Android,0,1,8,930.05,1.46,0,0,0
TX_UPI_104494,2026-08-03 20:13:27,20,CUST_1159,normal,BEN_1478,2352.09,iMobile,@upi,Utilities,Delhi_NCR,DEV_1690,Android,0,1,4,921.35,2.55,0,0,0
TX_UPI_104495,2026-08-09 06:06:30,6,CUST_1757,normal,BEN_4365,1839.4,PhonePe,@ybl,Utilities,Mumbai,DEV_1532,Android,0,1,5,1088.6,1.69,0,0,0
TX_UPI_104496,2026-08-10 15:15:18,15,CUST_1616,normal,BEN_3583,1413.04,Paytm,@sbi,Grocery,Pune,DEV_2108,Android,1,1,2,881.81,1.6,0,0,0
TX_UPI_104497,2026-08-02 11:13:15,11,CUST_1708,normal,BEN_1293,1807.55,GPay,@paytm,Utilities,Pune,DEV_1446,Android,1,1,3,1060.78,1.7,0,0,0
TX_UPI_104498,2026-08-01 11:56:58,11,CUST_1679,normal,BEN_5333,1423.86,Cred,@upi,Peer_to_Peer,Mumbai,DEV_2493,Android,0,1,4,736.96,1.93,0,0,0
TX_UPI_104499,2026-08-07 07:52:26,7,CUST_1686,normal,BEN_4804,2229.0,Paytm,@ybl,Peer_to_Peer,Delhi_NCR,DEV_1379,iOS,0,1,4,1031.36,2.16,0,0,0
TX_UPI_104500,2026-08-04 13:25:00,13,CUST_1319,normal,BEN_3795,1544.68,PhonePe,@icici,Peer_to_Peer,Delhi_NCR,DEV_2011,iOS,0,1,4,1264.1,1.22,0,0,0
TX_UPI_104501,2026-08-04 18:54:57,18,CUST_1624,normal,BEN_4476,1630.39,Paytm,@ybl,Grocery,Delhi_NCR,DEV_1184,Android,0,1,5,1404.24,1.16,0,0,0
TX_UPI_104502,2026-08-08 09:24:28,9,CUST_1560,normal,BEN_1178,1906.9,BHIM,@okaxis,Peer_to_Peer,Pune,DEV_2529,Android,0,1,3,810.5,2.35,0,0,0
TX_UPI_104503,2026-08-03 16:11:58,16,CUST_1123,normal,BEN_3010,2534.24,PhonePe,@paytm,Utilities,Mumbai,DEV_2207,iOS,0,1,3,966.45,2.62,0,0,0
TX_UPI_104504,2026-08-06 22:49:59,22,CUST_1346,normal,BEN_4825,10.0,iMobile,@paytm,Peer_to_Peer,Hyderabad,DEV_2497,Android,0,1,4,1115.73,0.01,0,0,0
TX_UPI_104505,2026-08-10 09:26:21,9,CUST_1734,normal,BEN_4531,10.0,BHIM,@paytm,Grocery,Chennai,DEV_1929,Android,0,1,4,960.43,0.01,0,0,0
TX_UPI_104506,2026-08-08 17:28:30,17,CUST_1567,normal,BEN_3005,3352.25,Cred,@upi,Grocery,Hyderabad,DEV_2311,Android,0,1,2,975.55,3.44,0,0,0
TX_UPI_104507,2026-08-09 02:57:32,2,CUST_1792,normal,BEN_5642,500.18,iMobile,@sbi,Grocery,Pune,DEV_2934,Android,0,1,6,990.53,0.5,0,0,0
TX_UPI_104508,2026-08-06 13:58:49,13,CUST_1320,normal,BEN_6870,620.07,GPay,@paytm,Peer_to_Peer,Kolkata,DEV_1203,Android,0,1,5,748.72,0.83,0,0,0
TX_UPI_104509,2026-08-10 18:56:19,18,CUST_1609,normal,BEN_5962,1700.09,iMobile,@icici,Grocery,Bengaluru,DEV_2628,iOS,0,1,7,1215.99,1.4,0,0,0
TX_UPI_104510,2026-08-01 20:56:42,20,CUST_1751,normal,BEN_1064,1710.32,Cred,@upi,Grocery,Delhi_NCR,DEV_2851,iOS,0,1,5,1490.33,1.15,0,0,0
TX_UPI_104511,2026-08-05 22:14:37,22,CUST_1172,normal,BEN_1397,2167.92,iMobile,@paytm,Peer_to_Peer,Delhi_NCR,DEV_1799,Android,0,1,4,1296.93,1.67,0,0,0
TX_UPI_104512,2026-08-01 03:03:34,3,CUST_1351,normal,BEN_4321,491.25,Paytm,@ybl,Travel,Chennai,DEV_2749,Android,0,1,5,838.67,0.59,0,0,0
TX_UPI_104513,2026-08-02 00:20:20,0,CUST_1595,normal,BEN_5068,906.38,iMobile,@okaxis,Utilities,Delhi_NCR,DEV_1354,Android,1,1,1,1176.34,0.77,0,0,0
TX_UPI_104514,2026-08-06 11:33:22,11,CUST_1374,normal,BEN_1292,684.9,Cred,@ybl,Grocery,Bengaluru,DEV_1491,Android,0,1,6,1173.65,0.58,0,0,0
TX_UPI_104515,2026-08-09 15:37:32,15,CUST_1257,normal,BEN_1644,2099.28,PhonePe,@okaxis,Utilities,Ahmedabad,DEV_2587,Android,0,1,1,1329.21,1.58,0,0,0
TX_UPI_104516,2026-08-01 19:25:17,19,CUST_1809,normal,BEN_1132,2884.69,GPay,@icici,Utilities,Kolkata,DEV_2784,iOS,0,1,5,1269.68,2.27,0,0,0
TX_UPI_104517,2026-08-09 06:48:56,6,CUST_1327,normal,BEN_5482,1335.68,Paytm,@paytm,Peer_to_Peer,Chennai,DEV_1223,Android,0,1,2,1262.69,1.06,0,0,0
TX_UPI_104518,2026-08-08 00:10:12,0,CUST_1594,normal,BEN_3931,10.0,BHIM,@ybl,Grocery,Pune,DEV_1483,Android,0,1,3,654.95,0.02,0,0,0
TX_UPI_104519,2026-08-05 23:56:09,23,CUST_1260,normal,BEN_5811,637.07,BHIM,@okaxis,Travel,Kolkata,DEV_2290,Android,0,1,5,1201.29,0.53,0,0,0
TX_UPI_104520,2026-08-03 20:07:45,20,CUST_1771,normal,BEN_2095,1240.73,Cred,@paytm,Travel,Mumbai,DEV_2701,iOS,0,1,4,627.39,1.98,0,0,0
TX_UPI_104521,2026-08-05 04:59:31,4,CUST_1682,normal,BEN_2448,901.95,Cred,@paytm,Grocery,Chennai,DEV_1110,iOS,0,1,2,921.83,0.98,0,0,0
TX_UPI_104522,2026-08-07 17:21:58,17,CUST_1055,normal,BEN_2448,1679.66,BHIM,@upi,Travel,Ahmedabad,DEV_1687,Android,0,1,2,934.88,1.8,0,0,0
TX_UPI_104523,2026-08-05 06:12:03,6,CUST_1125,normal,BEN_5004,10.0,iMobile,@icici,Utilities,Mumbai,DEV_1901,iOS,0,1,3,818.92,0.01,0,1,0
TX_UPI_104524,2026-08-03 12:45:28,12,CUST_1741,normal,BEN_1158,1263.36,Paytm,@paytm,Travel,Hyderabad,DEV_1210,iOS,0,1,2,1105.09,1.14,0,0,0
TX_UPI_104525,2026-08-03 05:58:19,5,CUST_1830,normal,BEN_6638,1084.25,PhonePe,@upi,Peer_to_Peer,Hyderabad,DEV_1431,iOS,0,1,7,1199.33,0.9,0,0,0
TX_UPI_104526,2026-08-07 04:27:35,4,CUST_1666,normal,BEN_3723,10.0,iMobile,@sbi,Utilities,Hyderabad,DEV_1330,Android,0,1,1,1093.25,0.01,0,1,0
TX_UPI_104527,2026-08-06 09:53:27,9,CUST_1267,normal,BEN_5242,456.12,iMobile,@upi,Grocery,Mumbai,DEV_1471,Android,0,1,1,1403.89,0.32,0,0,0
TX_UPI_104528,2026-08-06 23:55:09,23,CUST_1703,normal,BEN_2494,1776.18,iMobile,@upi,Grocery,Chennai,DEV_1333,Android,0,1,5,934.24,1.9,0,0,0
TX_UPI_104529,2026-08-04 16:57:02,16,CUST_1012,suspicious,BEN_1386,35698.18,iMobile,@ybl,Electronics,Hyderabad,DEV_1272,iOS,1,1,12,26306.23,1.36,1,0,1
TX_UPI_104530,2026-08-10 07:44:37,7,CUST_1215,normal,BEN_3571,463.53,Paytm,@okaxis,Peer_to_Peer,Mumbai,DEV_1198,Android,0,1,7,703.14,0.66,0,0,0
TX_UPI_104531,2026-08-08 18:23:30,18,CUST_1773,normal,BEN_6102,2185.83,PhonePe,@upi,Travel,Chennai,DEV_2496,iOS,0,1,4,962.53,2.27,0,0,0
TX_UPI_104532,2026-08-02 09:16:00,9,CUST_1225,normal,BEN_3582,1333.6,iMobile,@sbi,Peer_to_Peer,Pune,DEV_2641,iOS,0,1,5,1408.02,0.95,0,0,0
TX_UPI_104533,2026-08-04 19:49:20,19,CUST_1595,normal,BEN_6302,1450.51,Paytm,@ybl,Peer_to_Peer,Hyderabad,DEV_2031,Android,0,1,2,1093.35,1.33,0,0,0
TX_UPI_104534,2026-08-10 20:57:26,20,CUST_1306,normal,BEN_3778,2653.43,PhonePe,@icici,Peer_to_Peer,Mumbai,DEV_1199,Android,1,1,6,1298.1,2.04,0,0,0
TX_UPI_104535,2026-08-10 04:15:06,4,CUST_1364,normal,BEN_6526,1836.55,iMobile,@paytm,Travel,Bengaluru,DEV_2893,Android,0,1,5,1358.1,1.35,0,0,0
TX_UPI_104536,2026-08-06 23:54:07,23,CUST_1406,normal,BEN_6605,834.7,Paytm,@okaxis,Grocery,Delhi_NCR,DEV_1988,iOS,0,1,1,1096.56,0.76,0,0,0
TX_UPI_104537,2026-08-10 18:00:33,18,CUST_1231,normal,BEN_3995,545.93,Paytm,@okaxis,Travel,Hyderabad,DEV_1533,Android,0,1,1,907.13,0.6,0,0,0
TX_UPI_104538,2026-08-05 00:19:42,0,CUST_1111,normal,BEN_2750,3188.25,Paytm,@sbi,Grocery,Delhi_NCR,DEV_2443,Android,0,1,4,1166.86,2.73,0,0,0
TX_UPI_104539,2026-08-06 04:20:41,4,CUST_1458,normal,BEN_2374,222.11,BHIM,@sbi,Travel,Chennai,DEV_1171,iOS,0,1,1,883.43,0.25,0,0,0
TX_UPI_104540,2026-08-04 18:57:07,18,CUST_1391,normal,BEN_5809,2350.56,BHIM,@icici,Travel,Kolkata,DEV_2042,Android,0,1,4,1223.66,1.92,0,0,0
TX_UPI_104541,2026-08-03 17:09:53,17,CUST_1484,normal,BEN_2840,1790.85,PhonePe,@paytm,Peer_to_Peer,Delhi_NCR,DEV_2063,Android,0,1,2,1413.11,1.27,0,0,0
TX_UPI_104542,2026-08-04 04:52:27,4,CUST_1269,mule,BEN_2074,22343.85,BHIM,@icici,Jewelry,Kolkata,DEV_1408,iOS,1,1,39,34153.81,0.65,1,1,1
TX_UPI_104543,2026-08-02 09:23:29,9,CUST_1679,normal,BEN_6482,10.0,Cred,@ybl,Grocery,Kolkata,DEV_2929,iOS,0,1,2,651.61,0.02,0,0,0
TX_UPI_104544,2026-08-09 17:44:19,17,CUST_1585,normal,BEN_1171,2130.63,Cred,@sbi,Travel,Ahmedabad,DEV_2950,iOS,0,1,3,545.2,3.91,0,0,0
TX_UPI_104545,2026-08-09 11:23:07,11,CUST_1616,normal,BEN_2000,1500.6,Cred,@sbi,Utilities,Chennai,DEV_2733,Android,0,1,2,723.89,2.07,0,0,0
TX_UPI_104546,2026-08-04 18:22:48,18,CUST_1029,normal,BEN_2363,2542.37,Paytm,@paytm,Utilities,Bengaluru,DEV_2709,Android,0,1,4,1009.58,2.52,0,0,0
TX_UPI_104547,2026-08-01 08:43:28,8,CUST_1573,normal,BEN_6599,880.46,GPay,@okaxis,Grocery,Hyderabad,DEV_1927,iOS,0,1,1,766.91,1.15,0,0,0
TX_UPI_104548,2026-08-08 20:09:22,20,CUST_1596,normal,BEN_1987,2227.93,PhonePe,@paytm,Peer_to_Peer,Kolkata,DEV_2708,Android,0,1,3,1085.3,2.05,0,0,0
TX_UPI_104549,2026-08-05 20:36:35,20,CUST_1793,normal,BEN_1584,10.0,PhonePe,@okaxis,Utilities,Chennai,DEV_2048,Android,0,1,1,1226.36,0.01,0,0,0
TX_UPI_104550,2026-08-05 08:34:34,8,CUST_1703,normal,BEN_3283,1502.17,BHIM,@icici,Utilities,Mumbai,DEV_1659,Android,0,1,7,1402.31,1.07,0,0,0
TX_UPI_104551,2026-08-05 08:49:51,8,CUST_1582,normal,BEN_6103,1015.43,Cred,@paytm,Travel,Ahmedabad,DEV_2941,iOS,0,1,4,1004.02,1.01,0,0,0
TX_UPI_104552,2026-08-03 03:10:59,3,CUST_1082,normal,BEN_3868,2843.85,PhonePe,@ybl,Peer_to_Peer,Pune,DEV_1071,iOS,0,1,6,1120.72,2.54,0,1,0
TX_UPI_104553,2026-08-02 17:42:32,17,CUST_1231,normal,BEN_2718,1360.32,Paytm,@ybl,Peer_to_Peer,Kolkata,DEV_2458,iOS,1,1,6,1219.1,1.12,0,0,0
TX_UPI_104554,2026-08-04 21:18:03,21,CUST_1480,normal,BEN_4061,2446.9,GPay,@upi,Grocery,Delhi_NCR,DEV_2018,iOS,0,1,1,1190.69,2.06,0,0,0
TX_UPI_104555,2026-08-04 02:15:59,2,CUST_1421,normal,BEN_3005,787.65,GPay,@paytm,Peer_to_Peer,Kolkata,DEV_2053,iOS,0,1,7,1451.14,0.54,0,0,0
TX_UPI_104556,2026-08-02 11:38:46,11,CUST_1445,normal,BEN_4600,1226.27,BHIM,@icici,Peer_to_Peer,Chennai,DEV_1930,iOS,0,1,7,1507.95,0.81,0,0,0
TX_UPI_104557,2026-08-10 16:41:20,16,CUST_1220,normal,BEN_4200,1259.53,Cred,@ybl,Peer_to_Peer,Mumbai,DEV_2313,Android,0,1,8,1072.48,1.17,0,0,0
TX_UPI_104558,2026-08-04 00:12:20,0,CUST_1803,normal,BEN_4040,1028.38,Cred,@sbi,Utilities,Kolkata,DEV_2295,Android,0,1,5,995.09,1.03,0,0,0
TX_UPI_104559,2026-08-09 23:32:54,23,CUST_1193,normal,BEN_5296,1268.27,BHIM,@icici,Peer_to_Peer,Hyderabad,DEV_2508,iOS,0,1,6,1084.61,1.17,0,0,0
TX_UPI_104560,2026-08-07 14:35:47,14,CUST_1021,normal,BEN_2200,10.0,BHIM,@paytm,Travel,Kolkata,DEV_2413,Android,0,1,4,912.89,0.01,0,0,0
TX_UPI_104561,2026-08-03 16:23:42,16,CUST_1706,normal,BEN_6783,1892.22,BHIM,@sbi,Utilities,Hyderabad,DEV_1399,iOS,0,1,5,1433.14,1.32,0,0,0
TX_UPI_104562,2026-08-03 13:24:03,13,CUST_1059,normal,BEN_5031,1926.03,Paytm,@ybl,Grocery,Bengaluru,DEV_1472,Android,0,1,6,919.42,2.09,0,0,0
TX_UPI_104563,2026-08-07 12:26:40,12,CUST_1456,normal,BEN_1376,1843.19,Cred,@sbi,Peer_to_Peer,Hyderabad,DEV_2480,iOS,1,1,7,914.72,2.02,0,0,0
TX_UPI_104564,2026-08-07 21:41:50,21,CUST_1831,normal,BEN_3842,2639.79,iMobile,@ybl,Utilities,Ahmedabad,DEV_2450,iOS,1,1,2,875.53,3.02,0,0,0
TX_UPI_104565,2026-08-01 07:00:26,7,CUST_1069,normal,BEN_3341,1436.96,PhonePe,@ybl,Travel,Ahmedabad,DEV_2524,Android,0,1,5,1298.82,1.11,0,1,0
TX_UPI_104566,2026-08-09 18:54:31,18,CUST_1483,normal,BEN_5947,430.59,iMobile,@paytm,Peer_to_Peer,Bengaluru,DEV_1462,Android,0,1,4,915.47,0.47,0,0,0
TX_UPI_104567,2026-08-08 13:31:20,13,CUST_1245,normal,BEN_2954,10.0,Cred,@ybl,Utilities,Kolkata,DEV_1179,Android,0,1,2,899.78,0.01,0,0,0
TX_UPI_104568,2026-08-03 20:29:55,20,CUST_1444,normal,BEN_3450,1617.28,iMobile,@upi,Travel,Hyderabad,DEV_1143,iOS,1,1,6,726.43,2.23,0,0,0
TX_UPI_104569,2026-08-06 02:30:37,2,CUST_1089,normal,BEN_1911,1481.57,iMobile,@sbi,Travel,Chennai,DEV_2034,Android,1,1,1,1230.98,1.2,0,0,0
TX_UPI_104570,2026-08-02 20:01:08,20,CUST_1817,normal,BEN_6082,701.82,Cred,@ybl,Utilities,Delhi_NCR,DEV_1130,Android,0,1,1,1271.92,0.55,0,0,0
TX_UPI_104571,2026-08-02 18:52:16,18,CUST_1042,normal,BEN_2296,730.46,GPay,@okaxis,Peer_to_Peer,Bengaluru,DEV_1984,Android,0,1,3,547.2,1.33,0,0,0
TX_UPI_104572,2026-08-09 23:38:55,23,CUST_1450,normal,BEN_3531,1957.24,Cred,@ybl,Travel,Mumbai,DEV_2279,Android,1,1,5,1081.31,1.81,0,0,0
TX_UPI_104573,2026-08-05 02:49:31,2,CUST_1254,normal,BEN_3458,10.0,BHIM,@paytm,Peer_to_Peer,Delhi_NCR,DEV_2224,iOS,0,1,6,920.1,0.01,0,0,0
TX_UPI_104574,2026-08-03 14:39:55,14,CUST_1597,normal,BEN_5939,837.32,PhonePe,@icici,Grocery,Hyderabad,DEV_1113,Android,0,1,8,911.13,0.92,0,0,0
TX_UPI_104575,2026-08-03 21:54:43,21,CUST_1756,normal,BEN_3541,1793.77,Cred,@upi,Travel,Delhi_NCR,DEV_2985,Android,1,1,5,1173.64,1.53,0,0,0
TX_UPI_104576,2026-08-01 13:25:03,13,CUST_1329,normal,BEN_1458,1425.6,Cred,@sbi,Travel,Kolkata,DEV_1217,Android,0,1,4,1145.27,1.24,0,0,0
TX_UPI_104577,2026-08-07 15:39:52,15,CUST_1479,normal,BEN_4842,1158.47,BHIM,@upi,Peer_to_Peer,Kolkata,DEV_2412,Android,0,1,7,764.96,1.51,0,0,0
TX_UPI_104578,2026-08-01 05:46:46,5,CUST_1308,normal,BEN_6811,2017.17,PhonePe,@icici,Travel,Ahmedabad,DEV_2624,iOS,1,1,5,1247.62,1.62,0,0,0
TX_UPI_104579,2026-08-09 18:24:53,18,CUST_1029,normal,BEN_5852,2093.58,Cred,@sbi,Peer_to_Peer,Delhi_NCR,DEV_2885,iOS,0,1,3,631.45,3.32,0,0,0
TX_UPI_104580,2026-08-02 22:54:37,22,CUST_1332,normal,BEN_3539,1142.17,GPay,@paytm,Peer_to_Peer,Delhi_NCR,DEV_1086,Android,0,1,2,904.35,1.26,1,0,0
TX_UPI_104581,2026-08-05 12:45:30,12,CUST_1044,normal,BEN_1117,206.06,Cred,@paytm,Utilities,Chennai,DEV_1972,Android,0,1,3,936.81,0.22,0,0,0
TX_UPI_104582,2026-08-07 08:32:38,8,CUST_1450,normal,BEN_2039,10.0,Cred,@icici,Travel,Ahmedabad,DEV_2901,iOS,0,1,5,1612.88,0.01,0,0,0
TX_UPI_104583,2026-08-03 19:50:46,19,CUST_1236,normal,BEN_2433,1684.99,iMobile,@ybl,Grocery,Chennai,DEV_2764,Android,1,1,3,1066.86,1.58,0,0,0
TX_UPI_104584,2026-08-03 21:31:42,21,CUST_1219,normal,BEN_1192,863.21,Paytm,@icici,Travel,Delhi_NCR,DEV_1677,Android,0,1,4,1071.12,0.81,0,0,0
TX_UPI_104585,2026-08-01 15:31:23,15,CUST_1520,normal,BEN_1292,527.16,Cred,@ybl,Travel,Delhi_NCR,DEV_2746,iOS,0,1,7,723.08,0.73,0,0,0
TX_UPI_104586,2026-08-09 15:45:33,15,CUST_1311,normal,BEN_3834,1774.67,Cred,@okaxis,Travel,Delhi_NCR,DEV_2688,iOS,0,1,3,1536.2,1.16,0,0,0
TX_UPI_104587,2026-08-03 09:02:48,9,CUST_1236,normal,BEN_1361,1472.69,GPay,@paytm,Grocery,Mumbai,DEV_2844,Android,0,1,3,1020.55,1.44,0,0,0
TX_UPI_104588,2026-08-05 08:57:04,8,CUST_1678,normal,BEN_4521,1231.93,Cred,@paytm,Grocery,Hyderabad,DEV_1006,iOS,0,1,1,895.95,1.37,0,0,0
TX_UPI_104589,2026-08-08 05:45:12,5,CUST_1823,normal,BEN_2967,10.0,Cred,@paytm,Utilities,Bengaluru,DEV_2584,iOS,0,1,2,1102.54,0.01,0,0,0
TX_UPI_104590,2026-08-05 14:58:56,14,CUST_1758,normal,BEN_6387,1440.14,Paytm,@paytm,Grocery,Kolkata,DEV_2776,iOS,0,1,1,1047.07,1.38,0,0,0
TX_UPI_104591,2026-08-07 14:26:49,14,CUST_1723,normal,BEN_4027,1650.73,Paytm,@upi,Peer_to_Peer,Delhi_NCR,DEV_2216,iOS,0,1,3,927.89,1.78,0,0,0
TX_UPI_104592,2026-08-07 15:04:38,15,CUST_1193,normal,BEN_1928,870.27,iMobile,@paytm,Peer_to_Peer,Bengaluru,DEV_1890,iOS,1,1,2,927.18,0.94,0,1,0
TX_UPI_104593,2026-08-07 03:30:46,3,CUST_1231,normal,BEN_4643,1339.06,Paytm,@okaxis,Grocery,Mumbai,DEV_2682,iOS,0,1,8,901.51,1.49,0,0,0
TX_UPI_104594,2026-08-07 19:34:50,19,CUST_1742,normal,BEN_2979,945.49,iMobile,@ybl,Grocery,Bengaluru,DEV_2648,iOS,0,1,3,915.03,1.03,0,0,0
TX_UPI_104595,2026-08-03 16:31:54,16,CUST_1666,normal,BEN_1833,2078.59,PhonePe,@icici,Peer_to_Peer,Ahmedabad,DEV_1413,iOS,0,1,1,952.55,2.18,0,0,0
TX_UPI_104596,2026-08-03 05:51:52,5,CUST_1676,normal,BEN_2103,1854.65,PhonePe,@paytm,Grocery,Mumbai,DEV_1067,Android,0,1,3,883.0,2.1,0,0,0
TX_UPI_104597,2026-08-05 04:05:51,4,CUST_1039,normal,BEN_4874,1552.61,iMobile,@okaxis,Peer_to_Peer,Delhi_NCR,DEV_2148,Android,0,1,5,1130.55,1.37,0,0,0
TX_UPI_104598,2026-08-08 19:53:22,19,CUST_1499,normal,BEN_2875,559.02,iMobile,@icici,Utilities,Pune,DEV_2874,Android,0,1,4,983.51,0.57,0,1,0
TX_UPI_104599,2026-08-04 18:31:28,18,CUST_1185,normal,BEN_5362,1796.15,GPay,@sbi,Travel,Pune,DEV_2785,Android,0,1,6,454.66,3.95,0,0,0
TX_UPI_104600,2026-08-06 23:04:27,23,CUST_1479,normal,BEN_6091,1288.85,iMobile,@icici,Utilities,Delhi_NCR,DEV_2316,iOS,0,1,1,1666.03,0.77,0,0,0
TX_UPI_104601,2026-08-05 11:23:29,11,CUST_1082,normal,BEN_3056,825.5,Paytm,@sbi,Grocery,Ahmedabad,DEV_2618,Android,0,1,5,1071.52,0.77,0,0,0
TX_UPI_104602,2026-08-04 00:51:39,0,CUST_1638,normal,BEN_5645,557.53,Paytm,@icici,Peer_to_Peer,Bengaluru,DEV_2851,iOS,0,1,2,1460.56,0.38,0,0,0
TX_UPI_104603,2026-08-03 16:13:20,16,CUST_1244,normal,BEN_3155,1964.75,iMobile,@upi,Grocery,Hyderabad,DEV_2996,Android,1,1,7,1093.31,1.8,0,0,0
TX_UPI_104604,2026-08-02 06:57:11,6,CUST_1809,normal,BEN_1951,1430.34,iMobile,@okaxis,Peer_to_Peer,Hyderabad,DEV_1143,Android,1,1,3,1011.1,1.41,0,0,0
TX_UPI_104605,2026-08-06 07:16:08,7,CUST_1172,normal,BEN_3503,366.49,GPay,@upi,Utilities,Hyderabad,DEV_2036,iOS,0,1,4,890.58,0.41,0,0,0
TX_UPI_104606,2026-08-04 03:57:10,3,CUST_1770,normal,BEN_5217,1553.53,iMobile,@upi,Grocery,Chennai,DEV_1043,iOS,0,1,4,1149.04,1.35,0,0,0
TX_UPI_104607,2026-08-01 23:21:18,23,CUST_1238,normal,BEN_5222,2540.1,BHIM,@sbi,Utilities,Bengaluru,DEV_2401,iOS,0,1,3,1261.61,2.01,0,0,0
TX_UPI_104608,2026-08-02 11:32:48,11,CUST_1314,normal,BEN_2167,2841.21,BHIM,@ybl,Peer_to_Peer,Chennai,DEV_1602,iOS,0,1,6,1356.76,2.09,0,0,0
TX_UPI_104609,2026-08-03 12:57:25,12,CUST_1170,normal,BEN_2038,954.65,PhonePe,@icici,Utilities,Hyderabad,DEV_2540,Android,0,1,4,763.61,1.25,0,0,0
TX_UPI_104610,2026-08-09 10:15:25,10,CUST_1299,normal,BEN_5502,1599.13,GPay,@ybl,Utilities,Kolkata,DEV_1702,iOS,0,1,4,1085.61,1.47,0,0,0
TX_UPI_104611,2026-08-09 19:38:37,19,CUST_1253,normal,BEN_3288,2021.76,GPay,@okaxis,Grocery,Bengaluru,DEV_2326,iOS,0,1,1,1472.37,1.37,0,0,0
TX_UPI_104612,2026-08-09 00:03:46,0,CUST_1528,suspicious,BEN_4998,44231.76,Cred,@sbi,Electronics,Delhi_NCR,DEV_1461,iOS,0,1,17,24396.86,1.81,0,1,1
TX_UPI_104613,2026-08-07 00:51:52,0,CUST_1093,normal,BEN_2181,1584.49,Cred,@sbi,Travel,Bengaluru,DEV_2693,Android,1,1,7,1104.39,1.43,0,0,0
TX_UPI_104614,2026-08-02 03:39:06,3,CUST_1237,normal,BEN_6929,1315.22,PhonePe,@paytm,Travel,Pune,DEV_1387,iOS,1,1,4,1507.69,0.87,0,0,0
TX_UPI_104615,2026-08-10 02:29:16,2,CUST_1706,normal,BEN_3172,904.89,BHIM,@ybl,Grocery,Pune,DEV_2846,Android,0,1,3,1431.22,0.63,0,0,0
TX_UPI_104616,2026-08-01 16:27:43,16,CUST_1765,normal,BEN_6421,1317.61,BHIM,@paytm,Peer_to_Peer,Delhi_NCR,DEV_2539,Android,0,1,6,861.29,1.53,0,0,0
TX_UPI_104617,2026-08-07 11:05:14,11,CUST_1649,normal,BEN_5861,1035.77,Paytm,@sbi,Peer_to_Peer,Bengaluru,DEV_1217,iOS,0,1,6,917.68,1.13,0,0,0
TX_UPI_104618,2026-08-08 23:33:57,23,CUST_1463,normal,BEN_5763,1078.96,Paytm,@paytm,Peer_to_Peer,Kolkata,DEV_2754,iOS,0,1,4,842.6,1.28,0,1,0
TX_UPI_104619,2026-08-03 18:05:41,18,CUST_1486,normal,BEN_2648,868.95,iMobile,@ybl,Travel,Kolkata,DEV_2734,iOS,0,1,4,1091.2,0.8,0,0,0
TX_UPI_104620,2026-08-01 15:26:53,15,CUST_1511,normal,BEN_2688,2224.28,GPay,@sbi,Peer_to_Peer,Mumbai,DEV_2086,iOS,0,1,7,874.54,2.54,0,0,0
TX_UPI_104621,2026-08-03 21:49:32,21,CUST_1067,normal,BEN_3619,1289.01,GPay,@ybl,Utilities,Kolkata,DEV_2409,iOS,0,1,5,1443.92,0.89,0,0,0
TX_UPI_104622,2026-08-06 22:52:07,22,CUST_1233,normal,BEN_5262,1774.79,Paytm,@ybl,Peer_to_Peer,Bengaluru,DEV_1032,iOS,1,1,4,1239.97,1.43,0,0,0
TX_UPI_104623,2026-08-10 11:20:25,11,CUST_1003,normal,BEN_6022,1739.02,Cred,@ybl,Utilities,Hyderabad,DEV_2863,iOS,0,1,2,1126.27,1.54,0,0,0
TX_UPI_104624,2026-08-08 12:50:55,12,CUST_1727,normal,BEN_3659,2367.33,Paytm,@upi,Peer_to_Peer,Delhi_NCR,DEV_2519,Android,0,1,3,1111.07,2.13,0,0,0
TX_UPI_104625,2026-08-07 09:05:14,9,CUST_1551,normal,BEN_4912,1005.99,Cred,@sbi,Peer_to_Peer,Delhi_NCR,DEV_2504,iOS,0,1,1,1084.94,0.93,0,0,0
TX_UPI_104626,2026-08-03 06:17:10,6,CUST_1811,normal,BEN_5830,1441.43,PhonePe,@okaxis,Utilities,Ahmedabad,DEV_1714,iOS,1,1,2,802.89,1.8,0,0,0
TX_UPI_104627,2026-08-04 09:34:37,9,CUST_1349,normal,BEN_4738,495.51,PhonePe,@ybl,Travel,Ahmedabad,DEV_2205,iOS,0,1,5,1553.41,0.32,0,0,0
TX_UPI_104628,2026-08-05 23:14:39,23,CUST_1674,normal,BEN_4815,2305.95,GPay,@upi,Grocery,Hyderabad,DEV_1079,Android,0,1,1,1285.11,1.79,0,0,0
TX_UPI_104629,2026-08-06 22:54:36,22,CUST_1772,normal,BEN_6096,669.47,PhonePe,@sbi,Grocery,Chennai,DEV_1452,iOS,1,1,2,969.13,0.69,0,0,0
TX_UPI_104630,2026-08-02 17:21:08,17,CUST_1392,normal,BEN_3689,1764.85,iMobile,@icici,Peer_to_Peer,Ahmedabad,DEV_1450,iOS,1,1,5,1056.47,1.67,0,0,0
TX_UPI_104631,2026-08-04 15:24:34,15,CUST_1799,normal,BEN_6080,1135.14,BHIM,@icici,Utilities,Chennai,DEV_1075,Android,0,1,4,1216.32,0.93,0,0,0
TX_UPI_104632,2026-08-08 20:35:01,20,CUST_1408,normal,BEN_2263,2140.98,iMobile,@okaxis,Peer_to_Peer,Kolkata,DEV_2770,iOS,0,1,1,1084.81,1.97,0,1,0
TX_UPI_104633,2026-08-02 14:39:51,14,CUST_1583,normal,BEN_4496,345.58,BHIM,@icici,Peer_to_Peer,Kolkata,DEV_2325,Android,0,1,3,1025.72,0.34,0,0,0
TX_UPI_104634,2026-08-05 12:23:46,12,CUST_1131,normal,BEN_4709,1162.6,BHIM,@ybl,Grocery,Kolkata,DEV_1037,Android,1,1,2,723.05,1.61,1,0,0
TX_UPI_104635,2026-08-07 04:39:16,4,CUST_1236,normal,BEN_4763,10.0,Cred,@icici,Peer_to_Peer,Mumbai,DEV_1135,Android,0,1,3,976.56,0.01,0,0,0
TX_UPI_104636,2026-08-07 00:50:35,0,CUST_1494,normal,BEN_5231,659.25,iMobile,@icici,Grocery,Kolkata,DEV_2877,Android,0,1,6,873.73,0.75,0,0,0
TX_UPI_104637,2026-08-07 16:51:35,16,CUST_1656,normal,BEN_2470,2333.47,GPay,@ybl,Peer_to_Peer,Mumbai,DEV_1349,Android,0,1,7,611.78,3.81,0,0,0
TX_UPI_104638,2026-08-06 17:45:48,17,CUST_1715,normal,BEN_2500,1273.91,Paytm,@icici,Utilities,Kolkata,DEV_1838,iOS,0,1,3,381.17,3.34,0,0,0
TX_UPI_104639,2026-08-07 10:21:08,10,CUST_1205,normal,BEN_6517,44.29,PhonePe,@icici,Utilities,Delhi_NCR,DEV_2984,Android,0,1,5,1564.61,0.03,0,0,0
TX_UPI_104640,2026-08-08 06:24:36,6,CUST_1079,normal,BEN_4640,1922.14,BHIM,@upi,Travel,Pune,DEV_1917,iOS,0,1,4,1074.88,1.79,0,0,0
TX_UPI_104641,2026-08-09 05:47:54,5,CUST_1698,normal,BEN_4837,2546.13,iMobile,@upi,Peer_to_Peer,Mumbai,DEV_1614,iOS,0,1,8,939.16,2.71,0,0,0
TX_UPI_104642,2026-08-10 18:54:14,18,CUST_1145,normal,BEN_4861,10.0,Cred,@upi,Peer_to_Peer,Ahmedabad,DEV_2847,iOS,0,1,1,1397.25,0.01,0,0,0
TX_UPI_104643,2026-08-06 22:45:25,22,CUST_1237,normal,BEN_1648,1162.35,iMobile,@okaxis,Grocery,Mumbai,DEV_2893,Android,0,1,4,650.24,1.79,0,0,0
TX_UPI_104644,2026-08-02 22:38:52,22,CUST_1014,normal,BEN_2071,597.45,GPay,@sbi,Utilities,Hyderabad,DEV_1630,iOS,0,1,3,1129.88,0.53,0,0,0
TX_UPI_104645,2026-08-04 18:31:32,18,CUST_1103,normal,BEN_6188,881.13,PhonePe,@paytm,Travel,Chennai,DEV_1380,iOS,0,1,1,891.7,0.99,0,1,0
TX_UPI_104646,2026-08-10 20:48:57,20,CUST_1662,normal,BEN_2549,2166.66,GPay,@icici,Travel,Pune,DEV_1163,Android,0,1,4,1226.92,1.77,0,0,0
TX_UPI_104647,2026-08-10 10:08:36,10,CUST_1398,normal,BEN_5931,480.9,Paytm,@upi,Peer_to_Peer,Hyderabad,DEV_1620,iOS,1,1,1,954.45,0.5,0,0,0
TX_UPI_104648,2026-08-08 11:24:09,11,CUST_1828,normal,BEN_6974,506.74,BHIM,@paytm,Utilities,Ahmedabad,DEV_1121,Android,0,1,4,1868.57,0.27,0,0,0
TX_UPI_104649,2026-08-05 22:03:47,22,CUST_1103,normal,BEN_5329,1756.13,Paytm,@ybl,Grocery,Delhi_NCR,DEV_2927,iOS,0,1,9,1216.5,1.44,0,0,0
TX_UPI_104650,2026-08-07 23:34:10,23,CUST_1746,normal,BEN_4869,696.09,iMobile,@icici,Grocery,Bengaluru,DEV_1456,Android,0,1,4,1507.35,0.46,0,0,0
TX_UPI_104651,2026-08-06 02:58:43,2,CUST_1259,normal,BEN_5362,2663.65,BHIM,@icici,Utilities,Mumbai,DEV_2454,iOS,0,1,2,1140.76,2.33,0,0,0
TX_UPI_104652,2026-08-02 17:25:48,17,CUST_1659,normal,BEN_6499,56.59,BHIM,@upi,Travel,Mumbai,DEV_1391,iOS,0,1,5,1452.81,0.04,0,0,0
TX_UPI_104653,2026-08-10 05:33:23,5,CUST_1257,normal,BEN_5656,1231.84,PhonePe,@icici,Utilities,Ahmedabad,DEV_1470,Android,0,1,2,1166.43,1.06,0,0,0
TX_UPI_104654,2026-08-01 00:56:05,0,CUST_1031,normal,BEN_6348,1533.97,Paytm,@okaxis,Travel,Pune,DEV_1337,Android,0,1,4,1122.89,1.37,0,0,0
TX_UPI_104655,2026-08-02 11:52:32,11,CUST_1803,normal,BEN_2155,1060.95,GPay,@paytm,Peer_to_Peer,Delhi_NCR,DEV_2667,Android,1,1,5,1256.69,0.84,0,0,0
TX_UPI_104656,2026-08-05 13:16:09,13,CUST_1178,normal,BEN_5602,413.52,iMobile,@sbi,Grocery,Hyderabad,DEV_1531,Android,1,1,1,1018.95,0.41,0,0,0
TX_UPI_104657,2026-08-04 10:55:56,10,CUST_1448,normal,BEN_4984,1789.47,iMobile,@paytm,Grocery,Kolkata,DEV_1644,iOS,0,1,4,925.64,1.93,0,0,0
TX_UPI_104658,2026-08-06 02:15:46,2,CUST_1071,normal,BEN_2852,1409.21,BHIM,@ybl,Travel,Bengaluru,DEV_1573,Android,0,1,3,1291.32,1.09,0,0,0
TX_UPI_104659,2026-08-10 20:01:06,20,CUST_1712,normal,BEN_1397,1466.45,iMobile,@upi,Travel,Bengaluru,DEV_1560,iOS,0,1,3,1135.56,1.29,0,1,0
TX_UPI_104660,2026-08-07 07:40:06,7,CUST_1277,normal,BEN_3220,2252.04,GPay,@upi,Travel,Delhi_NCR,DEV_1430,iOS,0,1,2,1176.64,1.91,0,0,0
TX_UPI_104661,2026-08-10 09:18:12,9,CUST_1186,normal,BEN_3620,1143.63,BHIM,@ybl,Utilities,Mumbai,DEV_2646,Android,0,1,4,922.9,1.24,0,0,0
TX_UPI_104662,2026-08-07 02:54:46,2,CUST_1206,normal,BEN_2839,1288.27,GPay,@icici,Grocery,Delhi_NCR,DEV_1154,Android,0,1,6,855.12,1.51,0,0,0
TX_UPI_104663,2026-08-07 05:47:23,5,CUST_1419,normal,BEN_1285,136.48,GPay,@upi,Grocery,Delhi_NCR,DEV_1397,iOS,0,1,1,799.04,0.17,0,0,0
TX_UPI_104664,2026-08-05 11:31:23,11,CUST_1119,normal,BEN_5446,1676.26,Cred,@upi,Grocery,Delhi_NCR,DEV_1682,iOS,0,1,1,1008.51,1.66,0,0,0
TX_UPI_104665,2026-08-02 20:58:45,20,CUST_1484,normal,BEN_4613,1694.63,Cred,@upi,Grocery,Hyderabad,DEV_2095,iOS,0,1,4,987.47,1.72,0,0,0
TX_UPI_104666,2026-08-01 16:07:20,16,CUST_1418,normal,BEN_2023,1352.74,Cred,@paytm,Grocery,Chennai,DEV_2808,Android,0,1,4,1026.18,1.32,0,0,0
TX_UPI_104667,2026-08-02 08:00:58,8,CUST_1342,suspicious,BEN_4634,24204.98,BHIM,@upi,Jewelry,Ahmedabad,DEV_2256,iOS,1,2,35,29570.28,0.82,1,0,1
TX_UPI_104668,2026-08-08 16:03:04,16,CUST_1549,normal,BEN_2380,3184.52,iMobile,@icici,Travel,Bengaluru,DEV_1553,Android,0,1,3,1059.61,3.01,0,0,0
TX_UPI_104669,2026-08-05 20:36:49,20,CUST_1327,normal,BEN_5106,134.3,iMobile,@paytm,Grocery,Pune,DEV_1088,iOS,0,1,2,1536.46,0.09,0,0,0
TX_UPI_104670,2026-08-01 14:39:04,14,CUST_1313,normal,BEN_6246,782.37,PhonePe,@icici,Grocery,Ahmedabad,DEV_2272,iOS,0,1,7,781.59,1.0,0,0,0
TX_UPI_104671,2026-08-02 18:32:36,18,CUST_1807,normal,BEN_3518,357.22,BHIM,@icici,Grocery,Mumbai,DEV_2220,iOS,0,1,3,1064.7,0.34,0,0,0
TX_UPI_104672,2026-08-01 00:15:33,0,CUST_1814,normal,BEN_5367,1938.47,BHIM,@upi,Utilities,Ahmedabad,DEV_1104,Android,0,1,4,980.08,1.98,0,0,0
TX_UPI_104673,2026-08-03 16:11:56,16,CUST_1211,normal,BEN_3831,1093.35,PhonePe,@upi,Travel,Ahmedabad,DEV_1124,iOS,0,1,3,860.48,1.27,0,0,0
TX_UPI_104674,2026-08-10 10:41:46,10,CUST_1147,normal,BEN_4061,489.63,iMobile,@upi,Travel,Bengaluru,DEV_1293,Android,0,1,6,641.24,0.76,0,0,0
TX_UPI_104675,2026-08-10 11:18:42,11,CUST_1706,normal,BEN_4983,2493.89,GPay,@paytm,Grocery,Bengaluru,DEV_1353,iOS,0,1,3,894.6,2.79,0,0,0
TX_UPI_104676,2026-08-10 06:11:22,6,CUST_1333,normal,BEN_5212,1791.81,Paytm,@sbi,Grocery,Pune,DEV_2325,iOS,1,1,6,1348.23,1.33,0,0,0
TX_UPI_104677,2026-08-09 09:20:52,9,CUST_1072,normal,BEN_1837,1601.48,BHIM,@icici,Peer_to_Peer,Bengaluru,DEV_2013,Android,0,1,6,668.04,2.4,0,0,0
TX_UPI_104678,2026-08-08 12:32:23,12,CUST_1649,normal,BEN_4225,782.54,iMobile,@paytm,Grocery,Bengaluru,DEV_2299,iOS,0,1,2,1373.91,0.57,0,0,0
TX_UPI_104679,2026-08-03 03:51:07,3,CUST_1691,normal,BEN_1167,893.22,Paytm,@okaxis,Utilities,Pune,DEV_2893,iOS,1,1,5,1208.61,0.74,0,0,0
TX_UPI_104680,2026-08-10 04:19:44,4,CUST_1317,normal,BEN_3987,510.15,PhonePe,@upi,Grocery,Bengaluru,DEV_1690,iOS,1,1,2,1390.52,0.37,0,0,0
TX_UPI_104681,2026-08-07 10:03:03,10,CUST_1445,normal,BEN_3828,579.61,Cred,@upi,Utilities,Kolkata,DEV_1898,iOS,0,1,4,892.19,0.65,0,0,0
TX_UPI_104682,2026-08-03 12:05:14,12,CUST_1781,normal,BEN_5156,948.84,PhonePe,@okaxis,Grocery,Pune,DEV_1832,Android,0,1,3,892.11,1.06,0,0,0
TX_UPI_104683,2026-08-06 17:31:05,17,CUST_1832,normal,BEN_5220,431.64,GPay,@okaxis,Peer_to_Peer,Pune,DEV_1231,iOS,0,1,4,877.26,0.49,0,0,0
TX_UPI_104684,2026-08-03 18:32:01,18,CUST_1636,normal,BEN_2894,551.47,PhonePe,@paytm,Travel,Kolkata,DEV_2102,iOS,0,1,2,1061.3,0.52,0,0,0
TX_UPI_104685,2026-08-07 04:00:52,4,CUST_1829,normal,BEN_3169,1954.96,Cred,@sbi,Travel,Delhi_NCR,DEV_1289,Android,0,1,7,905.78,2.16,0,0,0
TX_UPI_104686,2026-08-09 03:33:51,3,CUST_1458,normal,BEN_5031,2920.25,iMobile,@upi,Utilities,Hyderabad,DEV_1510,Android,0,1,1,1340.05,2.18,0,0,0
TX_UPI_104687,2026-08-03 23:55:50,23,CUST_1236,normal,BEN_5235,622.64,PhonePe,@paytm,Peer_to_Peer,Mumbai,DEV_1147,iOS,0,1,2,901.26,0.69,0,1,0
TX_UPI_104688,2026-08-02 19:33:08,19,CUST_1458,normal,BEN_6753,1158.04,Paytm,@paytm,Peer_to_Peer,Mumbai,DEV_2477,iOS,0,1,5,1240.77,0.93,0,0,0
TX_UPI_104689,2026-08-02 03:36:11,3,CUST_1204,normal,BEN_3776,444.81,Paytm,@ybl,Grocery,Bengaluru,DEV_2566,Android,1,1,2,860.01,0.52,0,0,0
TX_UPI_104690,2026-08-04 06:41:25,6,CUST_1486,normal,BEN_3435,1110.92,BHIM,@okaxis,Travel,Pune,DEV_1119,iOS,1,1,3,851.96,1.3,0,0,0
TX_UPI_104691,2026-08-06 03:02:00,3,CUST_1072,normal,BEN_3017,1415.68,BHIM,@okaxis,Peer_to_Peer,Pune,DEV_1608,iOS,0,1,8,958.87,1.48,0,0,0
TX_UPI_104692,2026-08-09 08:50:12,8,CUST_1010,normal,BEN_2784,853.19,Paytm,@sbi,Peer_to_Peer,Hyderabad,DEV_2721,Android,0,1,5,945.88,0.9,0,0,0
TX_UPI_104693,2026-08-10 15:02:42,15,CUST_1739,normal,BEN_4944,1735.17,Cred,@ybl,Travel,Ahmedabad,DEV_2490,iOS,0,1,2,1519.71,1.14,0,0,0
TX_UPI_104694,2026-08-07 04:32:04,4,CUST_1319,normal,BEN_4376,1475.82,iMobile,@okaxis,Utilities,Delhi_NCR,DEV_2311,iOS,0,1,2,938.71,1.57,0,0,0
TX_UPI_104695,2026-08-02 06:45:40,6,CUST_1163,normal,BEN_5646,788.96,Paytm,@sbi,Grocery,Ahmedabad,DEV_2247,iOS,0,1,6,775.5,1.02,0,0,0
TX_UPI_104696,2026-08-09 09:51:28,9,CUST_1038,normal,BEN_4752,665.65,BHIM,@sbi,Grocery,Bengaluru,DEV_2734,Android,0,1,2,1076.23,0.62,0,0,0
TX_UPI_104697,2026-08-06 17:32:19,17,CUST_1192,normal,BEN_1587,983.11,PhonePe,@paytm,Peer_to_Peer,Kolkata,DEV_2066,iOS,0,1,1,984.04,1.0,0,0,0
TX_UPI_104698,2026-08-05 18:04:19,18,CUST_1630,normal,BEN_2493,1120.36,PhonePe,@sbi,Grocery,Kolkata,DEV_1142,iOS,0,1,2,1244.83,0.9,0,0,0
TX_UPI_104699,2026-08-07 01:58:36,1,CUST_1431,normal,BEN_4443,1935.53,Paytm,@upi,Utilities,Ahmedabad,DEV_1232,Android,0,1,3,1135.33,1.7,0,1,0
TX_UPI_104700,2026-08-03 08:14:44,8,CUST_1389,normal,BEN_2999,10.0,PhonePe,@upi,Travel,Mumbai,DEV_1760,iOS,1,1,3,1321.16,0.01,0,0,0
TX_UPI_104701,2026-08-09 08:50:47,8,CUST_1140,normal,BEN_6322,861.25,PhonePe,@paytm,Peer_to_Peer,Pune,DEV_1748,Android,0,1,2,1626.65,0.53,0,0,0
TX_UPI_104702,2026-08-07 16:34:59,16,CUST_1362,normal,BEN_1393,2655.26,Cred,@paytm,Grocery,Delhi_NCR,DEV_2673,iOS,1,1,4,1353.34,1.96,0,0,0
TX_UPI_104703,2026-08-01 06:23:09,6,CUST_1750,normal,BEN_4058,10.0,BHIM,@sbi,Travel,Kolkata,DEV_1025,iOS,1,1,2,967.21,0.01,0,0,0
TX_UPI_104704,2026-08-08 18:19:30,18,CUST_1668,normal,BEN_2271,1011.22,Cred,@okaxis,Peer_to_Peer,Chennai,DEV_1333,Android,0,1,3,467.99,2.16,0,0,0
TX_UPI_104705,2026-08-05 17:44:08,17,CUST_1412,normal,BEN_1767,1508.82,iMobile,@okaxis,Peer_to_Peer,Delhi_NCR,DEV_2074,Android,0,1,5,1464.46,1.03,0,0,0
TX_UPI_104706,2026-08-08 03:41:51,3,CUST_1677,normal,BEN_3996,569.35,GPay,@sbi,Peer_to_Peer,Ahmedabad,DEV_2955,Android,0,1,2,436.8,1.3,0,0,0
TX_UPI_104707,2026-08-09 23:38:58,23,CUST_1799,normal,BEN_4095,965.15,GPay,@paytm,Utilities,Hyderabad,DEV_1455,Android,0,1,5,933.18,1.03,0,0,0
TX_UPI_104708,2026-08-09 12:09:35,12,CUST_1288,normal,BEN_2160,2914.76,PhonePe,@okaxis,Travel,Hyderabad,DEV_2316,iOS,0,1,3,1115.28,2.61,0,0,0
TX_UPI_104709,2026-08-06 06:28:58,6,CUST_1749,normal,BEN_5606,109.52,GPay,@okaxis,Peer_to_Peer,Chennai,DEV_1817,iOS,0,1,4,604.96,0.18,0,0,0
TX_UPI_104710,2026-08-01 16:45:30,16,CUST_1378,normal,BEN_1224,1754.96,BHIM,@icici,Utilities,Ahmedabad,DEV_1855,iOS,0,1,5,1406.23,1.25,0,0,0
TX_UPI_104711,2026-08-08 13:23:21,13,CUST_1390,normal,BEN_4706,384.03,GPay,@paytm,Peer_to_Peer,Ahmedabad,DEV_1034,Android,0,1,4,1215.32,0.32,1,0,0
TX_UPI_104712,2026-08-09 11:51:03,11,CUST_1137,normal,BEN_5812,1553.83,BHIM,@ybl,Peer_to_Peer,Mumbai,DEV_2687,Android,0,1,2,505.92,3.07,0,0,0
TX_UPI_104713,2026-08-10 15:35:37,15,CUST_1801,normal,BEN_4046,1477.57,PhonePe,@okaxis,Travel,Ahmedabad,DEV_2791,iOS,0,1,3,944.0,1.57,0,0,0
TX_UPI_104714,2026-08-07 17:04:02,17,CUST_1433,normal,BEN_5566,1811.16,Cred,@paytm,Travel,Pune,DEV_2410,Android,0,1,3,763.39,2.37,0,0,0
TX_UPI_104715,2026-08-07 23:37:57,23,CUST_1362,normal,BEN_1537,10.0,Paytm,@sbi,Peer_to_Peer,Ahmedabad,DEV_2132,Android,0,1,1,1654.32,0.01,0,0,0
TX_UPI_104716,2026-08-07 10:12:12,10,CUST_1082,normal,BEN_1174,1778.22,Paytm,@upi,Peer_to_Peer,Bengaluru,DEV_2328,Android,0,1,4,1036.4,1.72,0,0,0
TX_UPI_104717,2026-08-05 21:17:47,21,CUST_1220,normal,BEN_5933,1002.09,Cred,@okaxis,Peer_to_Peer,Kolkata,DEV_2594,iOS,0,1,6,962.26,1.04,0,0,0
TX_UPI_104718,2026-08-05 15:40:05,15,CUST_1375,normal,BEN_5368,1661.54,Cred,@upi,Utilities,Pune,DEV_1223,iOS,1,1,3,1545.64,1.07,0,0,0
TX_UPI_104719,2026-08-08 01:12:46,1,CUST_1442,normal,BEN_1713,1793.83,GPay,@sbi,Travel,Ahmedabad,DEV_1232,iOS,0,1,6,939.74,1.91,0,0,0
TX_UPI_104720,2026-08-01 17:01:35,17,CUST_1422,normal,BEN_1829,2046.51,GPay,@ybl,Peer_to_Peer,Bengaluru,DEV_2204,Android,0,1,3,1106.41,1.85,0,0,0
TX_UPI_104721,2026-08-06 02:14:38,2,CUST_1491,normal,BEN_2456,2508.04,PhonePe,@upi,Peer_to_Peer,Hyderabad,DEV_1358,Android,0,1,1,1128.78,2.22,0,0,0
TX_UPI_104722,2026-08-03 02:46:28,2,CUST_1311,normal,BEN_1378,1550.4,PhonePe,@upi,Peer_to_Peer,Bengaluru,DEV_2817,Android,0,1,5,971.81,1.6,0,0,0
TX_UPI_104723,2026-08-05 11:54:17,11,CUST_1432,normal,BEN_1121,2869.01,Cred,@okaxis,Travel,Pune,DEV_2650,iOS,0,1,1,1430.13,2.01,0,0,0
TX_UPI_104724,2026-08-04 13:14:50,13,CUST_1080,normal,BEN_6618,2172.05,BHIM,@paytm,Peer_to_Peer,Kolkata,DEV_1998,Android,1,1,7,698.83,3.11,0,0,0
TX_UPI_104725,2026-08-03 00:18:32,0,CUST_1561,normal,BEN_3685,504.93,Paytm,@ybl,Travel,Mumbai,DEV_1533,Android,0,1,6,629.51,0.8,0,0,0
TX_UPI_104726,2026-08-02 19:42:04,19,CUST_1155,normal,BEN_4152,10.0,PhonePe,@sbi,Peer_to_Peer,Mumbai,DEV_2575,Android,0,1,3,1126.08,0.01,0,0,0
TX_UPI_104727,2026-08-02 09:35:44,9,CUST_1304,normal,BEN_6392,2473.78,Paytm,@ybl,Peer_to_Peer,Mumbai,DEV_2039,Android,0,1,3,934.02,2.65,0,0,0
TX_UPI_104728,2026-08-07 16:02:20,16,CUST_1478,normal,BEN_6934,1449.11,PhonePe,@okaxis,Grocery,Ahmedabad,DEV_1574,Android,0,1,4,1185.9,1.22,0,0,0
TX_UPI_104729,2026-08-08 09:50:58,9,CUST_1397,normal,BEN_1890,1057.61,PhonePe,@okaxis,Utilities,Bengaluru,DEV_1990,iOS,1,1,1,859.77,1.23,0,0,0
TX_UPI_104730,2026-08-05 19:42:20,19,CUST_1825,normal,BEN_6489,2336.22,Paytm,@icici,Peer_to_Peer,Mumbai,DEV_1832,Android,0,1,4,1002.59,2.33,0,0,0
TX_UPI_104731,2026-08-09 12:37:04,12,CUST_1167,normal,BEN_1515,2094.53,PhonePe,@ybl,Travel,Mumbai,DEV_2768,iOS,0,1,1,1025.92,2.04,0,1,0
TX_UPI_104732,2026-08-07 22:16:35,22,CUST_1390,normal,BEN_2590,1310.21,PhonePe,@icici,Grocery,Pune,DEV_2127,iOS,0,1,3,1104.18,1.19,0,0,0
TX_UPI_104733,2026-08-10 03:24:19,3,CUST_1571,normal,BEN_4837,1049.84,PhonePe,@paytm,Travel,Ahmedabad,DEV_1031,iOS,0,1,1,1123.55,0.93,0,0,0
TX_UPI_104734,2026-08-09 03:20:07,3,CUST_1478,normal,BEN_5918,137.32,Paytm,@upi,Utilities,Kolkata,DEV_1182,iOS,1,1,4,1409.79,0.1,0,0,0
TX_UPI_104735,2026-08-01 02:52:50,2,CUST_1117,normal,BEN_1326,975.18,iMobile,@icici,Grocery,Ahmedabad,DEV_1168,iOS,0,1,1,1049.52,0.93,0,0,0
TX_UPI_104736,2026-08-06 13:51:03,13,CUST_1153,normal,BEN_6689,534.42,BHIM,@sbi,Utilities,Ahmedabad,DEV_2787,Android,1,1,5,1044.48,0.51,0,0,0
TX_UPI_104737,2026-08-01 18:00:17,18,CUST_1617,normal,BEN_6450,2567.81,GPay,@paytm,Utilities,Chennai,DEV_1808,Android,0,1,6,1043.26,2.46,0,0,0
TX_UPI_104738,2026-08-02 13:36:04,13,CUST_1798,normal,BEN_3865,1772.49,GPay,@okaxis,Peer_to_Peer,Chennai,DEV_2580,Android,0,1,3,1088.15,1.63,0,0,0
TX_UPI_104739,2026-08-05 23:45:03,23,CUST_1503,normal,BEN_5183,910.85,PhonePe,@ybl,Travel,Pune,DEV_1320,Android,0,1,5,1423.92,0.64,1,0,0
TX_UPI_104740,2026-08-02 03:56:36,3,CUST_1692,normal,BEN_3167,1838.92,Cred,@paytm,Travel,Delhi_NCR,DEV_1371,Android,0,1,5,1301.53,1.41,0,0,0
TX_UPI_104741,2026-08-10 00:12:49,0,CUST_1409,normal,BEN_2048,1641.0,BHIM,@okaxis,Travel,Chennai,DEV_2420,Android,0,1,1,1488.23,1.1,0,0,0
TX_UPI_104742,2026-08-05 16:37:17,16,CUST_1067,normal,BEN_3764,2643.53,Cred,@ybl,Grocery,Delhi_NCR,DEV_2645,iOS,1,1,3,991.03,2.67,0,0,0
TX_UPI_104743,2026-08-03 01:39:01,1,CUST_1286,normal,BEN_5192,1689.93,Paytm,@upi,Peer_to_Peer,Mumbai,DEV_1157,iOS,0,1,5,1031.53,1.64,0,0,0
TX_UPI_104744,2026-08-01 00:36:43,0,CUST_1538,normal,BEN_5245,199.98,BHIM,@okaxis,Utilities,Hyderabad,DEV_1458,iOS,0,1,4,1212.34,0.16,0,0,0
TX_UPI_104745,2026-08-09 09:15:17,9,CUST_1366,normal,BEN_5658,1780.66,BHIM,@okaxis,Utilities,Hyderabad,DEV_1745,iOS,0,1,4,1014.93,1.75,0,1,0
TX_UPI_104746,2026-08-06 19:39:29,19,CUST_1669,normal,BEN_3144,1995.2,iMobile,@icici,Grocery,Delhi_NCR,DEV_2433,Android,0,1,4,968.42,2.06,0,0,0
TX_UPI_104747,2026-08-01 20:14:41,20,CUST_1745,normal,BEN_1419,1055.48,BHIM,@ybl,Peer_to_Peer,Bengaluru,DEV_1983,Android,0,1,1,1036.26,1.02,0,0,0
TX_UPI_104748,2026-08-06 18:21:59,18,CUST_1185,normal,BEN_3395,1750.75,BHIM,@okaxis,Utilities,Delhi_NCR,DEV_2496,Android,0,1,4,1444.96,1.21,0,0,0
TX_UPI_104749,2026-08-03 12:08:50,12,CUST_1191,normal,BEN_2854,989.62,GPay,@icici,Travel,Bengaluru,DEV_2452,iOS,0,1,4,1270.26,0.78,0,0,0
TX_UPI_104750,2026-08-10 11:47:19,11,CUST_1337,normal,BEN_1439,3074.29,PhonePe,@okaxis,Peer_to_Peer,Bengaluru,DEV_1470,Android,0,1,4,829.4,3.71,0,0,0
TX_UPI_104751,2026-08-07 10:07:14,10,CUST_1461,normal,BEN_2152,1878.34,BHIM,@okaxis,Grocery,Hyderabad,DEV_1619,Android,0,1,7,1002.59,1.87,0,0,0
TX_UPI_104752,2026-08-01 02:00:14,2,CUST_1014,normal,BEN_2288,1872.87,iMobile,@upi,Peer_to_Peer,Ahmedabad,DEV_1576,iOS,0,1,6,1324.1,1.41,0,0,0
TX_UPI_104753,2026-08-05 11:15:40,11,CUST_1152,normal,BEN_5288,1300.45,Paytm,@ybl,Peer_to_Peer,Bengaluru,DEV_2874,Android,0,1,2,1060.49,1.23,0,0,0
TX_UPI_104754,2026-08-04 04:03:59,4,CUST_1256,normal,BEN_5771,1566.88,Cred,@sbi,Travel,Chennai,DEV_2628,Android,0,1,5,1160.15,1.35,0,0,0
TX_UPI_104755,2026-08-03 03:01:57,3,CUST_1381,normal,BEN_1520,896.07,iMobile,@icici,Peer_to_Peer,Chennai,DEV_2872,iOS,0,1,5,1286.42,0.7,0,0,0
TX_UPI_104756,2026-08-01 00:24:22,0,CUST_1535,normal,BEN_1656,1503.69,iMobile,@upi,Peer_to_Peer,Pune,DEV_1498,iOS,0,1,2,1036.46,1.45,0,0,0
TX_UPI_104757,2026-08-10 23:59:20,23,CUST_1406,normal,BEN_3774,1958.26,iMobile,@okaxis,Grocery,Ahmedabad,DEV_2688,Android,0,1,1,577.64,3.39,0,0,0
TX_UPI_104758,2026-08-10 15:14:22,15,CUST_1445,normal,BEN_3255,2406.47,Cred,@ybl,Grocery,Chennai,DEV_1264,Android,1,1,5,1225.62,1.96,0,0,0
TX_UPI_104759,2026-08-02 20:01:35,20,CUST_1116,normal,BEN_3334,338.55,Cred,@icici,Grocery,Ahmedabad,DEV_2599,iOS,0,1,5,1146.06,0.3,0,0,0
TX_UPI_104760,2026-08-09 10:40:40,10,CUST_1353,normal,BEN_6045,10.0,iMobile,@sbi,Travel,Bengaluru,DEV_1588,iOS,0,1,6,1118.08,0.01,0,0,0
TX_UPI_104761,2026-08-08 06:33:15,6,CUST_1707,normal,BEN_1204,883.13,BHIM,@paytm,Grocery,Delhi_NCR,DEV_2535,Android,0,1,3,596.35,1.48,0,0,0
TX_UPI_104762,2026-08-08 22:15:54,22,CUST_1278,normal,BEN_3201,1674.67,Cred,@paytm,Utilities,Delhi_NCR,DEV_1330,iOS,0,1,4,1033.42,1.62,0,0,0
TX_UPI_104763,2026-08-09 16:11:52,16,CUST_1666,normal,BEN_5333,2222.79,Paytm,@upi,Utilities,Hyderabad,DEV_2577,Android,0,1,1,936.77,2.37,0,0,0
TX_UPI_104764,2026-08-04 07:35:09,7,CUST_1213,normal,BEN_2562,519.99,Paytm,@sbi,Travel,Chennai,DEV_1482,Android,0,1,3,1096.19,0.47,0,0,0
TX_UPI_104765,2026-08-03 09:11:53,9,CUST_1136,normal,BEN_2797,1544.01,PhonePe,@ybl,Utilities,Pune,DEV_2161,iOS,0,1,3,869.43,1.78,0,0,0
TX_UPI_104766,2026-08-07 00:41:52,0,CUST_1831,normal,BEN_2884,2548.81,BHIM,@upi,Travel,Delhi_NCR,DEV_1630,Android,0,1,8,1114.39,2.29,0,0,0
TX_UPI_104767,2026-08-02 08:22:21,8,CUST_1755,normal,BEN_3308,594.58,BHIM,@sbi,Utilities,Kolkata,DEV_1852,iOS,0,1,6,732.78,0.81,0,0,0
TX_UPI_104768,2026-08-01 05:23:13,5,CUST_1208,normal,BEN_4038,932.18,Paytm,@upi,Travel,Kolkata,DEV_1613,iOS,0,1,2,801.71,1.16,0,0,0
TX_UPI_104769,2026-08-03 15:08:22,15,CUST_1165,normal,BEN_6126,975.98,Cred,@ybl,Peer_to_Peer,Kolkata,DEV_1011,Android,1,1,2,1083.04,0.9,0,0,0
TX_UPI_104770,2026-08-08 21:33:36,21,CUST_1194,normal,BEN_2346,1221.74,Cred,@icici,Travel,Hyderabad,DEV_2884,Android,1,1,2,991.08,1.23,0,0,0
TX_UPI_104771,2026-08-02 23:52:43,23,CUST_1681,normal,BEN_1390,1015.32,PhonePe,@icici,Utilities,Kolkata,DEV_1835,Android,0,1,5,1044.38,0.97,0,0,0
TX_UPI_104772,2026-08-10 07:48:24,7,CUST_1745,normal,BEN_4384,1859.76,BHIM,@sbi,Grocery,Pune,DEV_2413,Android,0,1,5,1217.17,1.53,0,0,0
TX_UPI_104773,2026-08-04 18:24:56,18,CUST_1047,normal,BEN_3901,2310.28,Paytm,@sbi,Peer_to_Peer,Ahmedabad,DEV_1494,iOS,0,1,1,966.44,2.39,0,0,0
TX_UPI_104774,2026-08-01 18:37:37,18,CUST_1397,normal,BEN_4329,2610.64,PhonePe,@ybl,Peer_to_Peer,Delhi_NCR,DEV_1726,iOS,0,1,3,404.37,6.46,0,0,0
TX_UPI_104775,2026-08-09 01:17:06,1,CUST_1005,normal,BEN_6960,1037.63,PhonePe,@ybl,Grocery,Chennai,DEV_2784,Android,0,1,4,451.89,2.3,0,0,0
TX_UPI_104776,2026-08-07 18:34:03,18,CUST_1178,normal,BEN_6738,2267.15,Cred,@icici,Travel,Bengaluru,DEV_1056,Android,1,1,2,1158.86,1.96,0,0,0
TX_UPI_104777,2026-08-07 07:44:04,7,CUST_1089,normal,BEN_3726,1019.21,Paytm,@upi,Travel,Kolkata,DEV_2450,Android,0,1,1,823.08,1.24,0,1,0
TX_UPI_104778,2026-08-09 23:47:38,23,CUST_1724,normal,BEN_3138,451.93,BHIM,@upi,Utilities,Chennai,DEV_1404,iOS,0,1,6,1044.59,0.43,0,0,0
TX_UPI_104779,2026-08-04 03:20:58,3,CUST_1412,normal,BEN_1080,782.51,PhonePe,@upi,Peer_to_Peer,Hyderabad,DEV_1449,Android,0,1,2,1367.08,0.57,0,0,0
TX_UPI_104780,2026-08-02 20:09:00,20,CUST_1241,normal,BEN_6287,2371.36,Paytm,@sbi,Grocery,Delhi_NCR,DEV_1506,iOS,0,1,6,1198.18,1.98,0,0,0
TX_UPI_104781,2026-08-01 03:28:46,3,CUST_1770,normal,BEN_3817,1431.86,GPay,@okaxis,Peer_to_Peer,Bengaluru,DEV_2203,Android,0,1,1,1021.0,1.4,0,0,0
TX_UPI_104782,2026-08-04 13:03:56,13,CUST_1100,suspicious,BEN_4421,15690.52,Paytm,@upi,Jewelry,Chennai,DEV_2692,iOS,1,1,3,30908.03,0.51,1,0,1
TX_UPI_104783,2026-08-06 18:18:18,18,CUST_1199,normal,BEN_2933,643.34,BHIM,@sbi,Peer_to_Peer,Chennai,DEV_1522,Android,0,1,6,1291.62,0.5,0,0,0
TX_UPI_104784,2026-08-02 12:42:22,12,CUST_1156,normal,BEN_4314,1645.37,iMobile,@icici,Grocery,Pune,DEV_2562,iOS,1,1,5,932.32,1.76,0,0,0
TX_UPI_104785,2026-08-02 02:34:20,2,CUST_1661,normal,BEN_5545,2686.28,PhonePe,@upi,Travel,Bengaluru,DEV_1764,Android,1,1,4,1152.46,2.33,0,0,0
TX_UPI_104786,2026-08-04 14:35:07,14,CUST_1058,normal,BEN_1063,680.74,GPay,@paytm,Travel,Kolkata,DEV_1890,iOS,0,1,2,1194.55,0.57,0,0,0
TX_UPI_104787,2026-08-10 00:47:55,0,CUST_1717,normal,BEN_4509,1374.01,Cred,@upi,Grocery,Ahmedabad,DEV_1754,iOS,0,1,2,734.78,1.87,0,0,0
TX_UPI_104788,2026-08-10 03:51:00,3,CUST_1714,normal,BEN_3406,184.06,Paytm,@ybl,Travel,Delhi_NCR,DEV_2806,Android,1,1,6,932.82,0.2,1,0,0
TX_UPI_104789,2026-08-02 04:36:55,4,CUST_1151,normal,BEN_2519,928.87,iMobile,@okaxis,Utilities,Ahmedabad,DEV_2591,Android,0,1,6,810.68,1.15,0,0,0
TX_UPI_104790,2026-08-02 00:39:00,0,CUST_1689,normal,BEN_6959,618.4,Cred,@icici,Peer_to_Peer,Chennai,DEV_1932,iOS,0,1,2,1468.34,0.42,0,0,0
TX_UPI_104791,2026-08-01 11:29:53,11,CUST_1734,normal,BEN_1815,2794.71,iMobile,@upi,Travel,Hyderabad,DEV_2009,iOS,0,1,5,1268.01,2.2,0,0,0
TX_UPI_104792,2026-08-07 05:42:56,5,CUST_1606,normal,BEN_5370,735.72,Paytm,@ybl,Travel,Chennai,DEV_1657,Android,0,1,7,1144.25,0.64,0,0,0
TX_UPI_104793,2026-08-04 06:43:00,6,CUST_1107,normal,BEN_2965,1882.49,Paytm,@ybl,Travel,Kolkata,DEV_1591,Android,0,1,3,1015.67,1.85,0,1,0
TX_UPI_104794,2026-08-05 21:47:06,21,CUST_1748,normal,BEN_3444,2530.43,GPay,@upi,Grocery,Pune,DEV_2901,Android,0,1,5,1428.33,1.77,0,0,0
TX_UPI_104795,2026-08-09 05:17:22,5,CUST_1390,normal,BEN_6730,1404.26,Cred,@ybl,Grocery,Hyderabad,DEV_1679,iOS,0,1,2,940.0,1.49,0,0,0
TX_UPI_104796,2026-08-01 00:17:27,0,CUST_1438,normal,BEN_3224,1282.37,PhonePe,@icici,Utilities,Chennai,DEV_1680,iOS,0,1,2,814.21,1.57,0,0,0
TX_UPI_104797,2026-08-08 07:39:11,7,CUST_1398,normal,BEN_3082,2161.13,Paytm,@ybl,Travel,Ahmedabad,DEV_2733,Android,0,1,2,1113.17,1.94,0,0,0
TX_UPI_104798,2026-08-05 19:27:18,19,CUST_1561,normal,BEN_5307,1436.91,PhonePe,@paytm,Travel,Mumbai,DEV_1200,iOS,0,1,2,1428.19,1.01,0,0,0
TX_UPI_104799,2026-08-06 22:49:56,22,CUST_1692,normal,BEN_5829,306.29,GPay,@okaxis,Peer_to_Peer,Pune,DEV_2813,Android,0,1,4,1139.07,0.27,0,0,0
TX_UPI_104800,2026-08-04 15:07:58,15,CUST_1036,normal,BEN_3833,1156.6,PhonePe,@okaxis,Travel,Bengaluru,DEV_1550,Android,0,1,1,1289.0,0.9,0,0,0
TX_UPI_104801,2026-08-05 18:56:27,18,CUST_1368,mule,BEN_4465,49870.21,PhonePe,@paytm,Peer_to_Peer,Hyderabad,DEV_2270,Android,1,1,18,35744.92,1.4,0,1,1
TX_UPI_104802,2026-08-01 15:41:19,15,CUST_1382,normal,BEN_2557,1499.93,iMobile,@paytm,Travel,Ahmedabad,DEV_2972,iOS,0,1,1,875.06,1.71,0,0,0
TX_UPI_104803,2026-08-03 06:13:34,6,CUST_1824,normal,BEN_6718,2110.63,PhonePe,@ybl,Grocery,Bengaluru,DEV_1151,Android,1,1,4,944.57,2.23,0,0,0
TX_UPI_104804,2026-08-06 22:27:34,22,CUST_1482,normal,BEN_4654,513.22,PhonePe,@sbi,Grocery,Mumbai,DEV_2939,Android,0,1,2,973.32,0.53,0,0,0
TX_UPI_104805,2026-08-09 09:21:33,9,CUST_1412,normal,BEN_4158,523.23,Cred,@upi,Utilities,Mumbai,DEV_2765,iOS,0,1,1,1353.6,0.39,0,0,0
TX_UPI_104806,2026-08-06 06:16:41,6,CUST_1328,normal,BEN_5361,1976.51,GPay,@icici,Grocery,Hyderabad,DEV_2840,Android,0,1,1,1112.71,1.78,0,0,0
TX_UPI_104807,2026-08-04 06:28:50,6,CUST_1055,normal,BEN_4085,478.21,Paytm,@paytm,Utilities,Hyderabad,DEV_1572,Android,0,1,3,997.26,0.48,0,0,0
TX_UPI_104808,2026-08-04 10:06:13,10,CUST_1254,normal,BEN_4010,857.73,Cred,@paytm,Utilities,Hyderabad,DEV_1364,iOS,1,1,8,974.32,0.88,0,0,0
TX_UPI_104809,2026-08-05 11:23:49,11,CUST_1533,normal,BEN_1145,553.39,Paytm,@icici,Grocery,Kolkata,DEV_2772,Android,0,1,2,1330.51,0.42,0,0,0
TX_UPI_104810,2026-08-08 09:11:06,9,CUST_1138,normal,BEN_1905,10.0,BHIM,@sbi,Travel,Kolkata,DEV_2730,Android,0,1,2,1427.24,0.01,0,0,0
TX_UPI_104811,2026-08-02 03:42:59,3,CUST_1640,normal,BEN_1751,1395.19,Cred,@okaxis,Utilities,Ahmedabad,DEV_2916,iOS,0,1,4,1591.72,0.88,0,0,0
TX_UPI_104812,2026-08-06 19:04:30,19,CUST_1780,normal,BEN_1130,1397.08,iMobile,@okaxis,Peer_to_Peer,Pune,DEV_1177,Android,1,1,2,1012.3,1.38,0,0,0
TX_UPI_104813,2026-08-08 11:58:59,11,CUST_1105,normal,BEN_5309,291.65,PhonePe,@paytm,Peer_to_Peer,Ahmedabad,DEV_2730,iOS,0,1,6,1217.89,0.24,0,0,0
TX_UPI_104814,2026-08-03 14:33:50,14,CUST_1092,normal,BEN_2891,2099.53,BHIM,@upi,Utilities,Bengaluru,DEV_1742,Android,0,1,6,980.59,2.14,0,0,0
TX_UPI_104815,2026-08-04 02:57:25,2,CUST_1196,normal,BEN_1253,444.2,Paytm,@icici,Grocery,Bengaluru,DEV_1051,Android,0,1,3,870.54,0.51,0,0,0
TX_UPI_104816,2026-08-06 10:51:05,10,CUST_1473,normal,BEN_2088,1331.97,BHIM,@okaxis,Peer_to_Peer,Kolkata,DEV_2802,iOS,0,1,6,1039.65,1.28,0,0,0
TX_UPI_104817,2026-08-02 08:23:01,8,CUST_1099,normal,BEN_1765,1320.0,PhonePe,@sbi,Utilities,Pune,DEV_1357,iOS,0,1,3,1272.65,1.04,0,0,0
TX_UPI_104818,2026-08-09 14:44:39,14,CUST_1636,normal,BEN_6928,665.77,Paytm,@okaxis,Grocery,Pune,DEV_2140,iOS,0,1,1,1193.01,0.56,0,0,0
TX_UPI_104819,2026-08-08 15:40:14,15,CUST_1427,mule,BEN_2929,54756.69,Cred,@paytm,Electronics,Bengaluru,DEV_1786,Android,1,1,29,27658.62,1.98,1,0,1
TX_UPI_104820,2026-08-05 06:03:44,6,CUST_1660,normal,BEN_2728,291.99,Paytm,@okaxis,Utilities,Ahmedabad,DEV_2788,Android,1,1,4,1113.95,0.26,0,0,0
TX_UPI_104821,2026-08-07 05:42:13,5,CUST_1165,normal,BEN_2276,1099.37,iMobile,@paytm,Travel,Delhi_NCR,DEV_2534,iOS,0,1,7,852.77,1.29,0,0,0
TX_UPI_104822,2026-08-04 17:04:40,17,CUST_1399,normal,BEN_4939,2620.03,PhonePe,@sbi,Grocery,Pune,DEV_1534,iOS,0,1,4,639.46,4.1,0,0,0
TX_UPI_104823,2026-08-01 20:29:15,20,CUST_1796,normal,BEN_6120,1056.64,Paytm,@ybl,Grocery,Delhi_NCR,DEV_2769,Android,0,1,5,992.39,1.06,0,0,0
TX_UPI_104824,2026-08-06 03:58:39,3,CUST_1816,normal,BEN_5163,20.18,iMobile,@icici,Travel,Kolkata,DEV_1067,iOS,0,1,3,874.28,0.02,0,0,0
TX_UPI_104825,2026-08-03 23:46:08,23,CUST_1672,normal,BEN_6898,1593.45,Cred,@paytm,Utilities,Delhi_NCR,DEV_1660,Android,0,1,5,826.5,1.93,0,0,0
TX_UPI_104826,2026-08-05 21:07:42,21,CUST_1558,normal,BEN_6354,635.36,iMobile,@okaxis,Utilities,Mumbai,DEV_2548,Android,0,1,5,873.88,0.73,0,0,0
TX_UPI_104827,2026-08-02 04:48:45,4,CUST_1299,normal,BEN_3933,334.27,GPay,@paytm,Travel,Delhi_NCR,DEV_1898,Android,0,1,1,1164.49,0.29,0,0,0
TX_UPI_104828,2026-08-02 11:40:00,11,CUST_1452,normal,BEN_4329,1447.33,PhonePe,@sbi,Travel,Hyderabad,DEV_1137,Android,0,1,2,1081.22,1.34,0,0,0
TX_UPI_104829,2026-08-02 02:19:18,2,CUST_1380,normal,BEN_3893,2421.71,iMobile,@icici,Peer_to_Peer,Bengaluru,DEV_1800,iOS,0,1,2,611.58,3.96,0,0,0
TX_UPI_104830,2026-08-01 22:17:38,22,CUST_1786,normal,BEN_1762,1564.06,PhonePe,@upi,Utilities,Mumbai,DEV_1983,Android,0,1,3,909.59,1.72,0,0,0
TX_UPI_104831,2026-08-02 12:33:29,12,CUST_1621,normal,BEN_1809,1721.66,iMobile,@paytm,Travel,Chennai,DEV_2937,Android,0,1,5,550.01,3.13,0,0,0
TX_UPI_104832,2026-08-02 04:41:07,4,CUST_1560,normal,BEN_1085,677.92,iMobile,@okaxis,Grocery,Chennai,DEV_2752,iOS,0,1,8,1220.02,0.56,0,0,0
TX_UPI_104833,2026-08-08 08:19:59,8,CUST_1279,normal,BEN_1876,1740.88,PhonePe,@okaxis,Peer_to_Peer,Ahmedabad,DEV_2419,iOS,0,1,6,1084.1,1.61,0,0,0
TX_UPI_104834,2026-08-07 23:49:02,23,CUST_1712,normal,BEN_5092,1837.35,GPay,@ybl,Grocery,Bengaluru,DEV_2138,Android,0,1,5,1209.37,1.52,0,0,0
TX_UPI_104835,2026-08-04 03:59:59,3,CUST_1710,normal,BEN_4981,942.39,Cred,@sbi,Peer_to_Peer,Bengaluru,DEV_2735,iOS,0,1,4,938.79,1.0,0,1,0
TX_UPI_104836,2026-08-10 20:31:58,20,CUST_1559,normal,BEN_2457,1210.25,Cred,@paytm,Utilities,Bengaluru,DEV_2127,iOS,0,1,1,890.25,1.36,0,0,0
TX_UPI_104837,2026-08-05 10:34:43,10,CUST_1479,normal,BEN_3762,974.15,Cred,@paytm,Grocery,Mumbai,DEV_2781,Android,0,1,2,958.8,1.02,0,0,0
TX_UPI_104838,2026-08-10 12:41:27,12,CUST_1599,normal,BEN_5531,1068.86,Cred,@paytm,Peer_to_Peer,Bengaluru,DEV_2112,Android,1,1,4,1307.82,0.82,0,0,0
TX_UPI_104839,2026-08-07 11:51:20,11,CUST_1501,suspicious,BEN_6715,19651.88,PhonePe,@paytm,Peer_to_Peer,Mumbai,DEV_1239,iOS,0,1,28,30268.5,0.65,0,1,1
TX_UPI_104840,2026-08-09 10:40:27,10,CUST_1389,normal,BEN_2572,1603.28,Cred,@paytm,Utilities,Pune,DEV_1287,Android,0,1,4,1156.59,1.39,0,0,0
TX_UPI_104841,2026-08-07 19:09:53,19,CUST_1201,normal,BEN_1778,2149.64,Cred,@sbi,Travel,Kolkata,DEV_1945,iOS,0,1,6,1400.39,1.54,0,0,0
TX_UPI_104842,2026-08-01 13:14:03,13,CUST_1108,normal,BEN_6125,1233.06,BHIM,@icici,Utilities,Pune,DEV_1134,iOS,0,1,5,1402.45,0.88,0,0,0
TX_UPI_104843,2026-08-10 05:26:21,5,CUST_1455,normal,BEN_5401,701.03,Cred,@icici,Grocery,Hyderabad,DEV_1415,Android,0,1,3,1083.85,0.65,0,0,0
TX_UPI_104844,2026-08-07 23:07:47,23,CUST_1405,normal,BEN_5614,1919.68,iMobile,@ybl,Travel,Kolkata,DEV_2852,Android,0,1,5,1024.59,1.87,0,0,0
TX_UPI_104845,2026-08-06 04:01:59,4,CUST_1172,normal,BEN_6863,10.0,GPay,@okaxis,Peer_to_Peer,Chennai,DEV_1371,Android,0,1,4,859.6,0.01,0,0,0
TX_UPI_104846,2026-08-05 11:21:46,11,CUST_1280,normal,BEN_5729,10.0,Cred,@sbi,Utilities,Mumbai,DEV_2921,iOS,0,1,1,1158.33,0.01,0,0,0
TX_UPI_104847,2026-08-04 02:23:51,2,CUST_1383,normal,BEN_4282,2288.83,iMobile,@okaxis,Peer_to_Peer,Hyderabad,DEV_2470,Android,0,1,4,1130.73,2.02,0,0,0
TX_UPI_104848,2026-08-01 15:01:36,15,CUST_1284,normal,BEN_5782,2146.32,Cred,@sbi,Grocery,Kolkata,DEV_1305,iOS,0,1,1,1204.84,1.78,0,0,0
TX_UPI_104849,2026-08-03 13:48:49,13,CUST_1462,normal,BEN_4665,1190.73,iMobile,@icici,Utilities,Mumbai,DEV_1551,Android,0,1,5,963.96,1.24,0,0,0
TX_UPI_104850,2026-08-08 00:26:28,0,CUST_1453,normal,BEN_1319,545.65,Cred,@upi,Utilities,Mumbai,DEV_1975,iOS,0,1,4,1475.81,0.37,0,0,0
TX_UPI_104851,2026-08-04 10:37:02,10,CUST_1254,normal,BEN_2168,1888.73,GPay,@okaxis,Travel,Delhi_NCR,DEV_2661,Android,0,1,2,758.17,2.49,0,0,0
TX_UPI_104852,2026-08-01 10:21:02,10,CUST_1602,normal,BEN_5070,10.0,PhonePe,@sbi,Grocery,Chennai,DEV_1301,iOS,0,1,6,850.78,0.01,0,0,0
TX_UPI_104853,2026-08-01 17:39:46,17,CUST_1242,normal,BEN_3472,939.59,Paytm,@ybl,Travel,Mumbai,DEV_1214,iOS,0,1,6,692.66,1.36,0,0,0
TX_UPI_104854,2026-08-04 17:28:26,17,CUST_1353,normal,BEN_3933,2393.81,GPay,@icici,Travel,Delhi_NCR,DEV_2304,iOS,0,1,3,804.34,2.98,0,0,0
TX_UPI_104855,2026-08-02 04:11:59,4,CUST_1609,normal,BEN_4599,1002.12,BHIM,@paytm,Peer_to_Peer,Pune,DEV_2342,iOS,0,1,2,1185.8,0.85,0,0,0
TX_UPI_104856,2026-08-04 01:58:24,1,CUST_1169,normal,BEN_4782,681.49,Paytm,@okaxis,Peer_to_Peer,Pune,DEV_1570,iOS,0,1,1,1027.06,0.66,0,0,0
TX_UPI_104857,2026-08-05 16:40:35,16,CUST_1370,normal,BEN_4336,114.76,Cred,@icici,Grocery,Pune,DEV_2981,Android,1,1,4,795.09,0.14,0,0,0
TX_UPI_104858,2026-08-09 02:41:33,2,CUST_1038,normal,BEN_5542,809.59,GPay,@ybl,Grocery,Pune,DEV_2707,Android,0,1,4,1029.01,0.79,0,0,0
TX_UPI_104859,2026-08-10 21:36:58,21,CUST_1409,normal,BEN_2483,1400.34,Cred,@sbi,Utilities,Delhi_NCR,DEV_2502,iOS,0,1,5,802.1,1.75,0,0,0
TX_UPI_104860,2026-08-03 08:46:27,8,CUST_1071,normal,BEN_3104,1148.48,Paytm,@okaxis,Grocery,Mumbai,DEV_1575,Android,0,1,1,1139.36,1.01,0,0,0
TX_UPI_104861,2026-08-10 16:15:09,16,CUST_1446,normal,BEN_5695,959.35,Cred,@sbi,Travel,Kolkata,DEV_1303,iOS,0,1,2,1155.77,0.83,0,0,0
TX_UPI_104862,2026-08-10 05:10:33,5,CUST_1468,normal,BEN_5551,2138.16,PhonePe,@upi,Peer_to_Peer,Hyderabad,DEV_2074,Android,1,1,3,853.24,2.51,0,0,0
TX_UPI_104863,2026-08-03 13:23:32,13,CUST_1453,normal,BEN_5724,1332.02,Paytm,@paytm,Utilities,Chennai,DEV_1150,iOS,0,1,1,921.51,1.45,0,0,0
TX_UPI_104864,2026-08-01 21:33:47,21,CUST_1260,normal,BEN_4797,2177.92,PhonePe,@okaxis,Peer_to_Peer,Bengaluru,DEV_1050,iOS,0,1,4,628.93,3.46,0,0,0
TX_UPI_104865,2026-08-08 06:02:39,6,CUST_1135,normal,BEN_5240,10.0,Cred,@okaxis,Utilities,Ahmedabad,DEV_1392,Android,0,1,4,1286.97,0.01,0,0,0
TX_UPI_104866,2026-08-02 17:38:40,17,CUST_1304,normal,BEN_6472,10.0,BHIM,@okaxis,Grocery,Kolkata,DEV_2362,iOS,0,1,4,1399.28,0.01,0,0,0
TX_UPI_104867,2026-08-04 12:41:49,12,CUST_1050,normal,BEN_1960,2710.29,GPay,@paytm,Travel,Chennai,DEV_1539,Android,0,1,4,1201.63,2.26,0,0,0
TX_UPI_104868,2026-08-05 22:54:32,22,CUST_1404,normal,BEN_5100,10.0,PhonePe,@icici,Utilities,Ahmedabad,DEV_2666,Android,1,1,8,941.88,0.01,0,1,0
TX_UPI_104869,2026-08-06 23:54:47,23,CUST_1365,normal,BEN_4830,453.22,iMobile,@icici,Peer_to_Peer,Ahmedabad,DEV_2223,iOS,0,1,3,1442.8,0.31,0,0,0
TX_UPI_104870,2026-08-05 19:33:53,19,CUST_1451,normal,BEN_6755,2966.44,Paytm,@icici,Travel,Bengaluru,DEV_1619,Android,0,1,4,1319.54,2.25,0,0,0
TX_UPI_104871,2026-08-03 13:53:48,13,CUST_1170,normal,BEN_6747,1234.56,Paytm,@ybl,Travel,Delhi_NCR,DEV_1866,Android,0,1,1,1434.42,0.86,0,0,0
TX_UPI_104872,2026-08-04 11:33:56,11,CUST_1707,normal,BEN_1778,702.3,iMobile,@ybl,Grocery,Bengaluru,DEV_1817,iOS,0,1,7,1391.65,0.5,0,0,0
TX_UPI_104873,2026-08-05 01:23:13,1,CUST_1514,normal,BEN_1618,1691.23,GPay,@icici,Grocery,Hyderabad,DEV_1749,iOS,0,1,7,1615.76,1.05,0,0,0
TX_UPI_104874,2026-08-03 18:05:21,18,CUST_1492,normal,BEN_1271,1059.81,BHIM,@paytm,Grocery,Hyderabad,DEV_2180,iOS,0,1,2,632.58,1.68,0,0,0
TX_UPI_104875,2026-08-01 14:24:00,14,CUST_1509,normal,BEN_2733,2995.75,Paytm,@okaxis,Peer_to_Peer,Chennai,DEV_2347,Android,0,1,3,1352.41,2.22,0,0,0
TX_UPI_104876,2026-08-01 10:53:01,10,CUST_1128,normal,BEN_6964,607.0,iMobile,@sbi,Travel,Pune,DEV_2983,Android,0,1,7,911.97,0.67,0,0,0
TX_UPI_104877,2026-08-03 07:41:31,7,CUST_1810,normal,BEN_5696,246.62,GPay,@ybl,Utilities,Bengaluru,DEV_1689,iOS,0,1,3,952.37,0.26,0,0,0
TX_UPI_104878,2026-08-01 20:25:14,20,CUST_1622,normal,BEN_3769,1677.04,iMobile,@upi,Grocery,Bengaluru,DEV_1801,iOS,0,1,3,1230.65,1.36,0,1,0
TX_UPI_104879,2026-08-06 17:00:44,17,CUST_1785,normal,BEN_3038,967.18,GPay,@ybl,Travel,Delhi_NCR,DEV_2373,Android,0,1,2,939.95,1.03,0,0,0
TX_UPI_104880,2026-08-09 10:33:15,10,CUST_1725,normal,BEN_1578,2835.95,Cred,@okaxis,Grocery,Ahmedabad,DEV_2685,Android,0,1,4,603.9,4.7,0,0,0
TX_UPI_104881,2026-08-02 04:58:56,4,CUST_1301,normal,BEN_1946,783.83,BHIM,@icici,Utilities,Ahmedabad,DEV_1776,Android,0,1,4,1522.9,0.51,1,0,0
TX_UPI_104882,2026-08-10 06:31:56,6,CUST_1263,normal,BEN_6136,2022.96,Paytm,@okaxis,Grocery,Hyderabad,DEV_1667,iOS,0,1,2,1660.41,1.22,0,0,0
TX_UPI_104883,2026-08-03 11:06:02,11,CUST_1822,normal,BEN_3090,1175.07,GPay,@sbi,Grocery,Delhi_NCR,DEV_1405,iOS,0,1,6,802.8,1.46,0,0,0
TX_UPI_104884,2026-08-09 10:16:44,10,CUST_1824,normal,BEN_5853,10.0,BHIM,@ybl,Grocery,Bengaluru,DEV_1464,iOS,0,1,1,299.92,0.03,1,0,0
TX_UPI_104885,2026-08-04 12:53:19,12,CUST_1429,normal,BEN_6887,2889.67,iMobile,@okaxis,Peer_to_Peer,Delhi_NCR,DEV_1702,Android,0,1,4,858.09,3.37,0,0,0
TX_UPI_104886,2026-08-08 12:19:12,12,CUST_1204,normal,BEN_5224,1562.1,BHIM,@okaxis,Utilities,Mumbai,DEV_1606,iOS,0,1,4,1229.02,1.27,0,0,0
TX_UPI_104887,2026-08-03 23:14:02,23,CUST_1438,normal,BEN_1909,2167.63,Cred,@paytm,Travel,Bengaluru,DEV_1717,iOS,0,1,3,868.84,2.49,0,0,0
TX_UPI_104888,2026-08-05 01:53:51,1,CUST_1335,normal,BEN_4077,1862.22,Paytm,@icici,Peer_to_Peer,Hyderabad,DEV_2143,iOS,0,1,5,1104.18,1.69,0,0,0
TX_UPI_104889,2026-08-05 02:28:15,2,CUST_1004,normal,BEN_2042,2942.04,BHIM,@ybl,Utilities,Mumbai,DEV_1985,Android,0,1,3,864.03,3.41,0,0,0
TX_UPI_104890,2026-08-05 21:37:24,21,CUST_1452,normal,BEN_2462,1534.47,PhonePe,@okaxis,Travel,Hyderabad,DEV_2533,iOS,0,1,2,1198.92,1.28,0,0,0
TX_UPI_104891,2026-08-01 06:43:50,6,CUST_1120,normal,BEN_2612,533.59,iMobile,@okaxis,Utilities,Delhi_NCR,DEV_1588,Android,0,1,3,1533.8,0.35,0,0,0
TX_UPI_104892,2026-08-02 22:56:53,22,CUST_1455,normal,BEN_3877,875.53,PhonePe,@icici,Grocery,Delhi_NCR,DEV_2573,Android,0,1,2,1360.96,0.64,0,0,0
TX_UPI_104893,2026-08-03 03:09:46,3,CUST_1568,normal,BEN_4807,359.17,iMobile,@upi,Travel,Pune,DEV_1942,iOS,0,1,2,1218.37,0.29,0,0,0
TX_UPI_104894,2026-08-02 22:09:26,22,CUST_1632,normal,BEN_2070,1950.73,Cred,@ybl,Travel,Pune,DEV_2903,iOS,0,1,6,900.67,2.17,0,0,0
TX_UPI_104895,2026-08-08 04:24:48,4,CUST_1253,normal,BEN_6733,1676.81,Cred,@ybl,Grocery,Kolkata,DEV_1802,Android,0,1,3,934.64,1.79,0,0,0
TX_UPI_104896,2026-08-08 02:28:22,2,CUST_1302,normal,BEN_3100,2162.57,BHIM,@sbi,Utilities,Ahmedabad,DEV_1726,iOS,0,1,2,1146.77,1.89,0,0,0
TX_UPI_104897,2026-08-08 21:02:41,21,CUST_1650,normal,BEN_2498,1324.46,Cred,@upi,Grocery,Kolkata,DEV_2192,iOS,0,1,1,1311.86,1.01,0,0,0
TX_UPI_104898,2026-08-03 03:26:00,3,CUST_1620,normal,BEN_3331,1648.22,iMobile,@upi,Travel,Pune,DEV_2988,iOS,0,1,1,1146.58,1.44,0,0,0
TX_UPI_104899,2026-08-08 16:40:56,16,CUST_1124,mule,BEN_6927,19540.53,Cred,@sbi,Jewelry,Pune,DEV_2696,Android,1,1,35,22827.6,0.86,1,1,1
TX_UPI_104900,2026-08-07 13:58:47,13,CUST_1514,normal,BEN_3095,914.82,Paytm,@paytm,Grocery,Mumbai,DEV_2632,Android,0,1,4,1093.04,0.84,0,0,0
TX_UPI_104901,2026-08-10 12:53:24,12,CUST_1386,normal,BEN_5473,1810.37,GPay,@upi,Utilities,Delhi_NCR,DEV_2048,iOS,0,1,1,1476.46,1.23,0,0,0
TX_UPI_104902,2026-08-02 10:09:05,10,CUST_1654,normal,BEN_6012,1620.12,Cred,@okaxis,Travel,Pune,DEV_1667,iOS,0,1,6,1289.82,1.26,0,0,0
TX_UPI_104903,2026-08-02 07:48:17,7,CUST_1651,normal,BEN_4633,1190.71,iMobile,@upi,Peer_to_Peer,Pune,DEV_2660,iOS,0,1,1,944.75,1.26,0,0,0
TX_UPI_104904,2026-08-07 02:42:55,2,CUST_1222,normal,BEN_6809,2471.65,BHIM,@okaxis,Utilities,Pune,DEV_1086,iOS,0,1,6,931.3,2.65,0,0,0
TX_UPI_104905,2026-08-05 13:44:49,13,CUST_1804,normal,BEN_2794,10.0,Cred,@ybl,Peer_to_Peer,Bengaluru,DEV_1015,Android,0,1,3,1010.95,0.01,0,0,0
TX_UPI_104906,2026-08-08 12:20:22,12,CUST_1676,normal,BEN_3162,1000.18,Paytm,@okaxis,Peer_to_Peer,Kolkata,DEV_2438,Android,0,1,5,1290.29,0.78,0,0,0
TX_UPI_104907,2026-08-10 23:00:29,23,CUST_1783,normal,BEN_3933,1992.24,Paytm,@icici,Grocery,Bengaluru,DEV_2588,iOS,0,1,4,647.82,3.08,0,0,0
TX_UPI_104908,2026-08-08 15:42:13,15,CUST_1599,normal,BEN_3575,927.04,Cred,@paytm,Peer_to_Peer,Chennai,DEV_2870,iOS,0,1,8,1169.81,0.79,0,0,0
TX_UPI_104909,2026-08-10 12:31:14,12,CUST_1815,normal,BEN_2952,1494.26,Cred,@okaxis,Grocery,Delhi_NCR,DEV_1917,iOS,0,1,4,1179.69,1.27,0,0,0
TX_UPI_104910,2026-08-06 04:47:48,4,CUST_1764,normal,BEN_6131,10.0,PhonePe,@ybl,Travel,Hyderabad,DEV_1007,Android,1,1,3,1070.91,0.01,0,0,0
TX_UPI_104911,2026-08-06 18:56:07,18,CUST_1813,normal,BEN_1978,2225.2,BHIM,@ybl,Peer_to_Peer,Delhi_NCR,DEV_2329,iOS,0,1,4,684.84,3.25,0,0,0
TX_UPI_104912,2026-08-06 17:41:55,17,CUST_1276,normal,BEN_3315,1544.07,Cred,@sbi,Peer_to_Peer,Kolkata,DEV_2017,Android,1,1,2,787.97,1.96,0,0,0
TX_UPI_104913,2026-08-07 06:26:44,6,CUST_1437,normal,BEN_6131,532.67,iMobile,@sbi,Travel,Mumbai,DEV_1790,Android,0,1,5,1382.1,0.39,0,0,0
TX_UPI_104914,2026-08-01 05:47:04,5,CUST_1341,normal,BEN_3668,1586.34,PhonePe,@okaxis,Grocery,Kolkata,DEV_2118,iOS,0,1,5,1193.53,1.33,0,0,0
TX_UPI_104915,2026-08-06 14:36:29,14,CUST_1279,normal,BEN_3409,1281.06,BHIM,@okaxis,Utilities,Mumbai,DEV_2797,Android,0,1,5,499.49,2.56,0,0,0
TX_UPI_104916,2026-08-06 11:21:14,11,CUST_1028,normal,BEN_5824,1288.87,PhonePe,@paytm,Travel,Bengaluru,DEV_1176,iOS,0,1,1,1359.1,0.95,0,0,0
TX_UPI_104917,2026-08-01 05:54:43,5,CUST_1618,normal,BEN_6414,1082.28,BHIM,@okaxis,Grocery,Kolkata,DEV_2942,iOS,1,1,4,718.78,1.51,0,0,0
TX_UPI_104918,2026-08-09 06:13:31,6,CUST_1328,normal,BEN_3661,2013.46,PhonePe,@paytm,Travel,Kolkata,DEV_1198,Android,0,1,5,1213.67,1.66,0,0,0
TX_UPI_104919,2026-08-10 14:25:11,14,CUST_1140,normal,BEN_3964,549.58,BHIM,@icici,Utilities,Delhi_NCR,DEV_1232,Android,1,1,2,1133.66,0.48,0,0,0
TX_UPI_104920,2026-08-03 07:30:28,7,CUST_1113,normal,BEN_2043,644.4,GPay,@upi,Grocery,Chennai,DEV_1721,Android,0,1,4,561.38,1.15,0,0,0
TX_UPI_104921,2026-08-07 16:20:52,16,CUST_1578,normal,BEN_2776,809.96,BHIM,@okaxis,Grocery,Ahmedabad,DEV_2851,Android,0,1,7,1185.48,0.68,0,0,0
TX_UPI_104922,2026-08-07 19:18:28,19,CUST_1063,normal,BEN_3813,1333.43,BHIM,@okaxis,Grocery,Kolkata,DEV_2903,Android,1,1,7,519.37,2.57,0,1,0
TX_UPI_104923,2026-08-03 18:44:01,18,CUST_1182,normal,BEN_6715,547.75,Cred,@sbi,Grocery,Pune,DEV_2695,Android,0,1,3,1286.0,0.43,0,1,0
TX_UPI_104924,2026-08-07 06:20:30,6,CUST_1578,normal,BEN_2557,1900.53,PhonePe,@paytm,Travel,Hyderabad,DEV_1930,Android,0,1,2,1319.51,1.44,0,0,0
TX_UPI_104925,2026-08-04 12:33:27,12,CUST_1666,normal,BEN_3134,877.35,iMobile,@okaxis,Peer_to_Peer,Bengaluru,DEV_2907,Android,0,1,6,832.17,1.05,0,0,0
TX_UPI_104926,2026-08-07 20:57:14,20,CUST_1136,normal,BEN_6210,1101.35,BHIM,@paytm,Peer_to_Peer,Hyderabad,DEV_2937,iOS,0,1,3,1333.45,0.83,0,0,0
TX_UPI_104927,2026-08-07 15:05:05,15,CUST_1331,normal,BEN_4323,781.78,BHIM,@okaxis,Utilities,Kolkata,DEV_1665,iOS,0,1,3,1201.63,0.65,0,0,0
TX_UPI_104928,2026-08-08 12:26:42,12,CUST_1383,normal,BEN_1849,1636.21,BHIM,@icici,Travel,Kolkata,DEV_2157,iOS,0,1,5,1130.67,1.45,0,0,0
TX_UPI_104929,2026-08-08 20:49:15,20,CUST_1792,normal,BEN_6342,865.4,Cred,@paytm,Travel,Hyderabad,DEV_1948,Android,0,1,3,1086.16,0.8,0,0,0
TX_UPI_104930,2026-08-08 21:37:22,21,CUST_1736,normal,BEN_4934,1399.67,GPay,@sbi,Peer_to_Peer,Delhi_NCR,DEV_1119,Android,0,1,3,1084.61,1.29,0,0,0
TX_UPI_104931,2026-08-09 08:13:46,8,CUST_1032,normal,BEN_1614,10.0,iMobile,@sbi,Grocery,Delhi_NCR,DEV_1026,iOS,0,1,5,1123.47,0.01,0,0,0
TX_UPI_104932,2026-08-01 21:10:39,21,CUST_1803,normal,BEN_5325,2001.5,Cred,@sbi,Travel,Bengaluru,DEV_1968,Android,1,1,4,662.78,3.02,0,1,0
TX_UPI_104933,2026-08-10 13:20:38,13,CUST_1259,normal,BEN_4325,913.24,Paytm,@paytm,Travel,Hyderabad,DEV_1714,Android,1,1,3,1258.3,0.73,0,0,0
TX_UPI_104934,2026-08-02 01:11:45,1,CUST_1007,normal,BEN_3896,10.0,Cred,@paytm,Travel,Chennai,DEV_1823,Android,0,1,4,1203.28,0.01,0,0,0
TX_UPI_104935,2026-08-04 15:23:37,15,CUST_1824,normal,BEN_5367,670.81,BHIM,@ybl,Peer_to_Peer,Mumbai,DEV_1014,Android,0,1,4,929.51,0.72,0,0,0
TX_UPI_104936,2026-08-04 14:54:29,14,CUST_1762,normal,BEN_4647,616.34,GPay,@paytm,Peer_to_Peer,Hyderabad,DEV_2836,iOS,0,1,3,909.43,0.68,0,0,0
TX_UPI_104937,2026-08-09 19:10:21,19,CUST_1701,normal,BEN_3353,1746.89,PhonePe,@okaxis,Utilities,Pune,DEV_1727,Android,1,1,2,863.3,2.02,0,0,0
TX_UPI_104938,2026-08-06 01:13:26,1,CUST_1728,normal,BEN_4863,2614.34,GPay,@icici,Travel,Mumbai,DEV_1916,Android,1,1,5,633.24,4.13,1,0,0
TX_UPI_104939,2026-08-03 08:16:23,8,CUST_1801,normal,BEN_3704,588.19,BHIM,@sbi,Grocery,Chennai,DEV_1426,Android,0,1,4,1157.7,0.51,0,0,0
TX_UPI_104940,2026-08-07 23:21:54,23,CUST_1280,normal,BEN_4535,10.0,GPay,@sbi,Grocery,Mumbai,DEV_1542,iOS,0,1,6,1278.05,0.01,0,0,0
TX_UPI_104941,2026-08-07 03:03:17,3,CUST_1147,normal,BEN_6584,1585.52,GPay,@sbi,Travel,Mumbai,DEV_1773,iOS,0,1,6,1188.55,1.33,0,0,0
TX_UPI_104942,2026-08-08 16:32:21,16,CUST_1703,normal,BEN_4019,1558.86,iMobile,@upi,Peer_to_Peer,Mumbai,DEV_1295,iOS,0,1,7,1344.29,1.16,0,0,0
TX_UPI_104943,2026-08-04 00:41:38,0,CUST_1134,normal,BEN_4980,526.79,Paytm,@paytm,Peer_to_Peer,Kolkata,DEV_1061,iOS,0,1,5,920.58,0.57,0,0,0
TX_UPI_104944,2026-08-03 12:57:39,12,CUST_1563,normal,BEN_2276,1603.32,GPay,@paytm,Peer_to_Peer,Ahmedabad,DEV_2998,Android,0,1,4,747.97,2.14,0,0,0
TX_UPI_104945,2026-08-05 15:58:35,15,CUST_1688,normal,BEN_3171,1102.52,BHIM,@icici,Utilities,Delhi_NCR,DEV_1468,iOS,0,1,4,975.29,1.13,0,0,0
TX_UPI_104946,2026-08-04 22:32:41,22,CUST_1756,normal,BEN_1024,1451.77,iMobile,@paytm,Travel,Pune,DEV_2687,iOS,0,1,5,1072.66,1.35,0,0,0
TX_UPI_104947,2026-08-08 08:19:49,8,CUST_1623,normal,BEN_2879,1379.68,PhonePe,@ybl,Peer_to_Peer,Bengaluru,DEV_2374,Android,1,1,6,1193.57,1.16,0,0,0
TX_UPI_104948,2026-08-03 13:13:50,13,CUST_1306,normal,BEN_3867,1360.66,iMobile,@icici,Travel,Chennai,DEV_1515,iOS,0,1,2,1241.05,1.1,0,0,0
TX_UPI_104949,2026-08-10 04:43:07,4,CUST_1664,normal,BEN_4479,1464.12,Paytm,@okaxis,Travel,Kolkata,DEV_1187,Android,0,1,6,1091.25,1.34,0,0,0
TX_UPI_104950,2026-08-06 21:49:22,21,CUST_1056,normal,BEN_5802,10.0,GPay,@okaxis,Utilities,Hyderabad,DEV_1902,Android,0,1,1,1256.56,0.01,0,0,0
TX_UPI_104951,2026-08-10 02:01:47,2,CUST_1040,normal,BEN_6523,743.85,BHIM,@sbi,Peer_to_Peer,Kolkata,DEV_1767,Android,1,1,4,1107.42,0.67,0,0,0
TX_UPI_104952,2026-08-01 01:52:27,1,CUST_1770,normal,BEN_5102,1066.53,PhonePe,@sbi,Utilities,Bengaluru,DEV_1106,iOS,0,1,3,872.31,1.22,0,0,0
TX_UPI_104953,2026-08-06 19:02:40,19,CUST_1337,normal,BEN_2241,1187.38,PhonePe,@okaxis,Peer_to_Peer,Ahmedabad,DEV_1298,iOS,0,1,2,990.66,1.2,0,0,0
TX_UPI_104954,2026-08-08 12:22:44,12,CUST_1322,normal,BEN_3660,941.08,Cred,@sbi,Travel,Kolkata,DEV_1182,Android,1,1,3,1301.32,0.72,0,0,0
TX_UPI_104955,2026-08-09 15:21:25,15,CUST_1298,normal,BEN_5066,1096.17,iMobile,@upi,Grocery,Chennai,DEV_1894,Android,0,1,6,1449.09,0.76,0,0,0
TX_UPI_104956,2026-08-04 21:14:46,21,CUST_1145,normal,BEN_4432,1883.96,BHIM,@okaxis,Peer_to_Peer,Ahmedabad,DEV_2051,Android,0,1,5,1158.44,1.63,0,0,0
TX_UPI_104957,2026-08-01 07:53:34,7,CUST_1069,normal,BEN_1640,1892.29,BHIM,@paytm,Peer_to_Peer,Chennai,DEV_1947,iOS,0,1,4,1316.3,1.44,0,0,0
TX_UPI_104958,2026-08-07 17:28:30,17,CUST_1092,normal,BEN_2980,1691.28,PhonePe,@okaxis,Peer_to_Peer,Mumbai,DEV_2393,iOS,0,1,3,1295.0,1.31,0,0,0
TX_UPI_104959,2026-08-09 02:37:41,2,CUST_1341,normal,BEN_5559,1273.18,PhonePe,@sbi,Utilities,Hyderabad,DEV_1703,Android,1,1,3,965.71,1.32,0,0,0
TX_UPI_104960,2026-08-01 00:57:51,0,CUST_1287,normal,BEN_1520,1332.82,BHIM,@upi,Travel,Bengaluru,DEV_2718,Android,0,1,5,1293.35,1.03,0,0,0
TX_UPI_104961,2026-08-01 19:49:25,19,CUST_1811,normal,BEN_6703,1482.72,BHIM,@okaxis,Grocery,Hyderabad,DEV_2175,Android,0,1,5,1385.21,1.07,0,0,0
TX_UPI_104962,2026-08-01 05:02:53,5,CUST_1686,normal,BEN_3974,1080.03,GPay,@icici,Utilities,Bengaluru,DEV_2145,iOS,0,1,1,1392.27,0.78,0,0,0
TX_UPI_104963,2026-08-01 21:47:17,21,CUST_1181,normal,BEN_6411,776.18,Paytm,@okaxis,Grocery,Pune,DEV_2552,Android,0,1,2,648.91,1.2,0,0,0
TX_UPI_104964,2026-08-01 18:27:34,18,CUST_1335,normal,BEN_6344,1657.03,iMobile,@ybl,Peer_to_Peer,Bengaluru,DEV_1165,Android,0,1,1,899.94,1.84,0,0,0
TX_UPI_104965,2026-08-01 13:08:26,13,CUST_1699,normal,BEN_5142,1670.59,BHIM,@okaxis,Peer_to_Peer,Hyderabad,DEV_2672,Android,0,1,5,923.59,1.81,0,0,0
TX_UPI_104966,2026-08-10 00:18:10,0,CUST_1472,normal,BEN_5506,1092.68,Paytm,@upi,Travel,Pune,DEV_1044,Android,0,1,2,948.38,1.15,0,0,0
TX_UPI_104967,2026-08-04 07:21:59,7,CUST_1762,normal,BEN_5787,1412.97,GPay,@ybl,Travel,Ahmedabad,DEV_1536,iOS,1,1,2,1021.39,1.38,0,0,0
TX_UPI_104968,2026-08-05 09:09:15,9,CUST_1159,normal,BEN_6092,28.23,iMobile,@ybl,Grocery,Chennai,DEV_1594,iOS,0,1,6,1202.42,0.02,0,0,0
TX_UPI_104969,2026-08-03 20:27:50,20,CUST_1770,normal,BEN_3582,1834.32,BHIM,@sbi,Utilities,Hyderabad,DEV_1719,Android,0,1,6,881.95,2.08,0,0,0
TX_UPI_104970,2026-08-03 14:12:12,14,CUST_1011,normal,BEN_1638,913.28,Paytm,@upi,Utilities,Bengaluru,DEV_1220,Android,0,1,1,1833.7,0.5,0,0,0
TX_UPI_104971,2026-08-06 02:27:35,2,CUST_1480,normal,BEN_2021,1080.33,iMobile,@sbi,Utilities,Mumbai,DEV_2520,Android,0,1,6,782.84,1.38,0,0,0
TX_UPI_104972,2026-08-02 10:08:05,10,CUST_1078,normal,BEN_6987,1997.11,GPay,@icici,Utilities,Mumbai,DEV_2357,Android,0,1,7,1065.53,1.87,0,0,0
TX_UPI_104973,2026-08-08 22:04:40,22,CUST_1064,normal,BEN_1172,391.29,PhonePe,@icici,Peer_to_Peer,Bengaluru,DEV_2683,iOS,0,1,3,545.58,0.72,0,0,0
TX_UPI_104974,2026-08-09 01:22:19,1,CUST_1749,normal,BEN_2935,1169.69,Cred,@sbi,Peer_to_Peer,Bengaluru,DEV_1544,Android,0,1,5,1071.42,1.09,0,0,0
TX_UPI_104975,2026-08-07 13:58:06,13,CUST_1254,normal,BEN_5298,972.69,Paytm,@icici,Peer_to_Peer,Mumbai,DEV_2111,iOS,0,1,5,1224.97,0.79,0,0,0
TX_UPI_104976,2026-08-06 13:11:30,13,CUST_1417,normal,BEN_3324,10.0,Cred,@upi,Peer_to_Peer,Mumbai,DEV_1572,Android,0,1,4,1664.64,0.01,0,0,0
TX_UPI_104977,2026-08-04 07:37:02,7,CUST_1028,normal,BEN_2189,131.99,iMobile,@sbi,Utilities,Delhi_NCR,DEV_1059,iOS,0,1,3,1546.02,0.09,0,0,0
TX_UPI_104978,2026-08-02 20:33:00,20,CUST_1655,normal,BEN_4798,2083.34,Paytm,@icici,Peer_to_Peer,Mumbai,DEV_1616,Android,0,1,2,1129.47,1.84,0,0,0
TX_UPI_104979,2026-08-09 04:03:47,4,CUST_1621,normal,BEN_5173,1198.31,GPay,@paytm,Grocery,Kolkata,DEV_2565,iOS,0,1,2,1062.18,1.13,0,0,0
TX_UPI_104980,2026-08-04 06:59:10,6,CUST_1551,normal,BEN_4451,976.03,Paytm,@paytm,Utilities,Pune,DEV_1494,iOS,0,1,4,900.39,1.08,0,0,0
TX_UPI_104981,2026-08-03 07:21:31,7,CUST_1223,normal,BEN_6484,178.71,Paytm,@paytm,Peer_to_Peer,Ahmedabad,DEV_2037,Android,0,1,3,1491.63,0.12,0,0,0
TX_UPI_104982,2026-08-02 01:18:17,1,CUST_1720,normal,BEN_5255,1265.76,Paytm,@paytm,Travel,Kolkata,DEV_1764,iOS,0,1,3,1260.98,1.0,0,0,0
TX_UPI_104983,2026-08-01 14:18:43,14,CUST_1494,normal,BEN_1116,1073.34,GPay,@upi,Peer_to_Peer,Bengaluru,DEV_1525,Android,0,1,7,1079.06,0.99,0,0,0
TX_UPI_104984,2026-08-05 06:09:57,6,CUST_1533,normal,BEN_5810,1760.4,Paytm,@paytm,Travel,Delhi_NCR,DEV_2819,Android,0,1,2,1200.74,1.47,1,0,0
TX_UPI_104985,2026-08-01 05:24:42,5,CUST_1821,normal,BEN_1543,1420.07,iMobile,@paytm,Peer_to_Peer,Pune,DEV_2474,iOS,0,1,3,959.58,1.48,0,0,0
TX_UPI_104986,2026-08-02 13:51:36,13,CUST_1442,normal,BEN_1297,689.58,iMobile,@ybl,Utilities,Kolkata,DEV_2301,Android,0,1,4,1230.95,0.56,0,0,0
TX_UPI_104987,2026-08-01 13:46:12,13,CUST_1226,normal,BEN_3252,1098.27,BHIM,@paytm,Grocery,Mumbai,DEV_1959,iOS,0,1,4,1070.9,1.03,0,0,0
TX_UPI_104988,2026-08-09 06:39:54,6,CUST_1467,normal,BEN_1243,1278.82,GPay,@paytm,Travel,Chennai,DEV_2616,iOS,0,1,3,1084.31,1.18,0,0,0
TX_UPI_104989,2026-08-03 18:13:11,18,CUST_1764,normal,BEN_3365,3358.43,GPay,@upi,Travel,Delhi_NCR,DEV_2432,iOS,0,1,4,1234.87,2.72,0,0,0
TX_UPI_104990,2026-08-04 02:57:05,2,CUST_1020,normal,BEN_3717,1550.42,PhonePe,@upi,Utilities,Bengaluru,DEV_1250,Android,0,1,3,1390.56,1.11,0,0,0
TX_UPI_104991,2026-08-03 12:35:36,12,CUST_1085,normal,BEN_5213,967.07,GPay,@upi,Travel,Chennai,DEV_1970,iOS,0,1,6,999.79,0.97,0,1,0
TX_UPI_104992,2026-08-10 02:21:56,2,CUST_1713,normal,BEN_5183,432.02,GPay,@okaxis,Grocery,Kolkata,DEV_2791,iOS,0,1,4,814.88,0.53,0,0,0
TX_UPI_104993,2026-08-07 14:57:09,14,CUST_1094,normal,BEN_3098,1628.51,Paytm,@icici,Utilities,Ahmedabad,DEV_2480,iOS,0,1,1,1003.44,1.62,0,0,0
TX_UPI_104994,2026-08-08 20:22:25,20,CUST_1364,normal,BEN_3216,54.62,iMobile,@okaxis,Peer_to_Peer,Hyderabad,DEV_2208,Android,0,1,9,683.05,0.08,0,0,0
TX_UPI_104995,2026-08-04 06:40:15,6,CUST_1214,normal,BEN_4659,1207.85,Cred,@paytm,Utilities,Kolkata,DEV_1760,Android,0,1,6,1328.73,0.91,0,0,0
TX_UPI_104996,2026-08-04 09:34:44,9,CUST_1483,normal,BEN_1909,1881.07,PhonePe,@upi,Travel,Pune,DEV_1943,iOS,0,1,3,1404.26,1.34,0,0,0
TX_UPI_104997,2026-08-10 00:43:36,0,CUST_1466,normal,BEN_1607,1930.71,Cred,@ybl,Utilities,Bengaluru,DEV_1905,Android,0,1,4,1137.74,1.7,0,0,0
TX_UPI_104998,2026-08-05 00:34:18,0,CUST_1363,normal,BEN_5825,956.86,Paytm,@ybl,Travel,Hyderabad,DEV_1502,iOS,0,1,2,1376.92,0.69,0,0,0
TX_UPI_104999,2026-08-04 00:57:32,0,CUST_1717,normal,BEN_4234,2249.77,Paytm,@icici,Grocery,Kolkata,DEV_1443,Android,0,1,2,1043.09,2.16,0,0,0
